,time,ctwl/nm,thresh/dBm,reflection/%
0,2022-07-28 12:56:22,1535.896,-33.919,
1,2022-07-28 12:57:53,1535.908,-33.919,
2,2022-07-28 12:59:24,1535.872,-33.92,
3,2022-07-28 13:00:54,1535.9,-33.918,
4,2022-07-28 13:02:25,1535.892,-33.919,
5,2022-07-28 13:03:55,1535.876,-33.92,
6,2022-07-28 13:06:54,1535.884,-33.926,
7,2022-07-28 13:08:09,1535.9,-33.927,
8,2022-07-28 13:09:15,1535.876,-33.929,
9,2022-07-28 13:10:22,1535.9,-33.929,
10,2022-07-28 13:11:28,1535.896,-33.952,
11,2022-07-28 13:12:35,1535.908,-33.955,
12,2022-07-28 13:13:41,1535.892,-33.956,
13,2022-07-28 13:14:48,1535.944,-33.959,
14,2022-07-28 13:15:54,1536.716,-33.961,
15,2022-07-28 13:17:01,1537.752,-33.857,
16,2022-07-28 13:18:09,1538.612,-33.696,
17,2022-07-28 13:19:15,1539.616,-33.489,
18,2022-07-28 13:20:22,1540.732,-33.331,
19,2022-07-28 13:21:28,1542.008,-33.35,
20,2022-07-28 13:22:35,1543.58,-33.669,
21,2022-07-28 13:23:41,1544.932,-34.049,
22,2022-07-28 13:24:48,1546.24,-34.268,
23,2022-07-28 13:25:54,1546.988,-34.497,
24,2022-07-28 13:27:01,1547.424,-34.783,
25,2022-07-28 13:28:09,1547.744,-35.133,
26,2022-07-28 13:29:15,1547.988,-35.57,
27,2022-07-28 13:30:22,1548.188,-36.098,
28,2022-07-28 13:31:28,1548.348,-36.713,
29,2022-07-28 13:32:35,1548.488,-37.41,
30,2022-07-28 13:33:41,1548.616,-38.193,
31,2022-07-28 13:34:48,1548.74,-39.063,
32,2022-07-28 13:35:55,1548.852,-40.013,
33,2022-07-28 13:37:01,1548.96,-41.07,
34,2022-07-28 13:38:09,1549.06,-42.278,
35,2022-07-28 13:39:15,1549.156,-43.604,
36,2022-07-28 13:40:22,1549.248,-45.111,
37,2022-07-28 13:41:29,1549.336,-46.864,
38,2022-07-28 13:42:35,1549.42,-48.964,
39,2022-07-28 13:43:42,1549.496,-51.606,
40,2022-07-28 13:44:48,1549.572,-55.193,
41,2022-07-28 13:45:55,1549.64,-60.945,
42,2022-07-28 13:47:01,1535.076,-69.489,
43,2022-07-28 13:48:09,1549.804,-62.017,
44,2022-07-28 13:49:16,1549.852,-56.414,
45,2022-07-28 13:50:22,1549.908,-53.106,
46,2022-07-28 13:50:58,1549.936,-51.801,
47,2022-07-28 13:52:05,1549.988,-49.82,
48,2022-07-28 13:53:12,1550.04,-48.3,
49,2022-07-28 13:54:19,1550.088,-47.071,
50,2022-07-28 13:55:26,1550.132,-46.048,
51,2022-07-28 13:56:33,1550.176,-45.178,
52,2022-07-28 13:57:40,1550.216,-44.449,
53,2022-07-28 13:58:47,1550.252,-43.804,
54,2022-07-28 13:59:54,1550.288,-43.248,
55,2022-07-28 14:01:01,1550.324,-42.763,
56,2022-07-28 14:01:57,1550.348,-42.404,
57,2022-07-28 14:03:05,1550.38,-42.013,
58,2022-07-28 14:04:13,1550.412,-41.674,
59,2022-07-28 14:05:21,1550.444,-41.365,
60,2022-07-28 14:06:29,1550.472,-41.096,
61,2022-07-28 14:07:37,1550.496,-40.858,
62,2022-07-28 14:08:46,1550.52,-40.649,
63,2022-07-28 14:09:54,1550.54,-40.451,
64,2022-07-28 14:11:02,1550.56,-40.278,
65,2022-07-28 14:12:10,1550.584,-40.132,
66,2022-07-28 14:13:18,1550.6,-39.994,
67,2022-07-28 14:14:26,1550.624,-39.872,
68,2022-07-28 14:15:35,1550.648,-39.761,
69,2022-07-28 14:16:43,1550.668,-39.665,
70,2022-07-28 14:17:51,1550.684,-39.583,
71,2022-07-28 14:18:59,1550.696,-39.512,
72,2022-07-28 14:20:07,1550.712,-39.441,
73,2022-07-28 14:21:20,1550.728,-39.372,
74,2022-07-28 14:22:28,1550.744,-39.322,
75,2022-07-28 14:23:36,1550.756,-39.282,
76,2022-07-28 14:24:44,1550.772,-39.243,
77,2022-07-28 14:25:52,1550.784,-39.212,
78,2022-07-28 14:27:00,1550.804,-39.179,
79,2022-07-28 14:28:11,1550.812,-39.157,
80,2022-07-28 14:29:19,1550.824,-39.13,
81,2022-07-28 14:30:27,1550.836,-39.116,
82,2022-07-28 14:31:35,1550.848,-39.107,
83,2022-07-28 14:32:44,1550.86,-39.1,
84,2022-07-28 14:33:52,1550.872,-39.096,
85,2022-07-28 14:35:00,1550.884,-39.086,
86,2022-07-28 14:36:08,1550.896,-39.086,
87,2022-07-28 14:37:16,1550.908,-39.091,
88,2022-07-28 14:38:25,1550.912,-39.095,
89,2022-07-28 14:39:33,1550.924,-39.096,
90,2022-07-28 14:40:41,1550.932,-39.105,
91,2022-07-28 14:41:49,1550.944,-39.118,
92,2022-07-28 14:42:57,1550.952,-39.128,
93,2022-07-28 14:44:06,1550.964,-39.139,
94,2022-07-28 14:45:14,1550.972,-39.157,
95,2022-07-28 14:46:22,1550.984,-39.174,
96,2022-07-28 14:47:30,1550.992,-39.184,
97,2022-07-28 14:48:39,1550.996,-39.204,
98,2022-07-28 14:49:47,1551.004,-39.219,
99,2022-07-28 14:50:55,1551.012,-39.234,
100,2022-07-28 14:52:03,1551.02,-39.254,
101,2022-07-28 14:53:11,1551.028,-39.273,
102,2022-07-28 14:54:20,1551.036,-39.292,
103,2022-07-28 14:55:28,1551.044,-39.316,
104,2022-07-28 14:56:36,1551.052,-39.341,
105,2022-07-28 14:57:44,1551.06,-39.36,
106,2022-07-28 14:58:53,1551.06,-39.385,
107,2022-07-28 15:00:01,1551.068,-39.406,
108,2022-07-28 15:01:09,1551.076,-39.419,
109,2022-07-28 15:02:17,1551.084,-39.439,
110,2022-07-28 15:03:25,1551.092,-39.466,
111,2022-07-28 15:04:34,1551.096,-39.492,
112,2022-07-28 15:05:42,1551.104,-39.516,
113,2022-07-28 15:06:50,1551.112,-39.539,
114,2022-07-28 15:07:58,1551.116,-39.563,
115,2022-07-28 15:09:07,1551.124,-39.593,
116,2022-07-28 15:10:15,1551.128,-39.612,
117,2022-07-28 15:11:23,1551.136,-39.639,
118,2022-07-28 15:12:31,1551.144,-39.664,
119,2022-07-28 15:13:40,1551.148,-39.69,
120,2022-07-28 15:14:48,1551.156,-39.712,
121,2022-07-28 15:15:56,1551.16,-39.731,
122,2022-07-28 15:17:04,1551.168,-39.756,
123,2022-07-28 15:18:15,1551.168,-39.783,
124,2022-07-28 15:19:27,1551.172,-39.807,
125,2022-07-28 15:20:35,1551.176,-39.831,
126,2022-07-28 15:21:47,1551.18,-39.854,
127,2022-07-28 15:22:55,1551.188,-39.877,
128,2022-07-28 15:24:03,1551.192,-39.899,
129,2022-07-28 15:25:12,1551.196,-39.924,
130,2022-07-28 15:26:20,1551.2,-39.944,
131,2022-07-28 15:27:28,1551.204,-39.97,
132,2022-07-28 15:28:36,1551.204,-39.993,
133,2022-07-28 15:29:45,1551.208,-40.013,
134,2022-07-28 15:30:53,1551.212,-40.033,
135,2022-07-28 15:32:01,1551.216,-40.054,
136,2022-07-28 15:33:09,1551.22,-40.075,
137,2022-07-28 15:34:18,1551.224,-40.101,
138,2022-07-28 15:35:26,1551.228,-40.122,
139,2022-07-28 15:36:34,1551.228,-40.143,
140,2022-07-28 15:37:42,1551.232,-40.161,
141,2022-07-28 15:38:51,1551.232,-40.188,
142,2022-07-28 15:39:59,1551.236,-40.21,
143,2022-07-28 15:41:07,1551.236,-40.229,
144,2022-07-28 15:42:16,1551.24,-40.245,
145,2022-07-28 15:43:24,1551.24,-40.268,
146,2022-07-28 15:44:32,1551.244,-40.289,
147,2022-07-28 15:45:40,1551.248,-40.311,
148,2022-07-28 15:46:49,1551.252,-40.33,
149,2022-07-28 15:47:57,1551.252,-40.346,
150,2022-07-28 15:49:05,1551.252,-40.368,
151,2022-07-28 15:50:14,1551.252,-40.388,
152,2022-07-28 15:51:22,1551.256,-40.406,
153,2022-07-28 15:52:30,1551.256,-40.43,
154,2022-07-28 15:53:38,1551.26,-40.448,
155,2022-07-28 15:54:47,1551.264,-40.461,
156,2022-07-28 15:55:55,1551.268,-40.483,
157,2022-07-28 15:57:03,1551.268,-40.498,
158,2022-07-28 15:58:16,1551.272,-40.513,
159,2022-07-28 15:59:24,1551.272,-40.533,
160,2022-07-28 16:00:32,1551.272,-40.547,
161,2022-07-28 16:01:40,1551.276,-40.565,
162,2022-07-28 16:02:49,1551.276,-40.579,
163,2022-07-28 16:04:01,1551.28,-40.598,
164,2022-07-28 16:05:09,1551.284,-40.607,
165,2022-07-28 16:06:17,1551.288,-40.627,
166,2022-07-28 16:07:25,1551.292,-40.646,
167,2022-07-28 16:08:34,1551.288,-40.662,
168,2022-07-28 16:09:42,1551.288,-40.677,
169,2022-07-28 16:10:51,1551.292,-40.693,
170,2022-07-28 16:11:59,1551.296,-40.711,
171,2022-07-28 16:13:11,1551.296,-40.725,
172,2022-07-28 16:14:19,1551.3,-40.739,
173,2022-07-28 16:15:27,1551.304,-40.757,
174,2022-07-28 16:16:36,1551.304,-40.773,
175,2022-07-28 16:17:44,1551.308,-40.785,
176,2022-07-28 16:18:52,1551.308,-40.798,
177,2022-07-28 16:20:01,1551.308,-40.821,
178,2022-07-28 16:21:09,1551.308,-40.834,
179,2022-07-28 16:22:17,1551.312,-40.848,
180,2022-07-28 16:23:26,1551.312,-40.864,
181,2022-07-28 16:24:34,1551.316,-40.878,
182,2022-07-28 16:25:42,1551.32,-40.893,
183,2022-07-28 16:26:51,1551.32,-40.906,
184,2022-07-28 16:27:59,1551.324,-40.923,
185,2022-07-28 16:29:07,1551.32,-40.94,
186,2022-07-28 16:30:16,1551.324,-40.953,
187,2022-07-28 16:31:24,1551.324,-40.964,
188,2022-07-28 16:32:32,1551.328,-40.98,
189,2022-07-28 16:33:41,1551.328,-40.996,
190,2022-07-28 16:34:49,1551.332,-41.006,
191,2022-07-28 16:36:01,1551.336,-41.017,
192,2022-07-28 16:37:09,1551.336,-41.035,
193,2022-07-28 16:38:18,1551.332,-41.047,
194,2022-07-28 16:39:26,1551.336,-41.06,
195,2022-07-28 16:40:35,1551.34,-41.072,
196,2022-07-28 16:41:43,1551.34,-41.085,
197,2022-07-28 16:42:51,1551.34,-41.097,
198,2022-07-28 16:44:00,1551.344,-41.103,
199,2022-07-28 16:45:08,1551.348,-41.124,
200,2022-07-28 16:46:16,1551.352,-41.134,
201,2022-07-28 16:47:24,1551.352,-41.143,
202,2022-07-28 16:48:33,1551.348,-41.158,
203,2022-07-28 16:49:41,1551.352,-41.174,
204,2022-07-28 16:50:50,1551.352,-41.182,
205,2022-07-28 16:51:58,1551.356,-41.194,
206,2022-07-28 16:53:06,1551.356,-41.203,
207,2022-07-28 16:54:15,1551.36,-41.217,
208,2022-07-28 16:55:23,1551.36,-41.224,
209,2022-07-28 16:56:31,1551.364,-41.238,
210,2022-07-28 16:57:40,1551.364,-41.246,
211,2022-07-28 16:58:48,1551.364,-41.258,
212,2022-07-28 16:59:56,1551.364,-41.271,
213,2022-07-28 17:01:05,1551.364,-41.282,
214,2022-07-28 17:02:13,1551.368,-41.296,
215,2022-07-28 17:03:21,1551.368,-41.305,
216,2022-07-28 17:04:30,1551.372,-41.311,
217,2022-07-28 17:05:38,1551.372,-41.327,
218,2022-07-28 17:06:46,1551.376,-41.33,
219,2022-07-28 17:07:55,1551.376,-41.348,
220,2022-07-28 17:09:03,1551.376,-41.355,
221,2022-07-28 17:10:12,1551.376,-41.366,
222,2022-07-28 17:11:20,1551.376,-41.378,
223,2022-07-28 17:12:28,1551.376,-41.392,
224,2022-07-28 17:13:37,1551.38,-41.397,
225,2022-07-28 17:14:45,1551.384,-41.411,
226,2022-07-28 17:15:53,1551.384,-41.414,
227,2022-07-28 17:17:02,1551.384,-41.431,
228,2022-07-28 17:18:16,1551.384,-41.443,
229,2022-07-28 17:19:25,1551.388,-41.454,
230,2022-07-28 17:20:33,1551.388,-41.46,
231,2022-07-28 17:21:41,1551.388,-41.477,
232,2022-07-28 17:22:50,1551.392,-41.478,
233,2022-07-28 17:23:58,1551.396,-41.497,
234,2022-07-28 17:25:06,1551.396,-41.506,
235,2022-07-28 17:26:15,1551.396,-41.511,
236,2022-07-28 17:27:23,1551.396,-41.528,
237,2022-07-28 17:28:32,1551.396,-41.537,
238,2022-07-28 17:29:40,1551.396,-41.545,
239,2022-07-28 17:30:48,1551.396,-41.553,
240,2022-07-28 17:31:57,1551.4,-41.564,
241,2022-07-28 17:33:05,1551.4,-41.572,
242,2022-07-28 17:34:14,1551.404,-41.583,
243,2022-07-28 17:35:22,1551.404,-41.592,
244,2022-07-28 17:36:30,1551.404,-41.601,
245,2022-07-28 17:37:39,1551.408,-41.611,
246,2022-07-28 17:38:47,1551.404,-41.621,
247,2022-07-28 17:39:59,1551.404,-41.628,
248,2022-07-28 17:41:07,1551.408,-41.637,
249,2022-07-28 17:42:16,1551.408,-41.645,
250,2022-07-28 17:43:24,1551.408,-41.655,
251,2022-07-28 17:44:33,1551.408,-41.667,
252,2022-07-28 17:45:41,1551.412,-41.673,
253,2022-07-28 17:46:49,1551.412,-41.69,
254,2022-07-28 17:47:58,1551.416,-41.694,
255,2022-07-28 17:49:06,1551.412,-41.702,
256,2022-07-28 17:50:15,1551.412,-41.712,
257,2022-07-28 17:51:23,1551.412,-41.722,
258,2022-07-28 17:52:31,1551.416,-41.728,
259,2022-07-28 17:53:43,1551.416,-41.742,
260,2022-07-28 17:54:51,1551.42,-41.742,
261,2022-07-28 17:56:00,1551.42,-41.755,
262,2022-07-28 17:57:08,1551.424,-41.765,
263,2022-07-28 17:58:20,1551.424,-41.778,
264,2022-07-28 17:59:28,1551.424,-41.784,
265,2022-07-28 18:00:37,1551.424,-41.786,
266,2022-07-28 18:01:49,1551.424,-41.802,
267,2022-07-28 18:02:57,1551.424,-41.811,
268,2022-07-28 18:04:05,1551.428,-41.814,
269,2022-07-28 18:05:14,1551.428,-41.827,
270,2022-07-28 18:06:22,1551.428,-41.833,
271,2022-07-28 18:07:31,1551.432,-41.837,
272,2022-07-28 18:08:39,1551.428,-41.855,
273,2022-07-28 18:09:48,1551.428,-41.864,
274,2022-07-28 18:10:56,1551.432,-41.869,
275,2022-07-28 18:12:04,1551.432,-41.874,
276,2022-07-28 18:13:13,1551.432,-41.884,
277,2022-07-28 18:14:21,1551.436,-41.892,
278,2022-07-28 18:15:30,1551.436,-41.897,
279,2022-07-28 18:16:41,1551.44,-41.909,
280,2022-07-28 18:17:50,1551.44,-41.913,
281,2022-07-28 18:18:58,1551.44,-41.924,
282,2022-07-28 18:20:07,1551.436,-41.929,
283,2022-07-28 18:21:19,1551.44,-41.941,
284,2022-07-28 18:22:27,1551.44,-41.947,
285,2022-07-28 18:23:36,1551.44,-41.955,
286,2022-07-28 18:24:44,1551.444,-41.958,
287,2022-07-28 18:25:52,1551.444,-41.969,
288,2022-07-28 18:27:01,1551.444,-41.977,
289,2022-07-28 18:28:17,1551.444,-41.982,
290,2022-07-28 18:29:25,1551.444,-41.992,
291,2022-07-28 18:30:37,1551.448,-41.999,
292,2022-07-28 18:31:46,1551.448,-42.003,
293,2022-07-28 18:32:54,1551.448,-42.012,
294,2022-07-28 18:34:03,1551.448,-42.016,
295,2022-07-28 18:35:15,1551.448,-42.026,
296,2022-07-28 18:36:23,1551.452,-42.034,
297,2022-07-28 18:37:32,1551.452,-42.037,
298,2022-07-28 18:38:40,1551.448,-42.051,
299,2022-07-28 18:39:49,1551.452,-42.051,
300,2022-07-28 18:40:57,1551.448,-42.062,
301,2022-07-28 18:42:05,1551.452,-42.067,
302,2022-07-28 18:43:14,1551.452,-42.07,
303,2022-07-28 18:44:22,1551.452,-42.086,
304,2022-07-28 18:45:31,1551.456,-42.084,
305,2022-07-28 18:46:39,1551.456,-42.092,
306,2022-07-28 18:47:48,1551.456,-42.095,
307,2022-07-28 18:48:56,1551.452,-42.106,
308,2022-07-28 18:50:05,1551.452,-42.115,
309,2022-07-28 18:51:13,1551.456,-42.12,
310,2022-07-28 18:52:22,1551.46,-42.129,
311,2022-07-28 18:53:34,1551.46,-42.137,
312,2022-07-28 18:54:42,1551.46,-42.14,
313,2022-07-28 18:55:51,1551.46,-42.151,
314,2022-07-28 18:56:59,1551.464,-42.15,
315,2022-07-28 18:58:17,1551.46,-42.16,
316,2022-07-28 18:59:25,1551.46,-42.166,
317,2022-07-28 19:00:34,1551.464,-42.171,
318,2022-07-28 19:01:43,1551.464,-42.18,
319,2022-07-28 19:02:51,1551.464,-42.184,
320,2022-07-28 19:03:59,1551.464,-42.194,
321,2022-07-28 19:05:08,1551.468,-42.2,
322,2022-07-28 19:06:16,1551.468,-42.202,
323,2022-07-28 19:07:25,1551.468,-42.211,
324,2022-07-28 19:08:33,1551.468,-42.221,
325,2022-07-28 19:09:42,1551.468,-42.229,
326,2022-07-28 19:10:50,1551.472,-42.234,
327,2022-07-28 19:11:59,1551.472,-42.243,
328,2022-07-28 19:13:07,1551.472,-42.248,
329,2022-07-28 19:14:16,1551.472,-42.255,
330,2022-07-28 19:15:24,1551.472,-42.257,
331,2022-07-28 19:16:33,1551.476,-42.263,
332,2022-07-28 19:17:41,1551.476,-42.269,
333,2022-07-28 19:18:50,1551.472,-42.276,
334,2022-07-28 19:19:58,1551.472,-42.277,
335,2022-07-28 19:21:07,1551.472,-42.287,
336,2022-07-28 19:22:15,1551.476,-42.295,
337,2022-07-28 19:23:24,1551.476,-42.297,
338,2022-07-28 19:24:32,1551.476,-42.305,
339,2022-07-28 19:25:41,1551.476,-42.311,
340,2022-07-28 19:26:49,1551.476,-42.316,
341,2022-07-28 19:27:58,1551.48,-42.32,
342,2022-07-28 19:29:06,1551.476,-42.331,
343,2022-07-28 19:30:15,1551.476,-42.334,
344,2022-07-28 19:31:23,1551.476,-42.34,
345,2022-07-28 19:32:32,1551.48,-42.349,
346,2022-07-28 19:33:40,1551.48,-42.35,
347,2022-07-28 19:34:49,1551.484,-42.354,
348,2022-07-28 19:35:57,1551.484,-42.357,
349,2022-07-28 19:37:06,1551.484,-42.368,
350,2022-07-28 19:38:17,1551.48,-42.372,
351,2022-07-28 19:39:26,1551.48,-42.375,
352,2022-07-28 19:40:34,1551.484,-42.383,
353,2022-07-28 19:41:43,1551.484,-42.393,
354,2022-07-28 19:42:51,1551.484,-42.398,
355,2022-07-28 19:44:00,1551.488,-42.403,
356,2022-07-28 19:45:08,1551.488,-42.408,
357,2022-07-28 19:46:17,1551.488,-42.41,
358,2022-07-28 19:47:25,1551.492,-42.42,
359,2022-07-28 19:48:34,1551.488,-42.419,
360,2022-07-28 19:49:42,1551.488,-42.423,
361,2022-07-28 19:50:51,1551.488,-42.428,
362,2022-07-28 19:51:59,1551.488,-42.439,
363,2022-07-28 19:53:08,1551.488,-42.441,
364,2022-07-28 19:54:16,1551.488,-42.445,
365,2022-07-28 19:55:25,1551.488,-42.453,
366,2022-07-28 19:56:33,1551.492,-42.456,
367,2022-07-28 19:57:42,1551.492,-42.459,
368,2022-07-28 19:58:51,1551.488,-42.464,
369,2022-07-28 19:59:59,1551.492,-42.473,
370,2022-07-28 20:01:08,1551.492,-42.477,
371,2022-07-28 20:02:16,1551.492,-42.478,
372,2022-07-28 20:03:25,1551.492,-42.486,
373,2022-07-28 20:04:33,1551.496,-42.491,
374,2022-07-28 20:05:42,1551.496,-42.488,
375,2022-07-28 20:06:53,1551.496,-42.496,
376,2022-07-28 20:08:02,1551.496,-42.501,
377,2022-07-28 20:09:11,1551.496,-42.512,
378,2022-07-28 20:10:19,1551.496,-42.509,
379,2022-07-28 20:11:31,1551.5,-42.517,
380,2022-07-28 20:12:40,1551.5,-42.522,
381,2022-07-28 20:13:48,1551.5,-42.527,
382,2022-07-28 20:14:57,1551.5,-42.538,
383,2022-07-28 20:16:08,1551.5,-42.542,
384,2022-07-28 20:17:17,1551.504,-42.548,
385,2022-07-28 20:18:26,1551.5,-42.554,
386,2022-07-28 20:19:37,1551.5,-42.556,
387,2022-07-28 20:20:46,1551.5,-42.565,
388,2022-07-28 20:21:54,1551.5,-42.573,
389,2022-07-28 20:23:03,1551.504,-42.569,
390,2022-07-28 20:24:12,1551.504,-42.578,
391,2022-07-28 20:25:20,1551.504,-42.586,
392,2022-07-28 20:26:29,1551.508,-42.59,
393,2022-07-28 20:27:37,1551.508,-42.594,
394,2022-07-28 20:28:46,1551.504,-42.604,
395,2022-07-28 20:29:54,1551.504,-42.61,
396,2022-07-28 20:31:03,1551.508,-42.611,
397,2022-07-28 20:32:11,1551.508,-42.616,
398,2022-07-28 20:33:20,1551.508,-42.621,
399,2022-07-28 20:34:28,1551.508,-42.626,
400,2022-07-28 20:35:37,1551.508,-42.632,
401,2022-07-28 20:36:46,1551.512,-42.636,
402,2022-07-28 20:37:54,1551.512,-42.639,
403,2022-07-28 20:39:03,1551.508,-42.645,
404,2022-07-28 20:40:11,1551.508,-42.658,
405,2022-07-28 20:41:20,1551.512,-42.656,
406,2022-07-28 20:42:32,1551.512,-42.661,
407,2022-07-28 20:43:41,1551.512,-42.663,
408,2022-07-28 20:44:49,1551.516,-42.671,
409,2022-07-28 20:45:58,1551.516,-42.675,
410,2022-07-28 20:47:06,1551.516,-42.682,
411,2022-07-28 20:48:19,1551.512,-42.681,
412,2022-07-28 20:49:28,1551.516,-42.69,
413,2022-07-28 20:50:36,1551.516,-42.687,
414,2022-07-28 20:51:45,1551.516,-42.694,
415,2022-07-28 20:52:54,1551.516,-42.696,
416,2022-07-28 20:54:02,1551.52,-42.706,
417,2022-07-28 20:55:11,1551.52,-42.707,
418,2022-07-28 20:56:20,1551.52,-42.714,
419,2022-07-28 20:57:28,1551.52,-42.715,
420,2022-07-28 20:58:37,1551.516,-42.721,
421,2022-07-28 20:59:45,1551.52,-42.723,
422,2022-07-28 21:00:54,1551.52,-42.734,
423,2022-07-28 21:02:06,1551.52,-42.737,
424,2022-07-28 21:03:15,1551.524,-42.74,
425,2022-07-28 21:04:24,1551.524,-42.742,
426,2022-07-28 21:05:32,1551.524,-42.753,
427,2022-07-28 21:06:41,1551.524,-42.756,
428,2022-07-28 21:07:49,1551.524,-42.756,
429,2022-07-28 21:08:58,1551.524,-42.765,
430,2022-07-28 21:10:07,1551.524,-42.766,
431,2022-07-28 21:11:15,1551.524,-42.767,
432,2022-07-28 21:12:24,1551.524,-42.773,
433,2022-07-28 21:13:32,1551.528,-42.785,
434,2022-07-28 21:14:41,1551.528,-42.783,
435,2022-07-28 21:15:49,1551.528,-42.789,
436,2022-07-28 21:16:58,1551.528,-42.792,
437,2022-07-28 21:18:07,1551.528,-42.8,
438,2022-07-28 21:19:16,1551.528,-42.804,
439,2022-07-28 21:20:24,1551.528,-42.804,
440,2022-07-28 21:21:33,1551.532,-42.811,
441,2022-07-28 21:22:41,1551.532,-42.815,
442,2022-07-28 21:23:50,1551.532,-42.818,
443,2022-07-28 21:24:59,1551.532,-42.815,
444,2022-07-28 21:26:07,1551.532,-42.822,
445,2022-07-28 21:27:16,1551.536,-42.829,
446,2022-07-28 21:28:25,1551.532,-42.828,
447,2022-07-28 21:29:33,1551.532,-42.834,
448,2022-07-28 21:30:42,1551.532,-42.832,
449,2022-07-28 21:31:50,1551.532,-42.844,
450,2022-07-28 21:32:59,1551.536,-42.848,
451,2022-07-28 21:34:08,1551.536,-42.85,
452,2022-07-28 21:35:16,1551.536,-42.857,
453,2022-07-28 21:36:25,1551.54,-42.862,
454,2022-07-28 21:37:34,1551.54,-42.859,
455,2022-07-28 21:38:42,1551.536,-42.867,
456,2022-07-28 21:39:51,1551.536,-42.866,
457,2022-07-28 21:41:00,1551.536,-42.871,
458,2022-07-28 21:42:12,1551.54,-42.881,
459,2022-07-28 21:43:20,1551.54,-42.875,
460,2022-07-28 21:44:29,1551.54,-42.884,
461,2022-07-28 21:45:41,1551.54,-42.888,
462,2022-07-28 21:46:49,1551.54,-42.89,
463,2022-07-28 21:47:59,1551.54,-42.898,
464,2022-07-28 21:49:11,1551.54,-42.901,
465,2022-07-28 21:50:20,1551.54,-42.907,
466,2022-07-28 21:51:28,1551.54,-42.905,
467,2022-07-28 21:52:37,1551.54,-42.914,
468,2022-07-28 21:53:45,1551.544,-42.914,
469,2022-07-28 21:54:54,1551.544,-42.919,
470,2022-07-28 21:56:03,1551.544,-42.924,
471,2022-07-28 21:57:11,1551.544,-42.928,
472,2022-07-28 21:58:24,1551.544,-42.933,
473,2022-07-28 21:59:33,1551.544,-42.934,
474,2022-07-28 22:00:41,1551.544,-42.937,
475,2022-07-28 22:01:50,1551.544,-42.944,
476,2022-07-28 22:02:59,1551.548,-42.943,
477,2022-07-28 22:04:07,1551.548,-42.945,
478,2022-07-28 22:05:16,1551.548,-42.944,
479,2022-07-28 22:06:24,1551.548,-42.958,
480,2022-07-28 22:07:33,1551.548,-42.954,
481,2022-07-28 22:08:42,1551.548,-42.969,
482,2022-07-28 22:09:51,1551.548,-42.971,
483,2022-07-28 22:11:02,1551.548,-42.964,
484,2022-07-28 22:12:11,1551.548,-42.971,
485,2022-07-28 22:13:19,1551.548,-42.977,
486,2022-07-28 22:14:28,1551.552,-42.978,
487,2022-07-28 22:15:37,1551.552,-42.987,
488,2022-07-28 22:16:48,1551.552,-42.988,
489,2022-07-28 22:17:57,1551.552,-42.992,
490,2022-07-28 22:19:06,1551.552,-42.999,
491,2022-07-28 22:20:14,1551.552,-43.0,
492,2022-07-28 22:21:23,1551.552,-43.002,
493,2022-07-28 22:22:32,1551.552,-42.999,
494,2022-07-28 22:23:40,1551.552,-43.013,
495,2022-07-28 22:24:52,1551.556,-43.015,
496,2022-07-28 22:26:01,1551.556,-43.014,
497,2022-07-28 22:27:09,1551.556,-43.02,
498,2022-07-28 22:28:24,1551.552,-43.025,
499,2022-07-28 22:29:33,1551.556,-43.023,
500,2022-07-28 22:30:45,1551.556,-43.025,
501,2022-07-28 22:31:53,1551.556,-43.035,
502,2022-07-28 22:33:02,1551.56,-43.039,
503,2022-07-28 22:34:11,1551.56,-43.043,
504,2022-07-28 22:35:19,1551.56,-43.041,
505,2022-07-28 22:36:28,1551.56,-43.045,
506,2022-07-28 22:37:37,1551.56,-43.051,
507,2022-07-28 22:38:46,1551.556,-43.06,
508,2022-07-28 22:39:57,1551.56,-43.061,
509,2022-07-28 22:41:06,1551.56,-43.053,
510,2022-07-28 22:42:15,1551.56,-43.063,
511,2022-07-28 22:43:23,1551.56,-43.065,
512,2022-07-28 22:44:35,1551.56,-43.071,
513,2022-07-28 22:45:44,1551.564,-43.073,
514,2022-07-28 22:46:53,1551.564,-43.076,
515,2022-07-28 22:48:02,1551.564,-43.079,
516,2022-07-28 22:49:11,1551.564,-43.087,
517,2022-07-28 22:50:19,1551.564,-43.091,
518,2022-07-28 22:51:28,1551.564,-43.094,
519,2022-07-28 22:52:37,1551.564,-43.094,
520,2022-07-28 22:53:49,1551.564,-43.099,
521,2022-07-28 22:54:57,1551.564,-43.099,
522,2022-07-28 22:56:06,1551.568,-43.105,
523,2022-07-28 22:57:15,1551.568,-43.103,
524,2022-07-28 22:58:27,1551.564,-43.109,
525,2022-07-28 22:59:36,1551.564,-43.113,
526,2022-07-28 23:00:44,1551.564,-43.122,
527,2022-07-28 23:01:53,1551.568,-43.119,
528,2022-07-28 23:03:05,1551.568,-43.12,
529,2022-07-28 23:04:14,1551.568,-43.126,
530,2022-07-28 23:05:23,1551.568,-43.129,
531,2022-07-28 23:06:31,1551.572,-43.131,
532,2022-07-28 23:07:40,1551.572,-43.137,
533,2022-07-28 23:08:49,1551.568,-43.142,
534,2022-07-28 23:09:58,1551.568,-43.141,
535,2022-07-28 23:11:06,1551.568,-43.143,
536,2022-07-28 23:12:15,1551.568,-43.149,
537,2022-07-28 23:13:24,1551.572,-43.151,
538,2022-07-28 23:14:32,1551.572,-43.15,
539,2022-07-28 23:15:41,1551.572,-43.155,
540,2022-07-28 23:16:50,1551.576,-43.157,
541,2022-07-28 23:18:02,1551.576,-43.159,
542,2022-07-28 23:19:11,1551.572,-43.16,
543,2022-07-28 23:20:20,1551.572,-43.167,
544,2022-07-28 23:21:28,1551.572,-43.166,
545,2022-07-28 23:22:37,1551.572,-43.169,
546,2022-07-28 23:23:46,1551.576,-43.174,
547,2022-07-28 23:24:54,1551.576,-43.173,
548,2022-07-28 23:26:03,1551.576,-43.178,
549,2022-07-28 23:27:12,1551.576,-43.179,
550,2022-07-28 23:28:25,1551.572,-43.184,
551,2022-07-28 23:29:33,1551.576,-43.189,
552,2022-07-28 23:30:42,1551.576,-43.192,
553,2022-07-28 23:31:51,1551.576,-43.193,
554,2022-07-28 23:33:00,1551.576,-43.198,
555,2022-07-28 23:34:08,1551.576,-43.201,
556,2022-07-28 23:35:17,1551.576,-43.204,
557,2022-07-28 23:36:26,1551.58,-43.205,
558,2022-07-28 23:37:34,1551.58,-43.208,
559,2022-07-28 23:38:43,1551.576,-43.218,
560,2022-07-28 23:39:52,1551.576,-43.217,
561,2022-07-28 23:41:01,1551.576,-43.221,
562,2022-07-28 23:42:09,1551.58,-43.218,
563,2022-07-28 23:43:18,1551.58,-43.223,
564,2022-07-28 23:44:27,1551.58,-43.225,
565,2022-07-28 23:45:36,1551.58,-43.235,
566,2022-07-28 23:46:44,1551.584,-43.236,
567,2022-07-28 23:47:53,1551.584,-43.232,
568,2022-07-28 23:49:02,1551.58,-43.237,
569,2022-07-28 23:50:11,1551.58,-43.24,
570,2022-07-28 23:51:19,1551.584,-43.246,
571,2022-07-28 23:52:28,1551.58,-43.246,
572,2022-07-28 23:53:37,1551.584,-43.248,
573,2022-07-28 23:54:46,1551.584,-43.25,
574,2022-07-28 23:55:54,1551.584,-43.253,
575,2022-07-28 23:57:03,1551.588,-43.258,
576,2022-07-28 23:58:12,1551.588,-43.259,
577,2022-07-28 23:59:21,1551.584,-43.255,
578,2022-07-29 00:00:30,1551.584,-43.261,
579,2022-07-29 00:01:38,1551.588,-43.269,
580,2022-07-29 00:02:47,1551.588,-43.266,
581,2022-07-29 00:03:56,1551.588,-43.27,
582,2022-07-29 00:05:08,1551.588,-43.273,
583,2022-07-29 00:06:17,1551.588,-43.278,
584,2022-07-29 00:07:26,1551.592,-43.28,
585,2022-07-29 00:08:34,1551.588,-43.282,
586,2022-07-29 00:09:43,1551.588,-43.279,
587,2022-07-29 00:10:52,1551.588,-43.284,
588,2022-07-29 00:12:01,1551.588,-43.287,
589,2022-07-29 00:13:10,1551.588,-43.294,
590,2022-07-29 00:14:18,1551.592,-43.296,
591,2022-07-29 00:15:27,1551.592,-43.295,
592,2022-07-29 00:16:36,1551.592,-43.298,
593,2022-07-29 00:17:45,1551.592,-43.307,
594,2022-07-29 00:18:54,1551.588,-43.304,
595,2022-07-29 00:20:05,1551.588,-43.31,
596,2022-07-29 00:21:14,1551.592,-43.311,
597,2022-07-29 00:22:23,1551.588,-43.307,
598,2022-07-29 00:23:31,1551.588,-43.322,
599,2022-07-29 00:24:40,1551.444,-43.31,
600,2022-07-29 00:25:52,1551.196,-43.274,
601,2022-07-29 00:27:01,1550.944,-43.248,
602,2022-07-29 00:28:09,1550.712,-43.224,
603,2022-07-29 00:29:18,1550.496,-43.209,
604,2022-07-29 00:30:30,1550.296,-43.191,
605,2022-07-29 00:31:39,1550.12,-43.184,
606,2022-07-29 00:32:48,1549.96,-43.172,
607,2022-07-29 00:33:57,1549.816,-43.176,
608,2022-07-29 00:35:08,1549.676,-43.172,
609,2022-07-29 00:36:17,1549.552,-43.179,
610,2022-07-29 00:37:26,1549.428,-43.178,
611,2022-07-29 00:38:35,1549.312,-43.185,
612,2022-07-29 00:39:47,1549.2,-43.194,
613,2022-07-29 00:40:55,1549.1,-43.199,
614,2022-07-29 00:42:04,1549.0,-43.207,
615,2022-07-29 00:43:13,1548.908,-43.214,
616,2022-07-29 00:44:22,1548.82,-43.224,
617,2022-07-29 00:45:31,1548.736,-43.232,
618,2022-07-29 00:46:39,1548.648,-43.237,
619,2022-07-29 00:47:48,1548.568,-43.244,
620,2022-07-29 00:48:57,1548.488,-43.25,
621,2022-07-29 00:50:06,1548.412,-43.259,
622,2022-07-29 00:51:15,1548.336,-43.273,
623,2022-07-29 00:52:23,1548.264,-43.284,
624,2022-07-29 00:53:32,1548.196,-43.29,
625,2022-07-29 00:54:41,1548.128,-43.298,
626,2022-07-29 00:55:50,1548.06,-43.313,
627,2022-07-29 00:56:59,1547.996,-43.314,
628,2022-07-29 00:58:11,1547.928,-43.321,
629,2022-07-29 00:59:20,1547.864,-43.328,
630,2022-07-29 01:00:28,1547.8,-43.34,
631,2022-07-29 01:01:37,1547.74,-43.338,
632,2022-07-29 01:02:49,1547.676,-43.354,
633,2022-07-29 01:03:58,1547.62,-43.362,
634,2022-07-29 01:05:07,1547.568,-43.361,
635,2022-07-29 01:06:19,1547.508,-43.376,
636,2022-07-29 01:07:28,1547.456,-43.389,
637,2022-07-29 01:08:37,1547.4,-43.396,
638,2022-07-29 01:09:46,1547.348,-43.405,
639,2022-07-29 01:10:55,1547.296,-43.406,
640,2022-07-29 01:12:03,1547.244,-43.41,
641,2022-07-29 01:13:12,1547.192,-43.415,
642,2022-07-29 01:14:21,1547.144,-43.414,
643,2022-07-29 01:15:30,1547.096,-43.428,
644,2022-07-29 01:16:42,1547.044,-43.435,
645,2022-07-29 01:17:51,1546.996,-43.432,
646,2022-07-29 01:19:00,1546.948,-43.439,
647,2022-07-29 01:20:08,1546.9,-43.437,
648,2022-07-29 01:21:17,1546.856,-43.448,
649,2022-07-29 01:22:26,1546.812,-43.448,
650,2022-07-29 01:23:35,1546.764,-43.456,
651,2022-07-29 01:24:44,1546.724,-43.459,
652,2022-07-29 01:25:53,1546.68,-43.461,
653,2022-07-29 01:27:01,1546.636,-43.461,
654,2022-07-29 01:28:10,1546.596,-43.465,
655,2022-07-29 01:29:19,1546.552,-43.468,
656,2022-07-29 01:30:28,1546.512,-43.471,
657,2022-07-29 01:31:37,1546.468,-43.473,
658,2022-07-29 01:32:46,1546.428,-43.475,
659,2022-07-29 01:33:55,1546.388,-43.479,
660,2022-07-29 01:35:03,1546.348,-43.48,
661,2022-07-29 01:36:12,1546.308,-43.481,
662,2022-07-29 01:37:21,1546.268,-43.479,
663,2022-07-29 01:38:30,1546.228,-43.484,
664,2022-07-29 01:39:39,1546.192,-43.483,
665,2022-07-29 01:40:48,1546.152,-43.479,
666,2022-07-29 01:41:57,1546.116,-43.488,
667,2022-07-29 01:43:06,1546.076,-43.487,
668,2022-07-29 01:44:14,1546.044,-43.493,
669,2022-07-29 01:45:27,1546.004,-43.482,
670,2022-07-29 01:46:35,1545.968,-43.482,
671,2022-07-29 01:47:44,1545.932,-43.489,
672,2022-07-29 01:48:53,1545.896,-43.491,
673,2022-07-29 01:50:02,1545.86,-43.499,
674,2022-07-29 01:51:11,1545.828,-43.493,
675,2022-07-29 01:52:20,1545.792,-43.485,
676,2022-07-29 01:53:29,1545.76,-43.488,
677,2022-07-29 01:54:38,1545.724,-43.481,
678,2022-07-29 01:55:47,1545.692,-43.482,
679,2022-07-29 01:56:56,1545.66,-43.486,
680,2022-07-29 01:58:04,1545.628,-43.488,
681,2022-07-29 01:59:13,1545.592,-43.481,
682,2022-07-29 02:00:22,1545.56,-43.481,
683,2022-07-29 02:01:31,1545.528,-43.475,
684,2022-07-29 02:02:40,1545.496,-43.478,
685,2022-07-29 02:03:49,1545.464,-43.48,
686,2022-07-29 02:04:58,1545.432,-43.472,
687,2022-07-29 02:06:07,1545.4,-43.477,
688,2022-07-29 02:07:15,1545.368,-43.468,
689,2022-07-29 02:08:30,1545.332,-43.467,
690,2022-07-29 02:09:39,1545.304,-43.474,
691,2022-07-29 02:10:47,1545.272,-43.468,
692,2022-07-29 02:11:56,1545.244,-43.458,
693,2022-07-29 02:13:05,1545.216,-43.463,
694,2022-07-29 02:14:17,1545.184,-43.46,
695,2022-07-29 02:15:26,1545.156,-43.458,
696,2022-07-29 02:16:35,1545.124,-43.455,
697,2022-07-29 02:17:44,1545.096,-43.455,
698,2022-07-29 02:18:53,1545.064,-43.448,
699,2022-07-29 02:20:02,1545.036,-43.451,
700,2022-07-29 02:21:11,1545.008,-43.449,
701,2022-07-29 02:22:20,1544.984,-43.442,
702,2022-07-29 02:23:32,1544.952,-43.439,
703,2022-07-29 02:24:41,1544.924,-43.443,
704,2022-07-29 02:25:50,1544.9,-43.432,
705,2022-07-29 02:27:02,1544.872,-43.429,
706,2022-07-29 02:28:11,1544.844,-43.427,
707,2022-07-29 02:29:20,1544.812,-43.431,
708,2022-07-29 02:30:29,1544.788,-43.42,
709,2022-07-29 02:31:38,1544.76,-43.413,
710,2022-07-29 02:32:47,1544.732,-43.422,
711,2022-07-29 02:33:56,1544.704,-43.406,
712,2022-07-29 02:35:07,1544.68,-43.408,
713,2022-07-29 02:36:16,1544.648,-43.402,
714,2022-07-29 02:37:25,1544.624,-43.405,
715,2022-07-29 02:38:37,1544.6,-43.395,
716,2022-07-29 02:39:46,1544.572,-43.389,
717,2022-07-29 02:40:55,1544.544,-43.394,
718,2022-07-29 02:42:04,1544.52,-43.388,
719,2022-07-29 02:43:13,1544.496,-43.381,
720,2022-07-29 02:44:24,1544.472,-43.383,
721,2022-07-29 02:45:33,1544.448,-43.378,
722,2022-07-29 02:46:42,1544.424,-43.368,
723,2022-07-29 02:47:51,1544.4,-43.361,
724,2022-07-29 02:49:03,1544.372,-43.373,
725,2022-07-29 02:50:12,1544.348,-43.364,
726,2022-07-29 02:51:21,1544.324,-43.361,
727,2022-07-29 02:52:30,1544.3,-43.363,
728,2022-07-29 02:53:42,1544.276,-43.357,
729,2022-07-29 02:54:51,1544.252,-43.357,
730,2022-07-29 02:55:59,1544.232,-43.346,
731,2022-07-29 02:57:08,1544.208,-43.346,
732,2022-07-29 02:58:20,1544.184,-43.338,
733,2022-07-29 02:59:30,1544.16,-43.333,
734,2022-07-29 03:00:39,1544.136,-43.325,
735,2022-07-29 03:01:51,1544.112,-43.325,
736,2022-07-29 03:02:59,1544.088,-43.325,
737,2022-07-29 03:04:08,1544.068,-43.316,
738,2022-07-29 03:05:17,1544.044,-43.317,
739,2022-07-29 03:06:26,1544.024,-43.31,
740,2022-07-29 03:07:38,1544.0,-43.312,
741,2022-07-29 03:08:47,1543.976,-43.308,
742,2022-07-29 03:09:56,1543.952,-43.306,
743,2022-07-29 03:11:05,1543.932,-43.299,
744,2022-07-29 03:12:17,1543.908,-43.303,
745,2022-07-29 03:13:26,1543.888,-43.299,
746,2022-07-29 03:14:35,1543.864,-43.293,
747,2022-07-29 03:15:44,1543.844,-43.283,
748,2022-07-29 03:16:56,1543.82,-43.291,
749,2022-07-29 03:18:05,1543.8,-43.28,
750,2022-07-29 03:19:14,1543.78,-43.277,
751,2022-07-29 03:20:23,1543.76,-43.274,
752,2022-07-29 03:21:32,1543.74,-43.272,
753,2022-07-29 03:22:41,1543.716,-43.28,
754,2022-07-29 03:23:50,1543.696,-43.275,
755,2022-07-29 03:24:59,1543.676,-43.266,
756,2022-07-29 03:26:08,1543.656,-43.266,
757,2022-07-29 03:27:17,1543.636,-43.264,
758,2022-07-29 03:28:26,1543.616,-43.26,
759,2022-07-29 03:29:35,1543.596,-43.253,
760,2022-07-29 03:30:44,1543.58,-43.249,
761,2022-07-29 03:31:53,1543.56,-43.248,
762,2022-07-29 03:33:02,1543.54,-43.246,
763,2022-07-29 03:34:11,1543.52,-43.246,
764,2022-07-29 03:35:20,1543.5,-43.239,
765,2022-07-29 03:36:29,1543.48,-43.231,
766,2022-07-29 03:37:38,1543.464,-43.233,
767,2022-07-29 03:38:47,1543.444,-43.232,
768,2022-07-29 03:39:56,1543.424,-43.224,
769,2022-07-29 03:41:05,1543.404,-43.223,
770,2022-07-29 03:42:14,1543.388,-43.22,
771,2022-07-29 03:43:23,1543.368,-43.215,
772,2022-07-29 03:44:32,1543.352,-43.212,
773,2022-07-29 03:45:41,1543.332,-43.209,
774,2022-07-29 03:46:50,1543.316,-43.206,
775,2022-07-29 03:47:59,1543.296,-43.205,
776,2022-07-29 03:49:08,1543.276,-43.208,
777,2022-07-29 03:50:17,1543.26,-43.2,
778,2022-07-29 03:51:26,1543.24,-43.199,
779,2022-07-29 03:52:35,1543.224,-43.187,
780,2022-07-29 03:53:44,1543.204,-43.191,
781,2022-07-29 03:54:53,1543.188,-43.186,
782,2022-07-29 03:56:02,1543.172,-43.183,
783,2022-07-29 03:57:11,1543.152,-43.18,
784,2022-07-29 03:58:20,1543.136,-43.173,
785,2022-07-29 03:59:29,1543.116,-43.176,
786,2022-07-29 04:00:38,1543.1,-43.167,
787,2022-07-29 04:01:47,1543.084,-43.169,
788,2022-07-29 04:02:56,1543.064,-43.168,
789,2022-07-29 04:04:05,1543.048,-43.164,
790,2022-07-29 04:05:14,1543.032,-43.163,
791,2022-07-29 04:06:23,1543.016,-43.158,
792,2022-07-29 04:07:32,1542.996,-43.156,
793,2022-07-29 04:08:43,1542.98,-43.159,
794,2022-07-29 04:09:52,1542.964,-43.156,
795,2022-07-29 04:11:01,1542.948,-43.143,
796,2022-07-29 04:12:10,1542.932,-43.146,
797,2022-07-29 04:13:19,1542.916,-43.144,
798,2022-07-29 04:14:32,1542.9,-43.14,
799,2022-07-29 04:15:44,1542.88,-43.144,
800,2022-07-29 04:16:53,1542.864,-43.137,
801,2022-07-29 04:18:06,1542.848,-43.125,
802,2022-07-29 04:19:18,1542.832,-43.127,
803,2022-07-29 04:20:30,1542.816,-43.126,
804,2022-07-29 04:21:43,1542.8,-43.126,
805,2022-07-29 04:22:52,1542.784,-43.124,
806,2022-07-29 04:24:01,1542.768,-43.12,
807,2022-07-29 04:25:10,1542.752,-43.119,
808,2022-07-29 04:26:19,1542.736,-43.114,
809,2022-07-29 04:27:28,1542.724,-43.113,
810,2022-07-29 04:28:43,1542.708,-43.112,
811,2022-07-29 04:29:52,1542.692,-43.111,
812,2022-07-29 04:31:01,1542.676,-43.108,
813,2022-07-29 04:32:10,1542.66,-43.104,
814,2022-07-29 04:33:19,1542.648,-43.103,
815,2022-07-29 04:34:28,1542.632,-43.1,
816,2022-07-29 04:35:37,1542.616,-43.101,
817,2022-07-29 04:36:47,1542.604,-43.095,
818,2022-07-29 04:37:56,1542.588,-43.096,
819,2022-07-29 04:39:05,1542.576,-43.092,
820,2022-07-29 04:40:14,1542.56,-43.089,
821,2022-07-29 04:41:23,1542.548,-43.087,
822,2022-07-29 04:42:32,1542.532,-43.095,
823,2022-07-29 04:43:41,1542.516,-43.094,
824,2022-07-29 04:44:50,1542.504,-43.086,
825,2022-07-29 04:45:59,1542.488,-43.082,
826,2022-07-29 04:47:08,1542.476,-43.079,
827,2022-07-29 04:48:17,1542.46,-43.076,
828,2022-07-29 04:49:26,1542.448,-43.08,
829,2022-07-29 04:50:35,1542.432,-43.076,
830,2022-07-29 04:51:44,1542.42,-43.079,
831,2022-07-29 04:52:53,1542.404,-43.075,
832,2022-07-29 04:54:02,1542.392,-43.071,
833,2022-07-29 04:55:11,1542.376,-43.074,
834,2022-07-29 04:56:20,1542.364,-43.069,
835,2022-07-29 04:57:29,1542.352,-43.071,
836,2022-07-29 04:58:45,1542.336,-43.073,
837,2022-07-29 04:59:54,1542.32,-43.071,
838,2022-07-29 05:01:03,1542.308,-43.065,
839,2022-07-29 05:02:12,1542.296,-43.058,
840,2022-07-29 05:03:21,1542.284,-43.06,
841,2022-07-29 05:04:31,1542.268,-43.055,
842,2022-07-29 05:05:40,1542.256,-43.06,
843,2022-07-29 05:06:49,1542.244,-43.066,
844,2022-07-29 05:07:58,1542.228,-43.058,
845,2022-07-29 05:09:07,1542.216,-43.059,
846,2022-07-29 05:10:16,1542.204,-43.058,
847,2022-07-29 05:11:25,1542.192,-43.052,
848,2022-07-29 05:12:34,1542.18,-43.052,
849,2022-07-29 05:13:43,1542.168,-43.055,
850,2022-07-29 05:14:52,1542.156,-43.049,
851,2022-07-29 05:16:01,1542.144,-43.046,
852,2022-07-29 05:17:10,1542.128,-43.053,
853,2022-07-29 05:18:19,1542.116,-43.048,
854,2022-07-29 05:19:29,1542.104,-43.043,
855,2022-07-29 05:20:38,1542.092,-43.041,
856,2022-07-29 05:21:47,1542.08,-43.044,
857,2022-07-29 05:22:56,1542.068,-43.042,
858,2022-07-29 05:24:05,1542.056,-43.04,
859,2022-07-29 05:25:14,1542.044,-43.039,
860,2022-07-29 05:26:23,1542.032,-43.039,
861,2022-07-29 05:27:32,1542.02,-43.041,
862,2022-07-29 05:28:44,1542.008,-43.044,
863,2022-07-29 05:29:53,1541.996,-43.043,
864,2022-07-29 05:31:02,1541.984,-43.044,
865,2022-07-29 05:32:11,1541.976,-43.045,
866,2022-07-29 05:33:20,1541.964,-43.038,
867,2022-07-29 05:34:29,1541.952,-43.037,
868,2022-07-29 05:35:38,1541.94,-43.039,
869,2022-07-29 05:36:47,1541.928,-43.037,
870,2022-07-29 05:37:56,1541.916,-43.036,
871,2022-07-29 05:39:06,1541.904,-43.037,
872,2022-07-29 05:40:15,1541.892,-43.04,
873,2022-07-29 05:41:24,1541.88,-43.042,
874,2022-07-29 05:42:33,1541.872,-43.043,
875,2022-07-29 05:43:42,1541.86,-43.035,
876,2022-07-29 05:44:51,1541.848,-43.037,
877,2022-07-29 05:46:00,1541.84,-43.034,
878,2022-07-29 05:47:09,1541.828,-43.031,
879,2022-07-29 05:48:18,1541.816,-43.034,
880,2022-07-29 05:49:28,1541.808,-43.033,
881,2022-07-29 05:50:37,1541.796,-43.037,
882,2022-07-29 05:51:46,1541.784,-43.029,
883,2022-07-29 05:52:55,1541.776,-43.033,
884,2022-07-29 05:54:04,1541.764,-43.037,
885,2022-07-29 05:55:17,1541.752,-43.033,
886,2022-07-29 05:56:26,1541.744,-43.041,
887,2022-07-29 05:57:35,1541.732,-43.03,
888,2022-07-29 05:58:44,1541.72,-43.029,
889,2022-07-29 05:59:53,1541.712,-43.031,
890,2022-07-29 06:01:02,1541.7,-43.027,
891,2022-07-29 06:02:11,1541.688,-43.042,
892,2022-07-29 06:03:21,1541.68,-43.032,
893,2022-07-29 06:04:30,1541.668,-43.029,
894,2022-07-29 06:05:39,1541.66,-43.027,
895,2022-07-29 06:06:48,1541.652,-43.029,
896,2022-07-29 06:07:57,1541.64,-43.03,
897,2022-07-29 06:09:06,1541.628,-43.038,
898,2022-07-29 06:10:15,1541.62,-43.032,
899,2022-07-29 06:11:24,1541.608,-43.034,
900,2022-07-29 06:12:34,1541.6,-43.034,
901,2022-07-29 06:13:43,1541.588,-43.033,
902,2022-07-29 06:14:52,1541.58,-43.03,
903,2022-07-29 06:16:01,1541.568,-43.03,
904,2022-07-29 06:17:10,1541.56,-43.034,
905,2022-07-29 06:18:19,1541.548,-43.031,
906,2022-07-29 06:19:28,1541.536,-43.035,
907,2022-07-29 06:20:37,1541.528,-43.038,
908,2022-07-29 06:21:47,1541.52,-43.035,
909,2022-07-29 06:22:56,1541.508,-43.039,
910,2022-07-29 06:24:05,1541.5,-43.034,
911,2022-07-29 06:26:23,1541.48,-43.038,
912,2022-07-29 06:27:32,1541.472,-43.037,
913,2022-07-29 06:28:44,1541.46,-43.028,
914,2022-07-29 06:29:53,1541.456,-43.029,
915,2022-07-29 06:31:02,1541.444,-43.025,
916,2022-07-29 06:32:12,1541.436,-43.033,
917,2022-07-29 06:33:21,1541.428,-43.034,
918,2022-07-29 06:34:30,1541.416,-43.04,
919,2022-07-29 06:35:39,1541.408,-43.029,
920,2022-07-29 06:36:48,1541.4,-43.031,
921,2022-07-29 06:37:57,1541.388,-43.028,
922,2022-07-29 06:39:06,1541.38,-43.022,
923,2022-07-29 06:40:16,1541.372,-43.022,
924,2022-07-29 06:41:25,1541.364,-43.019,
925,2022-07-29 06:42:34,1541.352,-43.023,
926,2022-07-29 06:43:46,1541.348,-43.033,
927,2022-07-29 06:44:55,1541.336,-43.032,
928,2022-07-29 06:46:05,1541.328,-43.027,
929,2022-07-29 06:47:14,1541.32,-43.028,
930,2022-07-29 06:48:23,1541.312,-43.027,
931,2022-07-29 06:49:32,1541.3,-43.031,
932,2022-07-29 06:50:41,1541.296,-43.032,
933,2022-07-29 06:51:50,1541.284,-43.031,
934,2022-07-29 06:53:00,1541.276,-43.028,
935,2022-07-29 06:54:09,1541.268,-43.032,
936,2022-07-29 06:55:18,1541.264,-43.028,
937,2022-07-29 06:56:27,1541.252,-43.029,
938,2022-07-29 06:57:36,1541.244,-43.03,
939,2022-07-29 06:58:46,1541.236,-43.034,
940,2022-07-29 06:59:55,1541.228,-43.024,
941,2022-07-29 07:01:04,1541.22,-43.026,
942,2022-07-29 07:02:13,1541.212,-43.025,
943,2022-07-29 07:03:22,1541.204,-43.024,
944,2022-07-29 07:04:31,1541.196,-43.026,
945,2022-07-29 07:05:40,1541.188,-43.028,
946,2022-07-29 07:06:50,1541.18,-43.025,
947,2022-07-29 07:07:59,1541.176,-43.028,
948,2022-07-29 07:09:08,1541.164,-43.032,
949,2022-07-29 07:10:17,1541.16,-43.031,
950,2022-07-29 07:11:26,1541.152,-43.03,
951,2022-07-29 07:12:36,1541.144,-43.03,
952,2022-07-29 07:13:45,1541.136,-43.032,
953,2022-07-29 07:14:54,1541.124,-43.038,
954,2022-07-29 07:16:03,1541.12,-43.027,
955,2022-07-29 07:17:13,1541.112,-43.031,
956,2022-07-29 07:18:22,1541.104,-43.028,
957,2022-07-29 07:19:31,1541.096,-43.03,
958,2022-07-29 07:20:41,1541.088,-43.037,
959,2022-07-29 07:21:50,1541.084,-43.025,
960,2022-07-29 07:22:59,1541.076,-43.027,
961,2022-07-29 07:24:08,1541.068,-43.027,
962,2022-07-29 07:25:17,1541.06,-43.037,
963,2022-07-29 07:26:27,1541.052,-43.03,
964,2022-07-29 07:27:36,1541.044,-43.033,
965,2022-07-29 07:28:45,1541.036,-43.03,
966,2022-07-29 07:29:54,1541.032,-43.033,
967,2022-07-29 07:31:04,1541.024,-43.031,
968,2022-07-29 07:32:13,1541.016,-43.032,
969,2022-07-29 07:33:22,1541.008,-43.038,
970,2022-07-29 07:34:31,1541.004,-43.033,
971,2022-07-29 07:35:40,1540.996,-43.031,
972,2022-07-29 07:36:50,1540.988,-43.032,
973,2022-07-29 07:37:59,1540.98,-43.039,
974,2022-07-29 07:39:08,1540.976,-43.033,
975,2022-07-29 07:40:17,1540.968,-43.029,
976,2022-07-29 07:41:27,1540.96,-43.038,
977,2022-07-29 07:42:36,1540.952,-43.042,
978,2022-07-29 07:43:45,1540.948,-43.038,
979,2022-07-29 07:44:54,1540.94,-43.038,
980,2022-07-29 07:46:03,1540.936,-43.037,
981,2022-07-29 07:47:13,1540.928,-43.037,
982,2022-07-29 07:48:22,1540.92,-43.041,
983,2022-07-29 07:49:31,1540.916,-43.042,
984,2022-07-29 07:50:40,1540.904,-43.047,
985,2022-07-29 07:51:49,1540.9,-43.04,
986,2022-07-29 07:52:59,1540.892,-43.044,
987,2022-07-29 07:54:08,1540.888,-43.042,
988,2022-07-29 07:55:17,1540.88,-43.042,
989,2022-07-29 07:56:26,1540.872,-43.044,
990,2022-07-29 07:57:35,1540.868,-43.049,
991,2022-07-29 07:58:45,1540.86,-43.05,
992,2022-07-29 07:59:54,1540.856,-43.045,
993,2022-07-29 08:01:03,1540.848,-43.048,
994,2022-07-29 08:02:13,1540.84,-43.051,
995,2022-07-29 08:03:22,1540.836,-43.049,
996,2022-07-29 08:04:31,1540.828,-43.046,
997,2022-07-29 06:25:14,1541.492,-43.034,
