,350,450,550,650,750
0,1542.3636,1543.7861,1545.2813,1546.8217,1548.406
1,1542.3589,1543.7877,1545.2829,1546.8185,1548.4044
2,1542.3636,1543.7853,1545.2805,1546.8217,1548.4052
3,1542.3589,1543.7869,1545.2797,1546.8241,1548.406
4,1542.3573,1543.7798,1545.2829,1546.8249,1548.4068
5,1542.3652,1543.7861,1545.2797,1546.8233,1548.4068
6,1542.3493,1543.7893,1545.2797,1546.8209,1548.4076
7,1542.3589,1543.7829,1545.2781,1546.8225,1548.4036
8,1542.3668,1543.7885,1545.2765,1546.8241,1548.4052
9,1542.3589,1543.7925,1545.2781,1546.8225,1548.4044
10,1542.3557,1543.7861,1545.2757,1546.8193,1548.4052
11,1542.3573,1543.7869,1545.2789,1546.8193,1548.4084
12,1542.3636,1543.7885,1545.275,1546.8241,1548.4076
13,1542.3652,1543.7901,1545.2765,1546.8249,1548.4092
14,1542.3613,1543.7893,1545.2757,1546.8241,1548.4084
15,1542.3613,1543.7901,1545.275,1546.8209,1548.4068
16,1542.3589,1543.7829,1545.2757,1546.8201,1548.4068
17,1542.3652,1543.7885,1545.275,1546.8209,1548.4076
18,1542.3581,1543.7837,1545.2734,1546.8193,1548.4076
19,1542.3589,1543.7877,1545.2781,1546.8201,1548.406
20,1542.3565,1543.7861,1545.2734,1546.8233,1548.4052
21,1542.3652,1543.7806,1545.271,1546.8225,1548.4068
22,1542.3549,1543.7893,1545.2781,1546.8177,1548.4068
23,1542.3644,1543.7877,1545.2773,1546.8201,1548.406
24,1542.3573,1543.7885,1545.2773,1546.8225,1548.406
25,1542.3414,1543.7885,1545.2765,1546.8225,1548.4068
26,1542.3613,1543.7845,1545.2789,1546.8233,1548.4052
27,1542.362,1543.7829,1545.2805,1546.8249,1548.4084
28,1542.3644,1543.7814,1545.275,1546.8201,1548.4076
29,1542.3644,1543.7853,1545.2813,1546.8241,1548.4092
30,1542.366,1543.7869,1545.2821,1546.8257,1548.4092
31,1542.3509,1543.7861,1545.2757,1546.8233,1548.4068
32,1542.362,1543.7877,1545.2765,1546.8153,1548.406
33,1542.3613,1543.7877,1545.2757,1546.8177,1548.4068
34,1542.3557,1543.7861,1545.2757,1546.8217,1548.4076
35,1542.3573,1543.7861,1545.2765,1546.8209,1548.4076
36,1542.3557,1543.7869,1545.2726,1546.8225,1548.4076
37,1542.3525,1543.7909,1545.2757,1546.8209,1548.41
38,1542.3636,1543.7885,1545.2781,1546.8233,1548.4076
39,1542.3628,1543.7861,1545.2781,1546.8201,1548.4092
40,1542.3613,1543.7885,1545.2765,1546.8193,1548.4076
41,1542.3581,1543.7806,1545.2797,1546.8201,1548.4076
42,1542.366,1543.7861,1545.2757,1546.8225,1548.4068
43,1542.3605,1543.779,1545.2718,1546.8249,1548.4076
44,1542.3565,1543.7909,1545.2765,1546.8169,1548.402
45,1542.3652,1543.7885,1545.2702,1546.8201,1548.4036
46,1542.3565,1543.7829,1545.2765,1546.8233,1548.4036
47,1542.3668,1543.7853,1545.2765,1546.8193,1548.402
48,1542.3573,1543.7829,1545.2789,1546.8209,1548.4044
49,1542.3716,1543.7885,1545.2726,1546.8233,1548.4044
50,1542.3549,1543.779,1545.2757,1546.8209,1548.4068
51,1542.3541,1543.7893,1545.275,1546.8217,1548.4052
52,1542.3589,1543.7829,1545.2742,1546.8225,1548.4052
53,1542.3652,1543.7861,1545.271,1546.8233,1548.4052
54,1542.3573,1543.7806,1545.2742,1546.8225,1548.4044
55,1542.362,1543.7893,1545.2805,1546.8249,1548.4044
56,1542.3636,1543.7869,1545.2773,1546.8209,1548.4068
57,1542.37,1543.7845,1545.2805,1546.8217,1548.406
58,1542.3581,1543.7901,1545.2718,1546.8233,1548.4068
59,1542.3668,1543.7893,1545.2805,1546.8233,1548.4092
60,1542.3644,1543.7893,1545.2813,1546.8185,1548.4092
61,1542.3652,1543.7845,1545.2813,1546.8217,1548.4052
62,1542.3478,1543.7829,1545.2805,1546.8209,1548.4076
63,1542.3541,1543.7877,1545.2765,1546.8209,1548.406
64,1542.3652,1543.7829,1545.2805,1546.8225,1548.4068
65,1542.3589,1543.7837,1545.2805,1546.8225,1548.4076
66,1542.3605,1543.7877,1545.2757,1546.8201,1548.4076
67,1542.3605,1543.7837,1545.2757,1546.8225,1548.41
68,1542.3589,1543.7877,1545.2757,1546.8225,1548.4084
69,1542.3684,1543.7869,1545.2765,1546.8241,1548.406
70,1542.362,1543.7861,1545.2757,1546.8217,1548.4052
71,1542.362,1543.7869,1545.2797,1546.8193,1548.4076
72,1542.3525,1543.7949,1545.2805,1546.8209,1548.406
73,1542.3636,1543.7917,1545.2773,1546.8209,1548.4076
74,1542.366,1543.7718,1545.2742,1546.8169,1548.41
75,1542.3557,1543.7821,1545.2789,1546.8193,1548.41
76,1542.362,1543.7853,1545.2813,1546.8233,1548.4092
77,1542.3636,1543.7853,1545.2813,1546.8209,1548.4084
78,1542.3644,1543.7821,1545.2789,1546.8185,1548.4076
79,1542.3557,1543.7814,1545.2765,1546.8193,1548.4068
80,1542.3597,1543.7829,1545.2765,1546.8225,1548.4092
81,1542.3628,1543.7853,1545.275,1546.8249,1548.4076
82,1542.3628,1543.7877,1545.2757,1546.8257,1548.4076
83,1542.3478,1543.7901,1545.2726,1546.8233,1548.4076
84,1542.3533,1543.7837,1545.2773,1546.8209,1548.4076
85,1542.3478,1543.7861,1545.2781,1546.8241,1548.4076
86,1542.3605,1543.7893,1545.2789,1546.8225,1548.4076
87,1542.347,1543.779,1545.2726,1546.8241,1548.4068
88,1542.3597,1543.7901,1545.2773,1546.8217,1548.4076
89,1542.3676,1543.7837,1545.275,1546.8241,1548.4068
90,1542.3549,1543.7893,1545.2765,1546.8233,1548.4076
91,1542.3589,1543.7893,1545.2757,1546.8233,1548.4092
92,1542.362,1543.7869,1545.2734,1546.8249,1548.4084
93,1542.3597,1543.7758,1545.2765,1546.8217,1548.4084
94,1542.3557,1543.7774,1545.271,1546.8225,1548.41
95,1542.3501,1543.7814,1545.2773,1546.8249,1548.41
96,1542.3541,1543.7853,1545.2765,1546.8249,1548.4076
97,1542.3628,1543.7798,1545.275,1546.8257,1548.406
98,1542.3589,1543.7829,1545.2765,1546.8233,1548.4068
99,1542.3486,1543.7925,1545.2765,1546.8217,1548.406
100,1542.3573,1543.7869,1545.2765,1546.8209,1548.4084
101,1542.3557,1543.7893,1545.2805,1546.8209,1548.406
102,1542.3613,1543.7837,1545.2781,1546.8225,1548.4084
103,1542.3533,1543.7861,1545.2726,1546.8209,1548.4076
104,1542.3549,1543.7869,1545.2773,1546.8193,1548.4084
105,1542.3636,1543.7893,1545.2781,1546.8193,1548.4084
106,1542.3636,1543.7885,1545.2757,1546.8201,1548.4084
107,1542.3613,1543.7893,1545.2805,1546.8193,1548.4068
108,1542.3605,1543.7893,1545.2797,1546.8217,1548.4076
109,1542.3613,1543.7798,1545.2773,1546.8201,1548.406
110,1542.3549,1543.7829,1545.2781,1546.8177,1548.4084
111,1542.3557,1543.7845,1545.2757,1546.8209,1548.4068
112,1542.3589,1543.7861,1545.2781,1546.8177,1548.406
113,1542.3478,1543.7845,1545.2757,1546.8209,1548.4084
114,1542.3525,1543.7861,1545.2805,1546.8209,1548.406
115,1542.3652,1543.7845,1545.2797,1546.8225,1548.4068
116,1542.3525,1543.7869,1545.2781,1546.8217,1548.4068
117,1542.3636,1543.7853,1545.275,1546.8217,1548.4076
118,1542.3597,1543.7845,1545.2813,1546.8217,1548.406
119,1542.3557,1543.7821,1545.2757,1546.8217,1548.4052
120,1542.3636,1543.7877,1545.2773,1546.8241,1548.4068
121,1542.362,1543.7845,1545.2821,1546.8249,1548.4084
122,1542.3549,1543.7901,1545.2765,1546.8249,1548.41
123,1542.3597,1543.7869,1545.2726,1546.8241,1548.4084
124,1542.3573,1543.7861,1545.2765,1546.8273,1548.4076
125,1542.3581,1543.7869,1545.2742,1546.8249,1548.406
126,1542.3501,1543.7845,1545.2718,1546.8241,1548.406
127,1542.362,1543.7845,1545.2789,1546.8241,1548.4068
128,1542.3628,1543.7774,1545.2789,1546.8257,1548.4068
129,1542.3541,1543.7845,1545.2789,1546.8257,1548.4076
130,1542.3509,1543.7853,1545.2797,1546.8241,1548.4076
131,1542.3597,1543.7885,1545.2781,1546.8233,1548.4076
132,1542.3605,1543.7837,1545.2805,1546.8217,1548.4068
133,1542.3644,1543.7885,1545.2829,1546.8241,1548.4092
134,1542.3549,1543.7861,1545.2781,1546.8217,1548.4084
135,1542.3581,1543.7893,1545.2805,1546.8217,1548.4068
136,1542.3541,1543.7837,1545.275,1546.8217,1548.4076
137,1542.3549,1543.7782,1545.2821,1546.8201,1548.4076
138,1542.3517,1543.7798,1545.2821,1546.8249,1548.4076
139,1542.3557,1543.7774,1545.2765,1546.8225,1548.4076
140,1542.3605,1543.7837,1545.2773,1546.8249,1548.41
141,1542.347,1543.779,1545.2773,1546.8233,1548.4076
142,1542.3525,1543.7861,1545.2805,1546.8265,1548.4068
143,1542.3581,1543.7885,1545.2765,1546.8249,1548.4084
144,1542.3501,1543.7845,1545.2757,1546.8241,1548.406
145,1542.3644,1543.7917,1545.275,1546.8273,1548.406
146,1542.3589,1543.7861,1545.2765,1546.8241,1548.406
147,1542.3557,1543.7869,1545.275,1546.8225,1548.4052
148,1542.3486,1543.7845,1545.2805,1546.8257,1548.4052
149,1542.3517,1543.7869,1545.2789,1546.8273,1548.4044
150,1542.3509,1543.7845,1545.275,1546.8217,1548.4052
151,1542.3613,1543.7829,1545.2797,1546.8225,1548.4052
152,1542.3573,1543.7869,1545.2797,1546.8233,1548.406
153,1542.3549,1543.7877,1545.2821,1546.8249,1548.4068
154,1542.3509,1543.7798,1545.275,1546.8241,1548.4044
155,1542.3486,1543.7877,1545.2789,1546.8257,1548.4036
156,1542.3533,1543.7861,1545.2742,1546.8273,1548.4036
157,1542.3628,1543.7845,1545.275,1546.8273,1548.402
158,1542.3557,1543.7893,1545.2789,1546.8233,1548.406
159,1542.3581,1543.7869,1545.2726,1546.8233,1548.406
160,1542.3565,1543.7893,1545.2765,1546.8233,1548.406
161,1542.339,1543.7861,1545.2813,1546.8257,1548.406
162,1542.3501,1543.7917,1545.2765,1546.8241,1548.4068
163,1542.3533,1543.7893,1545.2726,1546.8241,1548.4068
164,1542.3573,1543.7949,1545.2765,1546.8257,1548.4084
165,1542.3557,1543.7853,1545.2742,1546.8241,1548.4076
166,1542.347,1543.7869,1545.2781,1546.8273,1548.4052
167,1542.3486,1543.7845,1545.2797,1546.8217,1548.4052
168,1542.3493,1543.7806,1545.2789,1546.8201,1548.406
169,1542.3589,1543.7853,1545.2797,1546.8225,1548.4076
170,1542.3501,1543.7821,1545.2797,1546.8225,1548.4028
171,1542.347,1543.7821,1545.2726,1546.8249,1548.406
172,1542.3422,1543.7877,1545.2757,1546.8225,1548.4068
173,1542.339,1543.7837,1545.2789,1546.8233,1548.4084
174,1542.3517,1543.7845,1545.2789,1546.8241,1548.4068
175,1542.3581,1543.7829,1545.2821,1546.8249,1548.4068
176,1542.3605,1543.7877,1545.2781,1546.8249,1548.406
177,1542.3478,1543.7821,1545.2821,1546.8265,1548.4092
178,1542.3597,1543.7806,1545.2797,1546.8201,1548.4084
179,1542.3557,1543.7837,1545.2805,1546.8209,1548.4084
180,1542.3589,1543.7869,1545.2805,1546.8177,1548.4084
181,1542.3533,1543.7829,1545.2789,1546.8185,1548.406
182,1542.3446,1543.7853,1545.2813,1546.8209,1548.4052
183,1542.3509,1543.7829,1545.2821,1546.8201,1548.4084
184,1542.347,1543.7885,1545.2789,1546.8233,1548.4092
185,1542.3565,1543.7845,1545.2797,1546.8209,1548.406
186,1542.3589,1543.7837,1545.2805,1546.8217,1548.4084
187,1542.3573,1543.7877,1545.2757,1546.8209,1548.41
188,1542.3589,1543.7853,1545.2781,1546.8225,1548.4092
189,1542.3605,1543.7933,1545.275,1546.8209,1548.41
190,1542.3613,1543.7861,1545.2813,1546.8225,1548.4116
191,1542.3605,1543.7901,1545.275,1546.8249,1548.4108
192,1542.3565,1543.7869,1545.2765,1546.8225,1548.4076
193,1542.3478,1543.7845,1545.2781,1546.8201,1548.4092
194,1542.3581,1543.7861,1545.2765,1546.8209,1548.4092
195,1542.3478,1543.7877,1545.2797,1546.8201,1548.4124
196,1542.343,1543.7885,1545.2781,1546.8201,1548.41
197,1542.362,1543.7837,1545.2757,1546.8201,1548.4092
198,1542.3628,1543.7821,1545.2757,1546.8177,1548.4076
199,1542.3454,1543.7845,1545.2781,1546.8209,1548.4076
200,1542.42,1543.8561,1545.357,1546.8473,1548.4092
201,1542.42,1543.8513,1545.357,1546.8505,1548.41
202,1542.4168,1543.8553,1545.3506,1546.8529,1548.4108
203,1542.4184,1543.8553,1545.357,1546.8497,1548.4108
204,1542.4152,1543.8553,1545.3554,1546.8497,1548.41
205,1542.4168,1543.8569,1545.3538,1546.8521,1548.4084
206,1542.4097,1543.8593,1545.357,1546.8529,1548.4076
207,1542.4128,1543.8537,1545.3427,1546.8497,1548.4084
208,1542.4168,1543.8561,1545.3427,1546.8521,1548.41
209,1542.416,1543.8569,1545.3506,1546.8529,1548.41
210,1542.4168,1543.8561,1545.357,1546.8529,1548.4116
211,1542.4152,1543.8561,1545.353,1546.8497,1548.4116
212,1542.4136,1543.8553,1545.3586,1546.8497,1548.4108
213,1542.4184,1543.8529,1545.3594,1546.8489,1548.4132
214,1542.4176,1543.8529,1545.361,1546.8513,1548.4156
215,1542.42,1543.8561,1545.3498,1546.8497,1548.4124
216,1542.4208,1543.8513,1545.3554,1546.8545,1548.41
217,1542.4128,1543.8545,1545.357,1546.8529,1548.41
218,1542.416,1543.8537,1545.3522,1546.8568,1548.4092
219,1542.4152,1543.8553,1545.3554,1546.8552,1548.4076
220,1542.4184,1543.8537,1545.3498,1546.8545,1548.41
221,1542.4152,1543.8561,1545.3546,1546.8545,1548.41
222,1542.4089,1543.8529,1545.3514,1546.856,1548.41
223,1542.4144,1543.8537,1545.353,1546.8545,1548.4108
224,1542.412,1543.8569,1545.3506,1546.856,1548.41
225,1542.4152,1543.8537,1545.3546,1546.8552,1548.41
226,1542.416,1543.8529,1545.3514,1546.8552,1548.41
227,1542.4152,1543.8553,1545.3546,1546.8545,1548.4116
228,1542.4104,1543.8521,1545.3562,1546.8552,1548.4108
229,1542.4152,1543.8521,1545.3586,1546.8545,1548.4084
230,1542.4128,1543.8545,1545.3538,1546.8505,1548.41
231,1542.416,1543.8545,1545.3498,1546.8465,1548.4084
232,1542.4192,1543.8545,1545.349,1546.8568,1548.4108
233,1542.4112,1543.8497,1545.3594,1546.8521,1548.4116
234,1542.4112,1543.8537,1545.3602,1546.8537,1548.4116
235,1542.412,1543.8505,1545.3554,1546.8537,1548.4092
236,1542.4112,1543.8545,1545.353,1546.8576,1548.41
237,1542.4192,1543.8529,1545.3594,1546.8449,1548.4108
238,1542.4184,1543.8561,1545.3546,1546.8552,1548.4084
239,1542.4104,1543.8537,1545.349,1546.8545,1548.41
240,1542.4065,1543.8529,1545.3474,1546.8529,1548.41
241,1542.42,1543.8521,1545.3562,1546.8489,1548.41
242,1542.4144,1543.8521,1545.3522,1546.8505,1548.4108
243,1542.4144,1543.8561,1545.357,1546.8513,1548.41
244,1542.4144,1543.8537,1545.3562,1546.8552,1548.4092
245,1542.42,1543.8505,1545.361,1546.8537,1548.4108
246,1542.416,1543.8529,1545.357,1546.8537,1548.41
247,1542.412,1543.8497,1545.3586,1546.8521,1548.4084
248,1542.4128,1543.8537,1545.3506,1546.8552,1548.41
249,1542.4144,1543.8537,1545.3554,1546.8545,1548.41
250,1542.4192,1543.8505,1545.3506,1546.8513,1548.4108
251,1542.4176,1543.8529,1545.3554,1546.8552,1548.4084
252,1542.416,1543.8521,1545.3546,1546.856,1548.4092
253,1542.4104,1543.8537,1545.3562,1546.856,1548.4108
254,1542.4152,1543.8521,1545.3482,1546.8545,1548.4116
255,1542.4025,1543.8545,1545.3538,1546.8529,1548.4132
256,1542.4168,1543.8545,1545.357,1546.8568,1548.4116
257,1542.4176,1543.8537,1545.3554,1546.8576,1548.4108
258,1542.416,1543.8521,1545.3562,1546.8576,1548.4092
259,1542.416,1543.8545,1545.357,1546.8576,1548.4108
260,1542.4144,1543.8529,1545.353,1546.856,1548.4092
261,1542.4097,1543.8553,1545.357,1546.856,1548.41
262,1542.4112,1543.8529,1545.3586,1546.8545,1548.41
263,1542.4128,1543.8529,1545.3562,1546.8481,1548.4108
264,1542.4176,1543.8529,1545.357,1546.8521,1548.4108
265,1542.416,1543.8553,1545.3602,1546.8537,1548.4124
266,1542.4097,1543.8521,1545.3562,1546.8568,1548.4124
267,1542.4144,1543.8521,1545.3578,1546.8552,1548.4108
268,1542.4097,1543.8537,1545.353,1546.8537,1548.4068
269,1542.4176,1543.8513,1545.3514,1546.8545,1548.4076
270,1542.4184,1543.8553,1545.357,1546.856,1548.4092
271,1542.4057,1543.8529,1545.3522,1546.8552,1548.4076
272,1542.4136,1543.8537,1545.3578,1546.8584,1548.4092
273,1542.4144,1543.8521,1545.3562,1546.8584,1548.4092
274,1542.416,1543.8529,1545.3562,1546.8568,1548.4092
275,1542.4144,1543.8529,1545.3594,1546.8521,1548.4084
276,1542.4168,1543.8521,1545.3602,1546.8497,1548.4092
277,1542.4104,1543.8513,1545.3538,1546.8537,1548.41
278,1542.4152,1543.8577,1545.3594,1546.8489,1548.4108
279,1542.4184,1543.8529,1545.3594,1546.8529,1548.4108
280,1542.412,1543.8545,1545.361,1546.8497,1548.4116
281,1542.4144,1543.8545,1545.3594,1546.8505,1548.4124
282,1542.4128,1543.8545,1545.3618,1546.8481,1548.4084
283,1542.4184,1543.8529,1545.3546,1546.8521,1548.4092
284,1542.4089,1543.8529,1545.3594,1546.8505,1548.4116
285,1542.4144,1543.8521,1545.3618,1546.8552,1548.41
286,1542.4176,1543.8545,1545.3602,1546.856,1548.4108
287,1542.4049,1543.8545,1545.361,1546.8521,1548.4084
288,1542.4152,1543.8513,1545.3586,1546.8552,1548.4076
289,1542.4176,1543.8513,1545.3594,1546.856,1548.4116
290,1542.416,1543.8537,1545.3586,1546.8505,1548.4092
291,1542.4128,1543.8505,1545.3578,1546.8521,1548.4068
292,1542.4104,1543.8545,1545.3578,1546.8521,1548.4084
293,1542.4192,1543.8545,1545.3594,1546.8497,1548.4084
294,1542.4144,1543.8553,1545.3578,1546.8497,1548.4076
295,1542.4128,1543.8537,1545.3578,1546.8568,1548.4092
296,1542.4208,1543.8529,1545.3594,1546.8529,1548.41
297,1542.42,1543.8529,1545.3562,1546.8552,1548.4092
298,1542.4112,1543.8545,1545.357,1546.8545,1548.41
299,1542.4136,1543.8489,1545.3578,1546.8592,1548.41
300,1542.4152,1543.8521,1545.3546,1546.8584,1548.4044
301,1542.42,1543.8529,1545.3578,1546.8584,1548.4084
302,1542.4184,1543.8513,1545.3586,1546.8584,1548.4084
303,1542.4192,1543.8505,1545.357,1546.856,1548.4084
304,1542.4009,1543.8521,1545.3578,1546.8584,1548.41
305,1542.412,1543.8505,1545.3594,1546.8552,1548.4076
306,1542.412,1543.8521,1545.3594,1546.8592,1548.4108
307,1542.4104,1543.8505,1545.3594,1546.8576,1548.41
308,1542.4104,1543.8529,1545.361,1546.8568,1548.41
309,1542.4184,1543.8545,1545.3586,1546.8584,1548.4108
310,1542.4097,1543.8545,1545.3594,1546.8608,1548.41
311,1542.4081,1543.8545,1545.3602,1546.8592,1548.4108
312,1542.4176,1543.8513,1545.3594,1546.8568,1548.4108
313,1542.4192,1543.8529,1545.361,1546.8545,1548.4116
314,1542.4168,1543.8513,1545.3538,1546.8552,1548.4092
315,1542.4097,1543.8513,1545.3594,1546.8568,1548.4108
316,1542.4176,1543.8505,1545.357,1546.8545,1548.4116
317,1542.4089,1543.8505,1545.3562,1546.8513,1548.41
318,1542.4192,1543.8521,1545.357,1546.8568,1548.4116
319,1542.4097,1543.8513,1545.3562,1546.8537,1548.41
320,1542.4049,1543.8529,1545.3546,1546.8521,1548.4116
321,1542.412,1543.8521,1545.3562,1546.8545,1548.4116
322,1542.4152,1543.8529,1545.3586,1546.8568,1548.414
323,1542.4128,1543.8529,1545.357,1546.8552,1548.4116
324,1542.416,1543.8505,1545.3578,1546.8537,1548.4116
325,1542.4073,1543.8497,1545.3578,1546.8545,1548.4132
326,1542.4089,1543.8521,1545.3594,1546.8529,1548.4124
327,1542.4128,1543.8545,1545.3586,1546.8505,1548.4108
328,1542.4112,1543.8537,1545.3578,1546.8529,1548.4124
329,1542.4089,1543.8481,1545.3586,1546.8513,1548.4124
330,1542.4097,1543.8537,1545.353,1546.8552,1548.4116
331,1542.4065,1543.8529,1545.3546,1546.8537,1548.4148
332,1542.4104,1543.8513,1545.3578,1546.8513,1548.414
333,1542.4176,1543.8545,1545.3562,1546.8521,1548.414
334,1542.42,1543.8569,1545.3578,1546.856,1548.4132
335,1542.412,1543.8529,1545.3586,1546.8513,1548.4108
336,1542.416,1543.8553,1545.3578,1546.8529,1548.4124
337,1542.4152,1543.8537,1545.3594,1546.8529,1548.4092
338,1542.412,1543.8521,1545.361,1546.856,1548.41
339,1542.4144,1543.8513,1545.3586,1546.8537,1548.41
340,1542.4112,1543.8513,1545.3602,1546.8552,1548.4108
341,1542.4081,1543.8505,1545.3634,1546.8608,1548.41
342,1542.416,1543.8513,1545.361,1546.8552,1548.4108
343,1542.4152,1543.8553,1545.3578,1546.8584,1548.41
344,1542.4168,1543.8529,1545.3586,1546.8576,1548.4092
345,1542.4208,1543.8497,1545.3578,1546.8537,1548.4124
346,1542.4128,1543.8513,1545.3578,1546.8552,1548.4116
347,1542.412,1543.8521,1545.3586,1546.8489,1548.4124
348,1542.4192,1543.8505,1545.3578,1546.8521,1548.4132
349,1542.4152,1543.8545,1545.361,1546.8497,1548.4116
350,1542.416,1543.8529,1545.361,1546.8489,1548.4132
351,1542.4112,1543.8513,1545.357,1546.8545,1548.4148
352,1542.4001,1543.8521,1545.361,1546.8521,1548.4124
353,1542.4104,1543.8545,1545.3594,1546.856,1548.4124
354,1542.4176,1543.8521,1545.3594,1546.8513,1548.414
355,1542.4065,1543.8545,1545.3626,1546.8521,1548.4132
356,1542.4176,1543.8545,1545.3578,1546.8576,1548.4108
357,1542.416,1543.8553,1545.3578,1546.8537,1548.4124
358,1542.4144,1543.8569,1545.3586,1546.8529,1548.4132
359,1542.4176,1543.8545,1545.3578,1546.8552,1548.4132
360,1542.4168,1543.8561,1545.357,1546.8576,1548.414
361,1542.4192,1543.8489,1545.3578,1546.8552,1548.4116
362,1542.42,1543.8537,1545.3586,1546.8552,1548.4108
363,1542.4168,1543.8505,1545.357,1546.8489,1548.4124
364,1542.4152,1543.8529,1545.3586,1546.8489,1548.4116
365,1542.4097,1543.8497,1545.357,1546.8521,1548.4132
366,1542.4152,1543.8505,1545.3594,1546.8521,1548.4132
367,1542.4168,1543.8505,1545.3618,1546.8521,1548.4116
368,1542.4168,1543.8513,1545.3602,1546.8473,1548.4092
369,1542.4144,1543.8537,1545.3626,1546.8465,1548.4084
370,1542.4152,1543.8545,1545.3602,1546.8497,1548.4084
371,1542.416,1543.8553,1545.3618,1546.8513,1548.41
372,1542.4144,1543.8529,1545.3642,1546.856,1548.4092
373,1542.412,1543.8537,1545.3602,1546.8568,1548.4092
374,1542.412,1543.8529,1545.3618,1546.8513,1548.4092
375,1542.4112,1543.8545,1545.3626,1546.8497,1548.41
376,1542.4049,1543.8505,1545.361,1546.8521,1548.4092
377,1542.4144,1543.8505,1545.3586,1546.8545,1548.41
378,1542.4081,1543.8545,1545.3618,1546.8545,1548.41
379,1542.4073,1543.8569,1545.3578,1546.8545,1548.4092
380,1542.4112,1543.8505,1545.3602,1546.8545,1548.41
381,1542.4168,1543.8537,1545.3602,1546.8552,1548.4076
382,1542.4144,1543.8545,1545.357,1546.8552,1548.41
383,1542.4144,1543.8537,1545.3586,1546.8568,1548.4084
384,1542.4104,1543.8545,1545.361,1546.8537,1548.4108
385,1542.4168,1543.8521,1545.3594,1546.8584,1548.4092
386,1542.4152,1543.8545,1545.3594,1546.8537,1548.4092
387,1542.4184,1543.8545,1545.3586,1546.8568,1548.4092
388,1542.4184,1543.8529,1545.361,1546.8537,1548.4108
389,1542.412,1543.8545,1545.3602,1546.8545,1548.41
390,1542.4104,1543.8553,1545.3602,1546.8497,1548.41
391,1542.4089,1543.8569,1545.3626,1546.8552,1548.4092
392,1542.412,1543.8561,1545.3602,1546.8552,1548.4076
393,1542.4073,1543.8537,1545.3578,1546.856,1548.4068
394,1542.4136,1543.8569,1545.3578,1546.8552,1548.4084
395,1542.4176,1543.8561,1545.3594,1546.8545,1548.4084
396,1542.412,1543.8513,1545.3594,1546.8568,1548.4076
397,1542.4184,1543.8569,1545.3586,1546.8584,1548.4068
398,1542.416,1543.8505,1545.3594,1546.8552,1548.4084
399,1542.4184,1543.8497,1545.3562,1546.8513,1548.4116
400,1542.4192,1543.8418,1545.3108,1546.8409,1548.4068
401,1542.42,1543.8434,1545.3108,1546.8393,1548.4052
402,1542.4208,1543.8378,1545.3124,1546.8409,1548.4044
403,1542.42,1543.8354,1545.3124,1546.8417,1548.406
404,1542.4192,1543.841,1545.3076,1546.8385,1548.406
405,1542.4152,1543.8434,1545.3132,1546.8401,1548.406
406,1542.4216,1543.8394,1545.3076,1546.8393,1548.4084
407,1542.4184,1543.837,1545.3084,1546.8393,1548.4044
408,1542.4168,1543.8418,1545.3092,1546.8409,1548.4076
409,1542.42,1543.8362,1545.3132,1546.8401,1548.406
410,1542.4112,1543.8362,1545.3108,1546.8385,1548.4068
411,1542.4041,1543.8378,1545.31,1546.8385,1548.4084
412,1542.4152,1543.8394,1545.3108,1546.8361,1548.4068
413,1542.4065,1543.8354,1545.314,1546.8385,1548.4052
414,1542.4152,1543.8426,1545.3156,1546.8401,1548.4044
415,1542.4144,1543.837,1545.314,1546.8385,1548.4076
416,1542.412,1543.8362,1545.3124,1546.8377,1548.4068
417,1542.42,1543.8402,1545.3116,1546.8417,1548.406
418,1542.412,1543.8394,1545.3108,1546.8393,1548.4084
419,1542.4176,1543.8378,1545.3116,1546.8385,1548.4052
420,1542.4144,1543.8418,1545.3132,1546.8393,1548.4052
421,1542.412,1543.8322,1545.3124,1546.8393,1548.4036
422,1542.4128,1543.8362,1545.3124,1546.8401,1548.406
423,1542.4089,1543.837,1545.31,1546.8409,1548.4052
424,1542.4136,1543.833,1545.3084,1546.8385,1548.406
425,1542.4128,1543.8378,1545.31,1546.8401,1548.4084
426,1542.4104,1543.833,1545.3132,1546.8401,1548.4052
427,1542.4128,1543.837,1545.3052,1546.8369,1548.4044
428,1542.4176,1543.8402,1545.3108,1546.8401,1548.406
429,1542.4152,1543.8346,1545.3108,1546.8401,1548.4084
430,1542.4112,1543.8386,1545.3108,1546.8417,1548.406
431,1542.4065,1543.8378,1545.3116,1546.8441,1548.4044
432,1542.416,1543.841,1545.31,1546.8409,1548.4052
433,1542.4112,1543.8378,1545.3076,1546.8393,1548.402
434,1542.4104,1543.8378,1545.3084,1546.8353,1548.4028
435,1542.4128,1543.841,1545.3068,1546.8409,1548.4044
436,1542.4176,1543.8362,1545.31,1546.8417,1548.4052
437,1542.4176,1543.8402,1545.3084,1546.8385,1548.4028
438,1542.4144,1543.8418,1545.306,1546.8417,1548.4036
439,1542.416,1543.8354,1545.3076,1546.8361,1548.402
440,1542.4112,1543.8354,1545.3124,1546.8393,1548.4044
441,1542.4168,1543.8402,1545.3092,1546.8385,1548.4036
442,1542.4081,1543.837,1545.3092,1546.8369,1548.4044
443,1542.4128,1543.8378,1545.31,1546.8401,1548.4044
444,1542.4152,1543.841,1545.3124,1546.8417,1548.4044
445,1542.416,1543.8386,1545.3108,1546.8409,1548.406
446,1542.4176,1543.8394,1545.3132,1546.8425,1548.406
447,1542.4152,1543.8362,1545.3092,1546.8425,1548.4052
448,1542.412,1543.8354,1545.3132,1546.8401,1548.4052
449,1542.4112,1543.8378,1545.3116,1546.8417,1548.4052
450,1542.4168,1543.8394,1545.3124,1546.8425,1548.402
451,1542.4176,1543.8434,1545.3124,1546.8409,1548.4036
452,1542.4104,1543.8306,1545.3172,1546.8393,1548.402
453,1542.4128,1543.837,1545.3132,1546.8401,1548.4012
454,1542.4152,1543.8283,1545.3116,1546.8393,1548.4036
455,1542.4184,1543.8418,1545.3092,1546.8409,1548.4052
456,1542.416,1543.8354,1545.3132,1546.8409,1548.4036
457,1542.4184,1543.8354,1545.3084,1546.8401,1548.4036
458,1542.4168,1543.841,1545.314,1546.8401,1548.4036
459,1542.4089,1543.837,1545.31,1546.8401,1548.4028
460,1542.4168,1543.8362,1545.31,1546.8409,1548.402
461,1542.4168,1543.8362,1545.31,1546.8393,1548.4036
462,1542.412,1543.837,1545.3076,1546.8401,1548.4044
463,1542.4176,1543.8402,1545.3148,1546.8409,1548.4028
464,1542.4128,1543.8434,1545.3108,1546.8425,1548.4036
465,1542.416,1543.8394,1545.3092,1546.8393,1548.4028
466,1542.4097,1543.8386,1545.3108,1546.8385,1548.4028
467,1542.416,1543.837,1545.3124,1546.8393,1548.4036
468,1542.4184,1543.8394,1545.3076,1546.8393,1548.4044
469,1542.4168,1543.8386,1545.3108,1546.8401,1548.406
470,1542.4176,1543.8386,1545.3068,1546.8401,1548.4044
471,1542.4168,1543.841,1545.3092,1546.8401,1548.4044
472,1542.4152,1543.837,1545.3124,1546.8393,1548.4036
473,1542.4128,1543.8354,1545.3108,1546.8409,1548.4052
474,1542.4097,1543.8346,1545.31,1546.8417,1548.402
475,1542.4073,1543.8362,1545.3084,1546.8425,1548.4044
476,1542.4176,1543.8394,1545.3084,1546.8401,1548.4036
477,1542.4128,1543.8386,1545.3044,1546.8401,1548.4012
478,1542.412,1543.8426,1545.3124,1546.8409,1548.402
479,1542.4097,1543.837,1545.31,1546.8409,1548.402
480,1542.4065,1543.8426,1545.3108,1546.8425,1548.4028
481,1542.412,1543.8426,1545.3108,1546.8417,1548.4028
482,1542.412,1543.8402,1545.3092,1546.8425,1548.4028
483,1542.4144,1543.8386,1545.3084,1546.8409,1548.4012
484,1542.4152,1543.841,1545.3092,1546.8425,1548.4028
485,1542.4104,1543.841,1545.31,1546.8393,1548.402
486,1542.412,1543.8394,1545.3092,1546.8401,1548.3996
487,1542.416,1543.8394,1545.3084,1546.8361,1548.4012
488,1542.4152,1543.8338,1545.3108,1546.8377,1548.4036
489,1542.4097,1543.8362,1545.31,1546.8417,1548.4004
490,1542.4136,1543.833,1545.3076,1546.8409,1548.4012
491,1542.42,1543.8346,1545.3044,1546.8425,1548.4036
492,1542.4112,1543.8362,1545.3148,1546.8417,1548.4036
493,1542.4128,1543.8362,1545.3084,1546.8433,1548.4052
494,1542.4112,1543.8362,1545.3116,1546.8425,1548.4012
495,1542.4184,1543.8354,1545.3076,1546.8433,1548.4004
496,1542.42,1543.8386,1545.3116,1546.8409,1548.4036
497,1542.4136,1543.8354,1545.3076,1546.8409,1548.4028
498,1542.4112,1543.8354,1545.3076,1546.8393,1548.4028
499,1542.412,1543.8322,1545.3076,1546.8409,1548.4052
500,1542.4168,1543.8346,1545.3092,1546.8401,1548.4036
501,1542.4176,1543.837,1545.31,1546.8393,1548.4044
502,1542.4168,1543.833,1545.3124,1546.8385,1548.4052
503,1542.4176,1543.8306,1545.31,1546.8377,1548.4052
504,1542.4144,1543.8346,1545.3124,1546.8401,1548.4068
505,1542.4184,1543.8378,1545.3116,1546.8401,1548.406
506,1542.4176,1543.8362,1545.3108,1546.8393,1548.4068
507,1542.4168,1543.8346,1545.31,1546.8361,1548.4068
508,1542.412,1543.833,1545.3108,1546.8385,1548.406
509,1542.4168,1543.8378,1545.3108,1546.8369,1548.4068
510,1542.4089,1543.8346,1545.306,1546.8377,1548.4044
511,1542.4152,1543.8338,1545.3132,1546.8377,1548.4068
512,1542.416,1543.8314,1545.31,1546.8361,1548.4052
513,1542.4152,1543.8354,1545.31,1546.8377,1548.4052
514,1542.412,1543.837,1545.3092,1546.8377,1548.4036
515,1542.4168,1543.837,1545.31,1546.8385,1548.4044
516,1542.4176,1543.8338,1545.3124,1546.8385,1548.4044
517,1542.4144,1543.8338,1545.3124,1546.8385,1548.4028
518,1542.4104,1543.8314,1545.3068,1546.8353,1548.4052
519,1542.4192,1543.8346,1545.3124,1546.8393,1548.4052
520,1542.4112,1543.8338,1545.3092,1546.8401,1548.4052
521,1542.4112,1543.8306,1545.314,1546.8377,1548.4036
522,1542.4168,1543.8314,1545.3124,1546.8409,1548.406
523,1542.4152,1543.8362,1545.3084,1546.8409,1548.406
524,1542.4168,1543.841,1545.3116,1546.8393,1548.4068
525,1542.4089,1543.8314,1545.3108,1546.8377,1548.4036
526,1542.4168,1543.8362,1545.314,1546.8385,1548.4044
527,1542.4104,1543.8378,1545.3092,1546.8433,1548.406
528,1542.4081,1543.8402,1545.302,1546.8401,1548.4068
529,1542.4128,1543.8338,1545.3084,1546.8393,1548.4084
530,1542.4152,1543.8338,1545.3076,1546.8385,1548.4092
531,1542.4128,1543.8362,1545.3092,1546.8401,1548.4052
532,1542.412,1543.8394,1545.3084,1546.8401,1548.406
533,1542.4144,1543.8346,1545.3076,1546.8409,1548.406
534,1542.4144,1543.8362,1545.3084,1546.8377,1548.4068
535,1542.4104,1543.8386,1545.31,1546.8369,1548.4084
536,1542.4104,1543.8378,1545.3076,1546.8393,1548.4068
537,1542.4104,1543.8354,1545.3052,1546.8433,1548.4052
538,1542.4144,1543.837,1545.3092,1546.8393,1548.406
539,1542.4152,1543.8314,1545.3068,1546.8401,1548.4052
540,1542.4184,1543.8394,1545.3108,1546.8409,1548.4044
541,1542.4104,1543.8378,1545.3108,1546.8425,1548.4052
542,1542.4144,1543.8354,1545.3108,1546.8401,1548.406
543,1542.4104,1543.8338,1545.3108,1546.8385,1548.4068
544,1542.4104,1543.841,1545.3092,1546.8417,1548.4036
545,1542.4112,1543.8306,1545.3092,1546.8433,1548.402
546,1542.416,1543.837,1545.3092,1546.8393,1548.4028
547,1542.4128,1543.837,1545.3084,1546.8401,1548.4028
548,1542.4144,1543.8354,1545.3108,1546.8393,1548.4036
549,1542.4184,1543.8354,1545.3068,1546.8409,1548.4052
550,1542.416,1543.8386,1545.3092,1546.8385,1548.406
551,1542.4144,1543.8402,1545.3084,1546.8417,1548.406
552,1542.4152,1543.837,1545.31,1546.8401,1548.4052
553,1542.412,1543.8338,1545.3108,1546.8401,1548.4044
554,1542.4104,1543.8346,1545.3108,1546.8393,1548.4052
555,1542.4184,1543.8378,1545.3092,1546.8369,1548.406
556,1542.416,1543.8354,1545.3076,1546.8409,1548.406
557,1542.4168,1543.833,1545.3132,1546.8409,1548.406
558,1542.412,1543.8354,1545.3124,1546.8385,1548.406
559,1542.4073,1543.837,1545.3076,1546.8417,1548.4068
560,1542.4144,1543.8354,1545.3108,1546.8409,1548.4084
561,1542.4152,1543.8346,1545.3052,1546.8425,1548.4084
562,1542.4144,1543.8362,1545.3052,1546.8425,1548.4076
563,1542.4168,1543.8338,1545.3068,1546.8409,1548.4076
564,1542.4144,1543.8322,1545.306,1546.8409,1548.4084
565,1542.4144,1543.8362,1545.3116,1546.8401,1548.4076
566,1542.416,1543.8338,1545.3092,1546.8417,1548.4092
567,1542.4097,1543.8362,1545.3076,1546.8417,1548.406
568,1542.4176,1543.8306,1545.3044,1546.8417,1548.4084
569,1542.4168,1543.8354,1545.3068,1546.8401,1548.4052
570,1542.412,1543.8314,1545.3052,1546.8433,1548.4044
571,1542.416,1543.8362,1545.3068,1546.8441,1548.406
572,1542.4144,1543.833,1545.3068,1546.8393,1548.4068
573,1542.4128,1543.8362,1545.3092,1546.8433,1548.406
574,1542.4128,1543.8338,1545.3092,1546.8401,1548.4068
575,1542.4184,1543.8338,1545.3116,1546.8433,1548.4084
576,1542.4128,1543.8354,1545.3012,1546.8425,1548.4076
577,1542.416,1543.833,1545.3092,1546.8401,1548.406
578,1542.416,1543.8306,1545.3052,1546.8425,1548.4044
579,1542.4208,1543.8346,1545.314,1546.8425,1548.4084
580,1542.4073,1543.833,1545.3124,1546.8401,1548.406
581,1542.4104,1543.8378,1545.31,1546.8409,1548.4044
582,1542.4128,1543.8338,1545.3084,1546.8385,1548.406
583,1542.4168,1543.8394,1545.3092,1546.8417,1548.4068
584,1542.4104,1543.8362,1545.3108,1546.8417,1548.4044
585,1542.42,1543.8338,1545.314,1546.8409,1548.4068
586,1542.416,1543.8306,1545.3116,1546.8401,1548.406
587,1542.412,1543.8346,1545.3108,1546.8417,1548.4076
588,1542.4168,1543.841,1545.3132,1546.8385,1548.4068
589,1542.4192,1543.8298,1545.3124,1546.8409,1548.4068
590,1542.4152,1543.8346,1545.3092,1546.8401,1548.4052
591,1542.416,1543.8298,1545.3108,1546.8425,1548.4068
592,1542.4089,1543.8354,1545.3108,1546.8393,1548.4068
593,1542.4128,1543.8306,1545.3116,1546.8409,1548.4076
594,1542.4152,1543.8314,1545.3132,1546.8425,1548.4068
595,1542.4184,1543.8386,1545.314,1546.8393,1548.4068
596,1542.42,1543.837,1545.3092,1546.8377,1548.41
597,1542.416,1543.833,1545.3124,1546.8409,1548.4092
598,1542.412,1543.8354,1545.3116,1546.8409,1548.4076
599,1542.4136,1543.837,1545.3116,1546.8409,1548.4084
600,1542.4255,1543.8426,1545.3411,1546.8481,0.0
601,1542.4192,1543.8386,1545.3403,1546.8552,0.0
602,1542.4231,1543.8418,1545.3419,1546.8489,0.0
603,1542.4263,1543.8418,1545.3403,1546.8529,0.0
604,1542.4208,1543.8418,1545.3411,1546.8489,0.0
605,1542.4224,1543.8378,1545.3371,1546.8521,0.0
606,1542.4231,1543.8394,1545.3427,1546.8505,0.0
607,1542.4255,1543.8378,1545.3371,1546.8505,0.0
608,1542.4192,1543.8402,1545.3403,1546.8505,0.0
609,1542.4255,1543.8362,1545.3411,1546.8481,0.0
610,1542.4168,1543.837,1545.3443,1546.8521,0.0
611,1542.4224,1543.8402,1545.3435,1546.8505,0.0
612,1542.4224,1543.8418,1545.3403,1546.8489,0.0
613,1542.4168,1543.8394,1545.3403,1546.8465,0.0
614,1542.4231,1543.8354,1545.3395,1546.8465,0.0
615,1542.4231,1543.837,1545.3411,1546.8473,0.0
616,1542.4224,1543.8386,1545.3387,1546.8505,0.0
617,1542.4208,1543.8418,1545.3411,1546.8545,0.0
618,1542.4231,1543.8386,1545.3427,1546.8568,0.0
619,1542.4247,1543.8394,1545.3387,1546.8513,0.0
620,1542.4144,1543.8322,1545.3403,1546.8568,0.0
621,1542.4208,1543.8402,1545.3419,1546.8465,0.0
622,1542.4311,1543.8354,1545.3403,1546.8521,0.0
623,1542.4224,1543.8346,1545.3435,1546.8545,0.0
624,1542.4128,1543.8394,1545.3435,1546.8449,0.0
625,1542.4247,1543.833,1545.3395,1546.8545,0.0
626,1542.42,1543.8354,1545.3427,1546.8521,0.0
627,1542.42,1543.8346,1545.3387,1546.8529,0.0
628,1542.4208,1543.8402,1545.3403,1546.8537,0.0
629,1542.4208,1543.8386,1545.3411,1546.8529,0.0
630,1542.4239,1543.837,1545.3419,1546.8545,0.0
631,1542.4224,1543.8378,1545.3427,1546.8481,0.0
632,1542.4176,1543.8386,1545.3419,1546.8537,0.0
633,1542.4239,1543.8394,1545.3379,1546.8505,0.0
634,1542.4208,1543.8426,1545.3387,1546.8513,0.0
635,1542.4239,1543.8378,1545.3403,1546.8473,0.0
636,1542.4216,1543.837,1545.3395,1546.8497,0.0
637,1542.4231,1543.8394,1545.3363,1546.8513,0.0
638,1542.4239,1543.8378,1545.3395,1546.8552,0.0
639,1542.4224,1543.841,1545.3323,1546.8529,0.0
640,1542.4192,1543.841,1545.3347,1546.856,0.0
641,1542.4295,1543.841,1545.3395,1546.8552,0.0
642,1542.4271,1543.8394,1545.3379,1546.8545,0.0
643,1542.4271,1543.8378,1545.3339,1546.8584,0.0
644,1542.4216,1543.841,1545.3395,1546.8576,0.0
645,1542.4208,1543.8402,1545.3411,1546.8552,0.0
646,1542.4287,1543.8418,1545.3387,1546.8576,0.0
647,1542.4239,1543.8426,1545.3387,1546.8592,0.0
648,1542.4224,1543.8426,1545.3371,1546.8568,0.0
649,1542.4271,1543.8386,1545.3387,1546.8584,0.0
650,1542.4239,1543.8418,1545.3379,1546.8568,0.0
651,1542.4247,1543.8354,1545.3371,1546.8545,0.0
652,1542.4263,1543.837,1545.3355,1546.856,0.0
653,1542.42,1543.8386,1545.3419,1546.8529,0.0
654,1542.4247,1543.8402,1545.3395,1546.856,0.0
655,1542.4271,1543.8426,1545.3387,1546.8592,0.0
656,1542.4231,1543.8442,1545.3379,1546.8489,0.0
657,1542.4192,1543.8394,1545.3355,1546.8513,0.0
658,1542.4231,1543.845,1545.3331,1546.8552,0.0
659,1542.4224,1543.8442,1545.3355,1546.8584,0.0
660,1542.4271,1543.8434,1545.3395,1546.8481,0.0
661,1542.4231,1543.8442,1545.3387,1546.8552,0.0
662,1542.4247,1543.841,1545.3371,1546.8576,0.0
663,1542.4224,1543.841,1545.3395,1546.8529,0.0
664,1542.4216,1543.8386,1545.3419,1546.8568,0.0
665,1542.4192,1543.8402,1545.3379,1546.856,0.0
666,1542.4224,1543.8434,1545.3395,1546.8513,0.0
667,1542.4255,1543.8386,1545.3411,1546.8552,0.0
668,1542.4255,1543.845,1545.3339,1546.8545,0.0
669,1542.4231,1543.8434,1545.3387,1546.8584,0.0
670,1542.4263,1543.8426,1545.3403,1546.856,0.0
671,1542.4208,1543.8378,1545.3371,1546.8545,0.0
672,1542.4192,1543.841,1545.3355,1546.8552,0.0
673,1542.4192,1543.8402,1545.3387,1546.8545,0.0
674,1542.4287,1543.8386,1545.3363,1546.8521,0.0
675,1542.4239,1543.8378,1545.3387,1546.8497,0.0
676,1542.4231,1543.8394,1545.3347,1546.8537,0.0
677,1542.4168,1543.8386,1545.3371,1546.8576,0.0
678,1542.4247,1543.8394,1545.3371,1546.8521,0.0
679,1542.4231,1543.8418,1545.3379,1546.8568,0.0
680,1542.4224,1543.8394,1545.3339,1546.8505,0.0
681,1542.4239,1543.8378,1545.3379,1546.8552,0.0
682,1542.4239,1543.8354,1545.3403,1546.856,0.0
683,1542.4224,1543.837,1545.3387,1546.8545,0.0
684,1542.42,1543.8394,1545.3395,1546.8545,0.0
685,1542.4247,1543.8362,1545.3395,1546.8505,0.0
686,1542.4224,1543.8386,1545.3379,1546.8473,0.0
687,1542.4224,1543.8426,1545.3371,1546.8545,0.0
688,1542.4216,1543.8378,1545.3395,1546.8529,0.0
689,1542.4224,1543.841,1545.3387,1546.8481,0.0
690,1542.4231,1543.8418,1545.3363,1546.8473,0.0
691,1542.4224,1543.8338,1545.3395,1546.8497,0.0
692,1542.4176,1543.8426,1545.3363,1546.8537,0.0
693,1542.4136,1543.8402,1545.3387,1546.8552,0.0
694,1542.4255,1543.8402,1545.3379,1546.8545,0.0
695,1542.4263,1543.8386,1545.3379,1546.8545,0.0
696,1542.4168,1543.8434,1545.3387,1546.8545,0.0
697,1542.4216,1543.837,1545.3379,1546.8441,0.0
698,1542.4224,1543.8378,1545.3419,1546.856,0.0
699,1542.4176,1543.8394,1545.3395,1546.8529,0.0
700,1542.4216,1543.8386,1545.3363,1546.8545,0.0
701,1542.4224,1543.8378,1545.3371,1546.8497,0.0
702,1542.4255,1543.8394,1545.3355,1546.8521,0.0
703,1542.4184,1543.8402,1545.3355,1546.8545,0.0
704,1542.4208,1543.8426,1545.3379,1546.8529,0.0
705,1542.4224,1543.8386,1545.3363,1546.8568,0.0
706,1542.4168,1543.8442,1545.3395,1546.8521,0.0
707,1542.4208,1543.8394,1545.3379,1546.8576,0.0
708,1542.4231,1543.8378,1545.3355,1546.8529,0.0
709,1542.4208,1543.8378,1545.3355,1546.8552,0.0
710,1542.4231,1543.8402,1545.3355,1546.8505,0.0
711,1542.42,1543.8426,1545.3395,1546.8529,0.0
712,1542.4208,1543.845,1545.3387,1546.8521,0.0
713,1542.4104,1543.8394,1545.3363,1546.8552,0.0
714,1542.4192,1543.8378,1545.3371,1546.8537,0.0
715,1542.4247,1543.8386,1545.3363,1546.8497,0.0
716,1542.4239,1543.841,1545.3371,1546.8537,0.0
717,1542.42,1543.8394,1545.3331,1546.8473,0.0
718,1542.42,1543.8386,1545.3355,1546.8529,0.0
719,1542.4247,1543.8346,1545.3371,1546.8529,0.0
720,1542.412,1543.8426,1545.3331,1546.8497,0.0
721,1542.4231,1543.8426,1545.3379,1546.8489,0.0
722,1542.4231,1543.8442,1545.3331,1546.8489,0.0
723,1542.4184,1543.8418,1545.3339,1546.8497,0.0
724,1542.4208,1543.8434,1545.3355,1546.8465,0.0
725,1542.42,1543.8442,1545.3339,1546.8497,0.0
726,1542.4176,1543.8442,1545.3363,1546.8505,0.0
727,1542.4128,1543.8394,1545.3379,1546.8497,0.0
728,1542.4231,1543.8386,1545.3363,1546.8521,0.0
729,1542.42,1543.841,1545.3355,1546.8568,0.0
730,1542.4271,1543.8362,1545.3331,1546.8545,0.0
731,1542.4263,1543.8386,1545.3331,1546.8505,0.0
732,1542.4255,1543.8378,1545.3347,1546.8497,0.0
733,1542.4239,1543.8378,1545.3291,1546.8521,0.0
734,1542.4239,1543.841,1545.3363,1546.8505,0.0
735,1542.42,1543.8402,1545.3339,1546.8529,0.0
736,1542.4184,1543.8394,1545.3355,1546.8505,0.0
737,1542.4184,1543.8322,1545.3347,1546.8552,0.0
738,1542.4184,1543.8322,1545.3363,1546.856,0.0
739,1542.4231,1543.841,1545.3347,1546.8584,0.0
740,1542.4255,1543.8378,1545.3363,1546.8568,0.0
741,1542.4208,1543.8386,1545.3387,1546.8529,0.0
742,1542.4231,1543.8386,1545.3371,1546.8545,0.0
743,1542.4192,1543.8394,1545.3363,1546.8473,0.0
744,1542.4208,1543.8378,1545.3355,1546.8521,0.0
745,1542.4247,1543.8346,1545.3299,1546.8473,0.0
746,1542.42,1543.837,1545.3371,1546.8552,0.0
747,1542.4208,1543.8362,1545.3387,1546.8537,0.0
748,1542.4216,1543.8418,1545.3363,1546.8552,0.0
749,1542.4224,1543.8386,1545.3339,1546.8545,0.0
750,1542.4216,1543.8394,1545.3315,1546.8521,0.0
751,1542.4208,1543.8434,1545.3347,1546.8505,0.0
752,1542.4144,1543.8434,1545.3315,1546.8521,0.0
753,1542.416,1543.8402,1545.3347,1546.8545,0.0
754,1542.4216,1543.841,1545.3339,1546.8465,0.0
755,1542.4192,1543.8434,1545.3347,1546.8481,0.0
756,1542.4224,1543.8426,1545.3355,1546.8417,0.0
757,1542.4128,1543.8386,1545.3331,1546.8473,0.0
758,1542.4192,1543.8402,1545.3387,1546.8529,0.0
759,1542.4216,1543.841,1545.3371,1546.8521,0.0
760,1542.4176,1543.8394,1545.3355,1546.8497,0.0
761,1542.4239,1543.8402,1545.3355,1546.8497,0.0
762,1542.42,1543.8386,1545.3403,1546.8505,0.0
763,1542.4216,1543.8418,1545.3403,1546.8568,0.0
764,1542.4192,1543.8338,1545.3395,1546.8545,0.0
765,1542.42,1543.841,1545.3395,1546.8552,0.0
766,1542.42,1543.8402,1545.3387,1546.8497,0.0
767,1542.4216,1543.8442,1545.3339,1546.8505,0.0
768,1542.4168,1543.841,1545.3379,1546.8576,0.0
769,1542.4208,1543.8378,1545.3379,1546.8529,0.0
770,1542.4239,1543.8418,1545.3387,1546.8537,0.0
771,1542.4152,1543.841,1545.3387,1546.8537,0.0
772,1542.416,1543.8434,1545.3331,1546.8521,0.0
773,1542.4192,1543.8386,1545.3347,1546.8568,0.0
774,1542.42,1543.837,1545.3347,1546.8552,0.0
775,1542.4184,1543.8378,1545.3363,1546.8529,0.0
776,1542.4192,1543.8394,1545.3363,1546.856,0.0
777,1542.4208,1543.8386,1545.3363,1546.8545,0.0
778,1542.42,1543.841,1545.3371,1546.8489,0.0
779,1542.416,1543.8346,1545.3291,1546.8465,0.0
780,1542.4208,1543.8386,1545.3371,1546.8489,0.0
781,1542.4216,1543.8394,1545.3363,1546.8545,0.0
782,1542.4231,1543.8362,1545.3379,1546.8552,0.0
783,1542.4192,1543.8378,1545.3339,1546.8521,0.0
784,1542.4192,1543.8362,1545.3355,1546.8505,0.0
785,1542.4192,1543.841,1545.3379,1546.8576,0.0
786,1542.4216,1543.8386,1545.3355,1546.8584,0.0
787,1542.4168,1543.8314,1545.3379,1546.8537,0.0
788,1542.4231,1543.8378,1545.3395,1546.8529,0.0
789,1542.4239,1543.8346,1545.3371,1546.8521,0.0
790,1542.4168,1543.837,1545.3347,1546.8529,0.0
791,1542.4168,1543.8346,1545.3339,1546.8529,0.0
792,1542.4136,1543.8386,1545.3387,1546.8592,0.0
793,1542.42,1543.8378,1545.3347,1546.8592,0.0
794,1542.42,1543.8394,1545.3355,1546.8529,0.0
795,1542.4239,1543.8378,1545.3331,1546.8576,0.0
796,1542.4224,1543.8386,1545.3355,1546.8584,0.0
797,1542.4168,1543.8362,1545.3355,1546.8552,0.0
798,1542.4224,1543.8386,1545.3363,1546.8552,0.0
799,1542.4224,1543.8394,1545.3347,1546.8537,0.0
800,0.0,1543.837,1545.2773,1546.8377,0.0
801,0.0,1543.8346,1545.2789,1546.8369,0.0
802,0.0,1543.8386,1545.2773,1546.8401,0.0
803,0.0,1543.8362,1545.2797,1546.8409,0.0
804,0.0,1543.8394,1545.2765,1546.8409,0.0
805,0.0,1543.8346,1545.2757,1546.8417,0.0
806,0.0,1543.841,1545.2781,1546.8409,0.0
807,0.0,1543.837,1545.2845,1546.8409,0.0
808,0.0,1543.841,1545.275,1546.8409,0.0
809,0.0,1543.8338,1545.2742,1546.8409,0.0
810,0.0,1543.8346,1545.2765,1546.8417,0.0
811,0.0,1543.8354,1545.275,1546.8401,0.0
812,0.0,1543.8386,1545.2773,1546.8417,0.0
813,0.0,1543.837,1545.2765,1546.8409,0.0
814,0.0,1543.8378,1545.2781,1546.8385,0.0
815,0.0,1543.8362,1545.2797,1546.8401,0.0
816,0.0,1543.837,1545.2805,1546.8417,0.0
817,0.0,1543.8338,1545.2781,1546.8369,0.0
818,0.0,1543.8378,1545.2781,1546.8369,0.0
819,0.0,1543.8354,1545.2718,1546.8417,0.0
820,0.0,1543.8298,1545.2757,1546.8401,0.0
821,0.0,1543.8346,1545.2789,1546.8401,0.0
822,0.0,1543.8338,1545.2757,1546.8409,0.0
823,0.0,1543.8322,1545.2837,1546.8393,0.0
824,0.0,1543.8306,1545.2773,1546.8385,0.0
825,0.0,1543.837,1545.2734,1546.8361,0.0
826,0.0,1543.8306,1545.275,1546.8361,0.0
827,0.0,1543.8346,1545.2614,1546.8353,0.0
828,0.0,1543.8338,1545.2773,1546.8361,0.0
829,0.0,1543.837,1545.2813,1546.8353,0.0
830,0.0,1543.8346,1545.2845,1546.8329,0.0
831,0.0,1543.8322,1545.2813,1546.8385,0.0
832,0.0,1543.833,1545.275,1546.8369,0.0
833,0.0,1543.8346,1545.2757,1546.8385,0.0
834,0.0,1543.837,1545.271,1546.8393,0.0
835,0.0,1543.837,1545.2821,1546.8377,0.0
836,0.0,1543.8362,1545.2805,1546.8353,0.0
837,0.0,1543.8354,1545.2797,1546.8369,0.0
838,0.0,1543.8314,1545.2726,1546.8361,0.0
839,0.0,1543.833,1545.2789,1546.8377,0.0
840,0.0,1543.8354,1545.2813,1546.8401,0.0
841,0.0,1543.8362,1545.2805,1546.8417,0.0
842,0.0,1543.837,1545.2781,1546.8409,0.0
843,0.0,1543.8354,1545.2837,1546.8393,0.0
844,0.0,1543.8354,1545.2757,1546.8401,0.0
845,0.0,1543.833,1545.2734,1546.8401,0.0
846,0.0,1543.837,1545.2718,1546.8417,0.0
847,0.0,1543.837,1545.2781,1546.8393,0.0
848,0.0,1543.8378,1545.2797,1546.8385,0.0
849,0.0,1543.8378,1545.2773,1546.8377,0.0
850,0.0,1543.8306,1545.2781,1546.8377,0.0
851,0.0,1543.8354,1545.2734,1546.8329,0.0
852,0.0,1543.8346,1545.2797,1546.8353,0.0
853,0.0,1543.8378,1545.267,1546.8393,0.0
854,0.0,1543.8362,1545.275,1546.8377,0.0
855,0.0,1543.8338,1545.2694,1546.8385,0.0
856,0.0,1543.8362,1545.275,1546.8409,0.0
857,0.0,1543.8402,1545.2773,1546.8393,0.0
858,0.0,1543.8378,1545.2757,1546.8377,0.0
859,0.0,1543.8322,1545.271,1546.8377,0.0
860,0.0,1543.8402,1545.2781,1546.8401,0.0
861,0.0,1543.8362,1545.2821,1546.8393,0.0
862,0.0,1543.8362,1545.2702,1546.8393,0.0
863,0.0,1543.8354,1545.2702,1546.8385,0.0
864,0.0,1543.8362,1545.2742,1546.8393,0.0
865,0.0,1543.8394,1545.2773,1546.8409,0.0
866,0.0,1543.8354,1545.2765,1546.8377,0.0
867,0.0,1543.8378,1545.2789,1546.8393,0.0
868,0.0,1543.8394,1545.275,1546.8377,0.0
869,0.0,1543.841,1545.2718,1546.8393,0.0
870,0.0,1543.841,1545.2757,1546.8369,0.0
871,0.0,1543.8378,1545.2726,1546.8377,0.0
872,0.0,1543.8386,1545.2765,1546.8369,0.0
873,0.0,1543.8362,1545.275,1546.8377,0.0
874,0.0,1543.8378,1545.2765,1546.8377,0.0
875,0.0,1543.8394,1545.2765,1546.8377,0.0
876,0.0,1543.8362,1545.2734,1546.8377,0.0
877,0.0,1543.8354,1545.2797,1546.8369,0.0
878,0.0,1543.8386,1545.271,1546.8385,0.0
879,0.0,1543.8338,1545.263,1546.8385,0.0
880,0.0,1543.833,1545.275,1546.8377,0.0
881,0.0,1543.837,1545.2821,1546.8369,0.0
882,0.0,1543.837,1545.2726,1546.8377,0.0
883,0.0,1543.8354,1545.2813,1546.8361,0.0
884,0.0,1543.8354,1545.2829,1546.8361,0.0
885,0.0,1543.8362,1545.2821,1546.8369,0.0
886,0.0,1543.8362,1545.2757,1546.8361,0.0
887,0.0,1543.8354,1545.2734,1546.8385,0.0
888,0.0,1543.8314,1545.2662,1546.8385,0.0
889,0.0,1543.8338,1545.2837,1546.8369,0.0
890,0.0,1543.8362,1545.2765,1546.8385,0.0
891,0.0,1543.837,1545.2821,1546.8401,0.0
892,0.0,1543.8386,1545.2813,1546.8385,0.0
893,0.0,1543.8346,1545.2805,1546.8369,0.0
894,0.0,1543.8338,1545.2797,1546.8385,0.0
895,0.0,1543.8354,1545.2765,1546.8377,0.0
896,0.0,1543.8386,1545.2742,1546.8393,0.0
897,0.0,1543.8378,1545.2805,1546.8385,0.0
898,0.0,1543.837,1545.2813,1546.8369,0.0
899,0.0,1543.8354,1545.2773,1546.8369,0.0
900,0.0,1543.8378,1545.2821,1546.8361,0.0
901,0.0,1543.837,1545.271,1546.8385,0.0
902,0.0,1543.8394,1545.2614,1546.8393,0.0
903,0.0,1543.8322,1545.2765,1546.8401,0.0
904,0.0,1543.8354,1545.2853,1546.8385,0.0
905,0.0,1543.837,1545.2702,1546.8361,0.0
906,0.0,1543.8394,1545.2726,1546.8369,0.0
907,0.0,1543.8362,1545.2765,1546.8393,0.0
908,0.0,1543.8394,1545.2813,1546.8345,0.0
909,0.0,1543.8394,1545.2742,1546.8385,0.0
910,0.0,1543.8354,1545.2726,1546.8369,0.0
911,0.0,1543.8378,1545.2821,1546.8377,0.0
912,0.0,1543.8378,1545.275,1546.8385,0.0
913,0.0,1543.8394,1545.2765,1546.8401,0.0
914,0.0,1543.8346,1545.2734,1546.8385,0.0
915,0.0,1543.8354,1545.275,1546.8377,0.0
916,0.0,1543.8394,1545.2781,1546.8377,0.0
917,0.0,1543.8362,1545.2797,1546.8385,0.0
918,0.0,1543.833,1545.2805,1546.8361,0.0
919,0.0,1543.8362,1545.2813,1546.8369,0.0
920,0.0,1543.841,1545.2765,1546.8353,0.0
921,0.0,1543.8394,1545.2781,1546.8361,0.0
922,0.0,1543.8378,1545.2773,1546.8385,0.0
923,0.0,1543.8354,1545.275,1546.8377,0.0
924,0.0,1543.8378,1545.2805,1546.8369,0.0
925,0.0,1543.8394,1545.2797,1546.8385,0.0
926,0.0,1543.8322,1545.2789,1546.8361,0.0
927,0.0,1543.8362,1545.2718,1546.8353,0.0
928,0.0,1543.8386,1545.2805,1546.8353,0.0
929,0.0,1543.833,1545.2773,1546.8377,0.0
930,0.0,1543.8386,1545.2797,1546.8361,0.0
931,0.0,1543.8386,1545.2797,1546.8401,0.0
932,0.0,1543.8354,1545.2773,1546.8385,0.0
933,0.0,1543.837,1545.2813,1546.8385,0.0
934,0.0,1543.8378,1545.275,1546.8409,0.0
935,0.0,1543.8394,1545.2765,1546.8393,0.0
936,0.0,1543.8362,1545.2805,1546.8401,0.0
937,0.0,1543.8378,1545.2821,1546.8393,0.0
938,0.0,1543.8346,1545.2765,1546.8393,0.0
939,0.0,1543.8378,1545.2789,1546.8409,0.0
940,0.0,1543.8322,1545.2781,1546.8377,0.0
941,0.0,1543.833,1545.2765,1546.8321,0.0
942,0.0,1543.8394,1545.2837,1546.8369,0.0
943,0.0,1543.8378,1545.2781,1546.8361,0.0
944,0.0,1543.8354,1545.2821,1546.8401,0.0
945,0.0,1543.8362,1545.2861,1546.8393,0.0
946,0.0,1543.8394,1545.2805,1546.8409,0.0
947,0.0,1543.8386,1545.2845,1546.8393,0.0
948,0.0,1543.8378,1545.2837,1546.8393,0.0
949,0.0,1543.837,1545.2734,1546.8393,0.0
950,0.0,1543.8418,1545.2813,1546.8417,0.0
951,0.0,1543.8362,1545.2829,1546.8433,0.0
952,0.0,1543.8378,1545.2829,1546.8401,0.0
953,0.0,1543.841,1545.2781,1546.8385,0.0
954,0.0,1543.841,1545.2757,1546.8377,0.0
955,0.0,1543.8465,1545.2805,1546.8353,0.0
956,0.0,1543.8473,1545.2821,1546.8385,0.0
957,0.0,1543.8505,1545.2757,1546.8401,0.0
958,0.0,1543.8585,1545.2813,1546.8401,0.0
959,0.0,1543.8688,1545.2773,1546.8409,0.0
960,0.0,1543.8799,1545.2789,1546.8433,0.0
961,0.0,1543.8839,1545.2757,1546.8417,0.0
962,0.0,1543.907,1545.2813,1546.8393,0.0
963,0.0,1543.9197,1545.2805,1546.8409,0.0
964,0.0,1543.9324,1545.2773,1546.8425,0.0
965,0.0,1543.9412,1545.275,1546.8433,0.0
966,0.0,1543.9666,1545.2765,1546.8417,0.0
967,0.0,1543.9841,1545.2734,1546.8417,0.0
968,0.0,1544.004,1545.2821,1546.8417,0.0
969,0.0,1544.0254,1545.2765,1546.8417,0.0
970,0.0,1544.0453,1545.2789,1546.8417,0.0
971,0.0,1544.07,1545.2781,1546.8417,0.0
972,0.0,1544.0915,1545.2813,1546.8433,0.0
973,0.0,1544.1121,1545.2829,1546.8401,0.0
974,0.0,1544.1312,1545.2789,1546.8409,0.0
975,0.0,1544.1575,1545.2853,1546.8409,0.0
976,0.0,1544.1813,1545.2853,1546.8433,0.0
977,0.0,1544.202,1545.2853,1546.8409,0.0
978,0.0,1544.2227,1545.2797,1546.8409,0.0
979,0.0,1544.2481,1545.275,1546.8425,0.0
980,0.0,1544.2728,1545.2781,1546.8409,0.0
981,0.0,1544.2967,1545.2813,1546.8433,0.0
982,0.0,1544.3166,1545.2829,1546.8401,0.0
983,0.0,1544.3444,1545.2853,1546.8409,0.0
984,0.0,1544.3659,1545.2757,1546.8409,0.0
985,0.0,1544.3874,1545.2845,1546.8425,0.0
986,0.0,1544.4104,1545.2805,1546.8425,0.0
987,0.0,1544.4407,1545.2781,1546.8425,0.0
988,0.0,1544.4645,1545.2813,1546.8401,0.0
989,0.0,1544.4868,1545.2805,1546.8369,0.0
990,0.0,1544.5123,1545.2805,1546.8361,0.0
991,0.0,1544.5401,1545.2773,1546.8377,0.0
992,0.0,1544.564,1545.2765,1546.8369,0.0
993,0.0,1544.5871,1545.2789,1546.8385,0.0
994,0.0,1544.6141,1545.2797,1546.8353,0.0
995,0.0,1544.6412,1545.2773,1546.8369,0.0
996,0.0,1544.6635,1545.2789,1546.8377,0.0
997,0.0,1544.6842,1545.2805,1546.8353,0.0
998,0.0,1544.7096,1545.2757,1546.8353,0.0
999,0.0,1544.7399,1545.2781,1546.8369,0.0
1000,0.0,1543.8147,0.0,1546.8449,0.0
1001,0.0,1543.8147,0.0,1546.8473,0.0
1002,0.0,1543.8139,0.0,1546.8441,0.0
1003,0.0,1543.8259,0.0,1546.8465,0.0
1004,0.0,1543.8068,0.0,1546.8473,0.0
1005,0.0,1543.8259,0.0,1546.8441,0.0
1006,0.0,1543.8028,0.0,1546.8481,0.0
1007,0.0,1543.8179,0.0,1546.8513,0.0
1008,0.0,1543.8259,0.0,1546.8425,0.0
1009,0.0,1543.8195,0.0,1546.8425,0.0
1010,0.0,1543.8283,0.0,1546.8457,0.0
1011,0.0,1543.8203,0.0,1546.8481,0.0
1012,0.0,1543.8275,0.0,1546.8473,0.0
1013,0.0,1543.8235,0.0,1546.8489,0.0
1014,0.0,1543.8179,0.0,1546.8497,0.0
1015,0.0,1543.8227,0.0,1546.8473,0.0
1016,0.0,1543.8283,0.0,1546.8521,0.0
1017,0.0,1543.8227,0.0,1546.8529,0.0
1018,0.0,1543.8267,0.0,1546.8552,0.0
1019,0.0,1543.8267,0.0,1546.8552,0.0
1020,0.0,1543.8235,0.0,1546.8497,0.0
1021,0.0,1543.8267,0.0,1546.8497,0.0
1022,0.0,1543.8243,0.0,1546.8489,0.0
1023,0.0,1543.8251,0.0,1546.8521,0.0
1024,0.0,1543.8283,0.0,1546.8529,0.0
1025,0.0,1543.8036,0.0,1546.8521,0.0
1026,0.0,1543.8283,0.0,1546.8521,0.0
1027,0.0,1543.8203,0.0,1546.8497,0.0
1028,0.0,1543.8116,0.0,1546.8489,0.0
1029,0.0,1543.8155,0.0,1546.8513,0.0
1030,0.0,1543.8267,0.0,1546.8545,0.0
1031,0.0,1543.8219,0.0,1546.8513,0.0
1032,0.0,1543.8227,0.0,1546.8505,0.0
1033,0.0,1543.8179,0.0,1546.8537,0.0
1034,0.0,1543.8362,0.0,1546.8497,0.0
1035,0.0,1543.829,0.0,1546.8521,0.0
1036,0.0,1543.829,0.0,1546.8545,0.0
1037,0.0,1543.8259,0.0,1546.8552,0.0
1038,0.0,1543.837,0.0,1546.8505,0.0
1039,0.0,1543.8298,0.0,1546.8545,0.0
1040,0.0,1543.8259,0.0,1546.8529,0.0
1041,0.0,1543.8227,0.0,1546.8545,0.0
1042,0.0,1543.8314,0.0,1546.856,0.0
1043,0.0,1543.8243,0.0,1546.8552,0.0
1044,0.0,1543.8195,0.0,1546.8568,0.0
1045,0.0,1543.8243,0.0,1546.8568,0.0
1046,0.0,1543.829,0.0,1546.856,0.0
1047,0.0,1543.8076,0.0,1546.8545,0.0
1048,0.0,1543.8259,0.0,1546.8552,0.0
1049,0.0,1543.8203,0.0,1546.8545,0.0
1050,0.0,1543.8179,0.0,1546.8592,0.0
1051,0.0,1543.8187,0.0,1546.8568,0.0
1052,0.0,1543.8155,0.0,1546.8537,0.0
1053,0.0,1543.8211,0.0,1546.8545,0.0
1054,0.0,1543.8306,0.0,1546.8529,0.0
1055,0.0,1543.8155,0.0,1546.8552,0.0
1056,0.0,1543.8219,0.0,1546.8568,0.0
1057,0.0,1543.8243,0.0,1546.8592,0.0
1058,0.0,1543.833,0.0,1546.8537,0.0
1059,0.0,1543.8187,0.0,1546.8545,0.0
1060,0.0,1543.8314,0.0,1546.8545,0.0
1061,0.0,1543.8235,0.0,1546.8552,0.0
1062,0.0,1543.8219,0.0,1546.8584,0.0
1063,0.0,1543.8259,0.0,1546.8545,0.0
1064,0.0,1543.8147,0.0,1546.8552,0.0
1065,0.0,1543.8227,0.0,1546.8537,0.0
1066,0.0,1543.8243,0.0,1546.8473,0.0
1067,0.0,1543.8298,0.0,1546.8489,0.0
1068,0.0,1543.8235,0.0,1546.8529,0.0
1069,0.0,1543.8235,0.0,1546.856,0.0
1070,0.0,1543.8283,0.0,1546.8545,0.0
1071,0.0,1543.8139,0.0,1546.8529,0.0
1072,0.0,1543.8251,0.0,1546.8537,0.0
1073,0.0,1543.8346,0.0,1546.8545,0.0
1074,0.0,1543.8163,0.0,1546.8497,0.0
1075,0.0,1543.8147,0.0,1546.8521,0.0
1076,0.0,1543.8243,0.0,1546.8473,0.0
1077,0.0,1543.8116,0.0,1546.8489,0.0
1078,0.0,1543.8187,0.0,1546.8537,0.0
1079,0.0,1543.8139,0.0,1546.8552,0.0
1080,0.0,1543.8171,0.0,1546.8552,0.0
1081,0.0,1543.8243,0.0,1546.8545,0.0
1082,0.0,1543.829,0.0,1546.8568,0.0
1083,0.0,1543.8171,0.0,1546.8537,0.0
1084,0.0,1543.8211,0.0,1546.8521,0.0
1085,0.0,1543.8235,0.0,1546.8545,0.0
1086,0.0,1543.8163,0.0,1546.8521,0.0
1087,0.0,1543.8283,0.0,1546.8552,0.0
1088,0.0,1543.8298,0.0,1546.8505,0.0
1089,0.0,1543.8219,0.0,1546.8441,0.0
1090,0.0,1543.8187,0.0,1546.8513,0.0
1091,0.0,1543.8243,0.0,1546.8505,0.0
1092,0.0,1543.8004,0.0,1546.8505,0.0
1093,0.0,1543.8235,0.0,1546.8505,0.0
1094,0.0,1543.8227,0.0,1546.8497,0.0
1095,0.0,1543.8283,0.0,1546.8552,0.0
1096,0.0,1543.8251,0.0,1546.8481,0.0
1097,0.0,1543.8322,0.0,1546.8465,0.0
1098,0.0,1543.8322,0.0,1546.8513,0.0
1099,0.0,1543.8243,0.0,1546.8513,0.0
1100,0.0,1543.8163,0.0,1546.8537,0.0
1101,0.0,1543.8179,0.0,1546.8529,0.0
1102,0.0,1543.8346,0.0,1546.8473,0.0
1103,0.0,1543.8338,0.0,1546.8497,0.0
1104,0.0,1543.8227,0.0,1546.8489,0.0
1105,0.0,1543.8275,0.0,1546.8481,0.0
1106,0.0,1543.8267,0.0,1546.8489,0.0
1107,0.0,1543.8243,0.0,1546.8521,0.0
1108,0.0,1543.8227,0.0,1546.8473,0.0
1109,0.0,1543.8267,0.0,1546.8481,0.0
1110,0.0,1543.8346,0.0,1546.8473,0.0
1111,0.0,1543.8179,0.0,1546.8465,0.0
1112,0.0,1543.8251,0.0,1546.8481,0.0
1113,0.0,1543.8267,0.0,1546.8465,0.0
1114,0.0,1543.8195,0.0,1546.8489,0.0
1115,0.0,1543.8219,0.0,1546.8433,0.0
1116,0.0,1543.8243,0.0,1546.8497,0.0
1117,0.0,1543.8187,0.0,1546.8457,0.0
1118,0.0,1543.8179,0.0,1546.8497,0.0
1119,0.0,1543.8275,0.0,1546.8489,0.0
1120,0.0,1543.8179,0.0,1546.8537,0.0
1121,0.0,1543.8306,0.0,1546.8465,0.0
1122,0.0,1543.8259,0.0,1546.8505,0.0
1123,0.0,1543.829,0.0,1546.8481,0.0
1124,0.0,1543.8235,0.0,1546.8521,0.0
1125,0.0,1543.8298,0.0,1546.8537,0.0
1126,0.0,1543.8227,0.0,1546.856,0.0
1127,0.0,1543.8354,0.0,1546.8505,0.0
1128,0.0,1543.8338,0.0,1546.856,0.0
1129,0.0,1543.8306,0.0,1546.8545,0.0
1130,0.0,1543.833,0.0,1546.8497,0.0
1131,0.0,1543.8275,0.0,1546.8529,0.0
1132,0.0,1543.8267,0.0,1546.8521,0.0
1133,0.0,1543.8267,0.0,1546.8497,0.0
1134,0.0,1543.8314,0.0,1546.8529,0.0
1135,0.0,1543.8235,0.0,1546.8537,0.0
1136,0.0,1543.8314,0.0,1546.8521,0.0
1137,0.0,1543.8203,0.0,1546.8465,0.0
1138,0.0,1543.8362,0.0,1546.8473,0.0
1139,0.0,1543.8251,0.0,1546.8497,0.0
1140,0.0,1543.8108,0.0,1546.8545,0.0
1141,0.0,1543.8235,0.0,1546.8497,0.0
1142,0.0,1543.8195,0.0,1546.8505,0.0
1143,0.0,1543.8227,0.0,1546.8497,0.0
1144,0.0,1543.8211,0.0,1546.8497,0.0
1145,0.0,1543.8283,0.0,1546.8529,0.0
1146,0.0,1543.8052,0.0,1546.8521,0.0
1147,0.0,1543.8116,0.0,1546.8521,0.0
1148,0.0,1543.8219,0.0,1546.8505,0.0
1149,0.0,1543.829,0.0,1546.8521,0.0
1150,0.0,1543.8314,0.0,1546.8473,0.0
1151,0.0,1543.8283,0.0,1546.8481,0.0
1152,0.0,1543.8251,0.0,1546.8489,0.0
1153,0.0,1543.8346,0.0,1546.8497,0.0
1154,0.0,1543.8314,0.0,1546.8505,0.0
1155,0.0,1543.829,0.0,1546.8497,0.0
1156,0.0,1543.8338,0.0,1546.8529,0.0
1157,0.0,1543.8235,0.0,1546.8505,0.0
1158,0.0,1543.8139,0.0,1546.8505,0.0
1159,0.0,1543.8283,0.0,1546.8505,0.0
1160,0.0,1543.8251,0.0,1546.8441,0.0
1161,0.0,1543.829,0.0,1546.8465,0.0
1162,0.0,1543.8298,0.0,1546.8489,0.0
1163,0.0,1543.8346,0.0,1546.8489,0.0
1164,0.0,1543.8211,0.0,1546.8529,0.0
1165,0.0,1543.8354,0.0,1546.8545,0.0
1166,0.0,1543.8314,0.0,1546.8537,0.0
1167,0.0,1543.8346,0.0,1546.8584,0.0
1168,0.0,1543.8314,0.0,1546.8545,0.0
1169,0.0,1543.81,0.0,1546.8576,0.0
1170,0.0,1543.8298,0.0,1546.8537,0.0
1171,0.0,1543.8259,0.0,1546.8521,0.0
1172,0.0,1543.8203,0.0,1546.8497,0.0
1173,0.0,1543.8283,0.0,1546.8529,0.0
1174,0.0,1543.8314,0.0,1546.8529,0.0
1175,0.0,1543.8314,0.0,1546.8489,0.0
1176,0.0,1543.8275,0.0,1546.8465,0.0
1177,0.0,1543.8306,0.0,1546.8489,0.0
1178,0.0,1543.8259,0.0,1546.8537,0.0
1179,0.0,1543.8306,0.0,1546.8513,0.0
1180,0.0,1543.833,0.0,1546.8521,0.0
1181,0.0,1543.8084,0.0,1546.8497,0.0
1182,0.0,1543.8306,0.0,1546.8513,0.0
1183,0.0,1543.8283,0.0,1546.8529,0.0
1184,0.0,1543.8219,0.0,1546.8521,0.0
1185,0.0,1543.8076,0.0,1546.8529,0.0
1186,0.0,1543.8227,0.0,1546.8489,0.0
1187,0.0,1543.8386,0.0,1546.8513,0.0
1188,0.0,1543.8378,0.0,1546.8521,0.0
1189,0.0,1543.8306,0.0,1546.8497,0.0
1190,0.0,1543.8338,0.0,1546.8521,0.0
1191,0.0,1543.8267,0.0,1546.8545,0.0
1192,0.0,1543.8362,0.0,1546.8521,0.0
1193,0.0,1543.8386,0.0,1546.8537,0.0
1194,0.0,1543.833,0.0,1546.8521,0.0
1195,0.0,1543.8362,0.0,1546.8545,0.0
1196,0.0,1543.837,0.0,1546.856,0.0
1197,0.0,1543.8298,0.0,1546.8513,0.0
1198,0.0,1543.8211,0.0,1546.8537,0.0
1199,0.0,1543.8378,0.0,1546.8568,0.0
