,350,450,550,650,750,850,950
0,1537.7253,1539.1756,1540.7363,1542.3478,1544.0127,1545.7307,1547.6618
1,1537.719,1539.1621,1540.7307,1542.3382,1544.0159,1545.7283,1547.657
2,1537.7229,1539.1764,1540.7331,1542.3414,1544.0064,1545.7291,1547.6594
3,1537.7308,1539.1692,1540.7331,1542.3422,1544.0079,1545.7291,1547.6586
4,1537.7221,1539.1708,1540.7371,1542.343,1544.0103,1545.7283,1547.6618
5,1537.7324,1539.1645,1540.7323,1542.3438,1544.0103,1545.7315,1547.661
6,1537.719,1539.1708,1540.7386,1542.3406,1544.0095,1545.7315,1547.6602
7,1537.7166,1539.1637,1540.7347,1542.3438,1544.0127,1545.7307,1547.6602
8,1537.7332,1539.1764,1540.7386,1542.3414,1544.0127,1545.7339,1547.6618
9,1537.7339,1539.1621,1540.7299,1542.339,1544.0151,1545.7315,1547.6626
10,1537.7253,1539.1645,1540.7299,1542.3398,1544.0151,1545.7307,1547.6618
11,1537.7166,1539.174,1540.7347,1542.3422,1544.0135,1545.7307,1547.6618
12,1537.7355,1539.1661,1540.7363,1542.3454,1544.0143,1545.7323,1547.6642
13,1537.7245,1539.1716,1540.7339,1542.3422,1544.0127,1545.7315,1547.6634
14,1537.7253,1539.159,1540.7307,1542.3382,1544.0072,1545.7331,1547.665
15,1537.7261,1539.1653,1540.7331,1542.343,1544.0119,1545.7315,1547.6626
16,1537.719,1539.1771,1540.7379,1542.3478,1544.0127,1545.7315,1547.6634
17,1537.7229,1539.1653,1540.7386,1542.347,1544.0143,1545.7339,1547.6658
18,1537.7355,1539.1708,1540.7339,1542.3414,1544.0087,1545.7323,1547.6642
19,1537.7324,1539.1661,1540.7386,1542.3454,1544.0087,1545.7323,1547.6642
20,1537.715,1539.1669,1540.7379,1542.3454,1544.0095,1545.7315,1547.6682
21,1537.73,1539.1653,1540.7355,1542.347,1544.0095,1545.7315,1547.6682
22,1537.7284,1539.174,1540.741,1542.3398,1544.0072,1545.7307,1547.669
23,1537.7284,1539.1669,1540.7386,1542.3454,1544.0095,1545.7347,1547.6674
24,1537.7237,1539.159,1540.7299,1542.3438,1544.0111,1545.7299,1547.6682
25,1537.7276,1539.155,1540.7307,1542.343,1544.0127,1545.7299,1547.6682
26,1537.7261,1539.1629,1540.7307,1542.3454,1544.0103,1545.7299,1547.6674
27,1537.7316,1539.1771,1540.7315,1542.3454,1544.0103,1545.7299,1547.6698
28,1537.7229,1539.1653,1540.7323,1542.339,1544.0087,1545.7323,1547.6706
29,1537.73,1539.1637,1540.7284,1542.3438,1544.0056,1545.7307,1547.6698
30,1537.7245,1539.1605,1540.7307,1542.3422,1544.0127,1545.7315,1547.669
31,1537.7134,1539.1432,1540.7323,1542.3422,1544.0072,1545.7275,1547.6722
32,1537.7308,1539.1716,1540.7315,1542.3414,1544.0087,1545.7315,1547.673
33,1537.7308,1539.1613,1540.7299,1542.339,1544.0048,1545.7291,1547.6738
34,1537.7126,1539.1598,1540.7315,1542.3414,1544.0095,1545.7299,1547.6738
35,1537.7363,1539.1503,1540.7339,1542.343,1544.0127,1545.7331,1547.6746
36,1537.7355,1539.1645,1540.7299,1542.3406,1544.0087,1545.7307,1547.673
37,1537.7347,1539.1503,1540.7355,1542.3462,1544.0095,1545.7331,1547.6722
38,1537.7292,1539.1653,1540.7339,1542.3414,1544.0087,1545.7275,1547.6754
39,1537.7308,1539.1629,1540.7339,1542.3462,1544.0135,1545.7315,1547.6746
40,1537.7166,1539.1637,1540.7347,1542.343,1544.0095,1545.7339,1547.6738
41,1537.7268,1539.1653,1540.7363,1542.3414,1544.0135,1545.7331,1547.6738
42,1537.7134,1539.1669,1540.7339,1542.3446,1544.0111,1545.7315,1547.6746
43,1537.7308,1539.174,1540.7268,1542.3446,1544.0095,1545.7339,1547.677
44,1537.7324,1539.17,1540.7291,1542.3462,1544.0135,1545.7315,1547.6754
45,1537.7213,1539.1692,1540.7339,1542.3438,1544.0135,1545.7331,1547.6778
46,1537.73,1539.1495,1540.7315,1542.343,1544.0127,1545.7347,1547.677
47,1537.7119,1539.1637,1540.7307,1542.3382,1544.0135,1545.7339,1547.6762
48,1537.7197,1539.1764,1540.7299,1542.3438,1544.0135,1545.7347,1547.6778
49,1537.719,1539.1566,1540.7355,1542.339,1544.0135,1545.7355,1547.6762
50,1537.704,1539.1645,1540.7276,1542.3414,1544.0127,1545.7339,1547.6762
51,1537.7142,1539.1613,1540.7379,1542.347,1544.0103,1545.7355,1547.6778
52,1537.7213,1539.159,1540.7284,1542.3422,1544.0103,1545.7363,1547.677
53,1537.715,1539.1629,1540.7307,1542.3382,1544.0119,1545.7379,1547.6786
54,1537.7324,1539.1669,1540.7331,1542.3446,1544.0103,1545.7355,1547.6818
55,1537.7103,1539.1756,1540.741,1542.3454,1544.0111,1545.7371,1547.681
56,1537.7205,1539.1724,1540.7347,1542.3422,1544.0127,1545.7347,1547.6794
57,1537.7095,1539.1692,1540.7323,1542.3462,1544.0087,1545.7355,1547.6842
58,1537.719,1539.1598,1540.7371,1542.3454,1544.0103,1545.7363,1547.6818
59,1537.7182,1539.1542,1540.7331,1542.3486,1544.0135,1545.7355,1547.6818
60,1537.7197,1539.159,1540.7323,1542.3478,1544.0135,1545.7355,1547.6826
61,1537.7276,1539.1629,1540.7363,1542.3478,1544.0111,1545.7379,1547.6826
62,1537.7261,1539.1455,1540.7371,1542.3446,1544.0111,1545.7347,1547.6826
63,1537.7261,1539.1598,1540.7371,1542.3478,1544.0143,1545.7347,1547.6842
64,1537.7142,1539.1574,1540.7371,1542.3486,1544.0151,1545.7355,1547.6842
65,1537.7197,1539.1669,1540.7331,1542.3462,1544.0111,1545.7355,1547.685
66,1537.7237,1539.174,1540.7363,1542.3478,1544.0103,1545.7363,1547.6826
67,1537.719,1539.1566,1540.7339,1542.3493,1544.0119,1545.7363,1547.6866
68,1537.7213,1539.1716,1540.7371,1542.3462,1544.0095,1545.7379,1547.6866
69,1537.7245,1539.155,1540.7386,1542.3478,1544.0127,1545.7363,1547.6866
70,1537.7166,1539.1684,1540.7339,1542.3478,1544.0103,1545.7395,1547.6866
71,1537.7221,1539.1684,1540.7363,1542.3462,1544.0079,1545.7395,1547.6874
72,1537.7245,1539.1724,1540.7291,1542.3462,1544.0087,1545.7347,1547.6874
73,1537.7071,1539.159,1540.7347,1542.343,1544.0103,1545.7403,1547.689
74,1537.7221,1539.1748,1540.7363,1542.3478,1544.0095,1545.7371,1547.6874
75,1537.7205,1539.1724,1540.7331,1542.3414,1544.0127,1545.7387,1547.689
76,1537.7308,1539.1621,1540.7386,1542.3462,1544.0111,1545.7403,1547.6898
77,1537.7379,1539.1653,1540.7339,1542.3486,1544.0111,1545.7395,1547.689
78,1537.7071,1539.1605,1540.7315,1542.3446,1544.0119,1545.7379,1547.6906
79,1537.7261,1539.1684,1540.7299,1542.347,1544.0143,1545.7347,1547.6882
80,1537.7308,1539.159,1540.7323,1542.3525,1544.0111,1545.7371,1547.6945
81,1537.7119,1539.1613,1540.7268,1542.3438,1544.0103,1545.7379,1547.6922
82,1537.7276,1539.1637,1540.7291,1542.347,1544.0103,1545.7403,1547.693
83,1537.7205,1539.1771,1540.7347,1542.3462,1544.0119,1545.7347,1547.6945
84,1537.7245,1539.1764,1540.7363,1542.3493,1544.0087,1545.7355,1547.6922
85,1537.7261,1539.1692,1540.7307,1542.3462,1544.0087,1545.7387,1547.693
86,1537.7268,1539.1771,1540.7347,1542.3478,1544.0127,1545.7371,1547.693
87,1537.7316,1539.1708,1540.7347,1542.3454,1544.0095,1545.7387,1547.6937
88,1537.7087,1539.1582,1540.7355,1542.3422,1544.0095,1545.7403,1547.6945
89,1537.7245,1539.1653,1540.7386,1542.3422,1544.0143,1545.7395,1547.6937
90,1537.7276,1539.159,1540.7371,1542.3454,1544.0143,1545.7418,1547.693
91,1537.73,1539.1613,1540.7394,1542.3478,1544.0111,1545.7379,1547.6953
92,1537.7332,1539.1621,1540.7347,1542.3438,1544.0095,1545.7411,1547.6961
93,1537.7182,1539.1684,1540.7434,1542.3454,1544.0111,1545.7411,1547.6961
94,1537.7221,1539.1574,1540.7394,1542.3454,1544.0079,1545.7411,1547.6937
95,1537.7205,1539.1669,1540.7418,1542.3438,1544.0095,1545.7411,1547.6953
96,1537.7261,1539.1629,1540.7379,1542.3454,1544.0135,1545.7379,1547.6969
97,1537.7205,1539.1637,1540.7347,1542.3493,1544.0119,1545.7387,1547.6977
98,1537.7158,1539.1542,1540.7347,1542.3493,1544.0143,1545.7387,1547.6985
99,1537.7253,1539.1716,1540.7363,1542.347,1544.0143,1545.7403,1547.7009
100,1537.7253,1539.1677,1540.7371,1542.3486,1544.0087,1545.7418,1547.7017
101,1537.6866,1539.1621,1540.7394,1542.3486,1544.0135,1545.7387,1547.7017
102,1537.7276,1539.1669,1540.7379,1542.3454,1544.0111,1545.7379,1547.6969
103,1537.715,1539.1661,1540.7339,1542.3509,1544.0167,1545.7395,1547.7009
104,1537.7182,1539.1748,1540.7315,1542.3509,1544.0135,1545.7418,1547.7025
105,1537.7347,1539.1661,1540.7315,1542.3414,1544.0135,1545.7411,1547.7033
106,1537.7134,1539.1708,1540.7379,1542.3493,1544.0143,1545.7403,1547.7033
107,1537.7111,1539.1432,1540.7315,1542.3446,1544.0103,1545.7387,1547.7041
108,1537.7174,1539.174,1540.7323,1542.3462,1544.0151,1545.7403,1547.7033
109,1537.6945,1539.1708,1540.7363,1542.343,1544.0135,1545.7403,1547.7041
110,1537.7182,1539.1637,1540.7331,1542.3446,1544.0143,1545.7411,1547.7025
111,1537.7111,1539.1677,1540.7315,1542.3446,1544.0135,1545.7411,1547.7057
112,1537.7268,1539.159,1540.7371,1542.343,1544.0167,1545.7418,1547.7033
113,1537.7284,1539.1708,1540.7355,1542.3478,1544.0135,1545.7387,1547.7049
114,1537.7126,1539.1598,1540.7347,1542.3462,1544.0151,1545.7411,1547.7049
115,1537.7126,1539.1692,1540.7339,1542.343,1544.0159,1545.7411,1547.7089
116,1537.715,1539.1669,1540.7315,1542.343,1544.0167,1545.7458,1547.7065
117,1537.7245,1539.1519,1540.7323,1542.3454,1544.0151,1545.7434,1547.7081
118,1537.7079,1539.1787,1540.7371,1542.3478,1544.0135,1545.7442,1547.7105
119,1537.7,1539.1692,1540.7347,1542.347,1544.0135,1545.7426,1547.7065
120,1537.7276,1539.1692,1540.7363,1542.3486,1544.0151,1545.7426,1547.7105
121,1537.6961,1539.1605,1540.7331,1542.3422,1544.0127,1545.7371,1547.7129
122,1537.7197,1539.1519,1540.7394,1542.3493,1544.0135,1545.7363,1547.7105
123,1537.7197,1539.1779,1540.7355,1542.3525,1544.0111,1545.7379,1547.7113
124,1537.7245,1539.1843,1540.7315,1542.3438,1544.0143,1545.7363,1547.7129
125,1537.7205,1539.17,1540.7315,1542.347,1544.0111,1545.7355,1547.7121
126,1537.7221,1539.17,1540.7386,1542.3478,1544.0111,1545.7363,1547.7113
127,1537.7024,1539.1653,1540.7371,1542.3454,1544.0143,1545.7411,1547.7137
128,1537.7308,1539.1684,1540.7323,1542.3493,1544.0167,1545.7411,1547.7161
129,1537.7284,1539.1716,1540.7347,1542.3446,1544.0087,1545.7403,1547.7145
130,1537.7268,1539.1621,1540.7402,1542.347,1544.0079,1545.7426,1547.7137
131,1537.7213,1539.1819,1540.7394,1542.3454,1544.0095,1545.7411,1547.7161
132,1537.7142,1539.1779,1540.7402,1542.3438,1544.0151,1545.7426,1547.7153
133,1537.7308,1539.1732,1540.7379,1542.3493,1544.0151,1545.7395,1547.7177
134,1537.7253,1539.1827,1540.7299,1542.343,1544.0127,1545.7411,1547.7169
135,1537.7237,1539.1732,1540.7276,1542.3462,1544.0143,1545.7434,1547.7185
136,1537.7229,1539.1835,1540.7291,1542.3446,1544.0151,1545.7418,1547.7185
137,1537.7221,1539.159,1540.7355,1542.3493,1544.0143,1545.7395,1547.7161
138,1537.7197,1539.1582,1540.7331,1542.3462,1544.0135,1545.7418,1547.7209
139,1537.7284,1539.1645,1540.7355,1542.3501,1544.0127,1545.7411,1547.7193
140,1537.7229,1539.1803,1540.7371,1542.3533,1544.0151,1545.7434,1547.7209
141,1537.7174,1539.1684,1540.7331,1542.3422,1544.0143,1545.7418,1547.7225
142,1537.7119,1539.1637,1540.7299,1542.3525,1544.0151,1545.7442,1547.7257
143,1537.7213,1539.1661,1540.7347,1542.3501,1544.0167,1545.745,1547.7225
144,1537.7347,1539.1803,1540.7339,1542.347,1544.0143,1545.7418,1547.7225
145,1537.719,1539.1661,1540.7355,1542.3501,1544.0175,1545.7426,1547.7209
146,1537.7095,1539.1708,1540.7339,1542.3501,1544.0183,1545.7411,1547.7233
147,1537.7,1539.1724,1540.7363,1542.3533,1544.0191,1545.7426,1547.7257
148,1537.7245,1539.1621,1540.7331,1542.3478,1544.0183,1545.7434,1547.7257
149,1537.7213,1539.1716,1540.7394,1542.3509,1544.0143,1545.7458,1547.7265
150,1537.7063,1539.1629,1540.7363,1542.3533,1544.0191,1545.7458,1547.7273
151,1537.7158,1539.1629,1540.7371,1542.3517,1544.0135,1545.7442,1547.7241
152,1537.7056,1539.1716,1540.7386,1542.3478,1544.0167,1545.7474,1547.7273
153,1537.7197,1539.1732,1540.7379,1542.3525,1544.0167,1545.745,1547.7297
154,1537.7253,1539.1669,1540.7363,1542.3501,1544.0151,1545.745,1547.7297
155,1537.7221,1539.1582,1540.7363,1542.3533,1544.0175,1545.7442,1547.7297
156,1537.7237,1539.1795,1540.7339,1542.3509,1544.0183,1545.745,1547.7305
157,1537.7205,1539.17,1540.7394,1542.3501,1544.0175,1545.7426,1547.7329
158,1537.7395,1539.174,1540.7363,1542.3509,1544.0167,1545.7418,1547.7305
159,1537.7245,1539.1621,1540.7386,1542.3478,1544.0151,1545.7466,1547.7297
160,1537.7174,1539.1629,1540.7379,1542.3501,1544.0183,1545.7442,1547.7321
161,1537.7276,1539.17,1540.7379,1542.3454,1544.0183,1545.7442,1547.7321
162,1537.7324,1539.1574,1540.7434,1542.3478,1544.0199,1545.7442,1547.7313
163,1537.7308,1539.1716,1540.7379,1542.347,1544.0143,1545.7458,1547.7305
164,1537.719,1539.1629,1540.7379,1542.3493,1544.0191,1545.7466,1547.7313
165,1537.7237,1539.1787,1540.7331,1542.3446,1544.0191,1545.745,1547.7329
166,1537.7213,1539.1677,1540.7339,1542.3486,1544.0167,1545.7458,1547.7321
167,1537.7213,1539.1684,1540.7363,1542.3462,1544.0183,1545.7442,1547.7329
168,1537.7142,1539.1503,1540.7355,1542.3517,1544.0127,1545.7466,1547.7321
169,1537.7166,1539.1684,1540.7347,1542.3493,1544.0167,1545.745,1547.7361
170,1537.7276,1539.1811,1540.7347,1542.3525,1544.0183,1545.745,1547.7353
171,1537.7158,1539.1771,1540.7394,1542.3525,1544.0175,1545.7458,1547.7353
172,1537.7111,1539.1716,1540.7442,1542.3509,1544.0159,1545.745,1547.7361
173,1537.719,1539.1605,1540.7347,1542.3486,1544.0143,1545.7458,1547.7361
174,1537.7276,1539.1677,1540.7426,1542.3517,1544.0159,1545.7426,1547.7393
175,1537.7261,1539.1764,1540.7379,1542.3541,1544.0159,1545.7434,1547.7385
176,1537.7213,1539.17,1540.7347,1542.3517,1544.0159,1545.745,1547.7377
177,1537.7166,1539.1692,1540.7394,1542.3438,1544.0175,1545.745,1547.7377
178,1537.7229,1539.17,1540.7347,1542.3454,1544.0183,1545.7458,1547.7385
179,1537.7292,1539.1748,1540.7323,1542.3478,1544.0135,1545.7466,1547.7409
180,1537.7221,1539.1732,1540.7355,1542.3486,1544.0159,1545.745,1547.7393
181,1537.7032,1539.1708,1540.7339,1542.3454,1544.0159,1545.7466,1547.7433
182,1537.6969,1539.1661,1540.7331,1542.3493,1544.0183,1545.7458,1547.7409
183,1537.7016,1539.1558,1540.7402,1542.3478,1544.0175,1545.7466,1547.7401
184,1537.7119,1539.1803,1540.7323,1542.3501,1544.0183,1545.7466,1547.7417
185,1537.7221,1539.1684,1540.7394,1542.3462,1544.0167,1545.7474,1547.7449
186,1537.7197,1539.1827,1540.7371,1542.3462,1544.0183,1545.7466,1547.7441
187,1537.7174,1539.1677,1540.7347,1542.3406,1544.0167,1545.745,1547.7449
188,1537.7253,1539.1724,1540.7347,1542.3509,1544.0175,1545.7434,1547.7433
189,1537.719,1539.1645,1540.7355,1542.3493,1544.0159,1545.7458,1547.7449
190,1537.7158,1539.159,1540.7307,1542.3509,1544.0143,1545.7466,1547.7417
191,1537.7308,1539.1716,1540.7379,1542.347,1544.0159,1545.7474,1547.7489
192,1537.7221,1539.1764,1540.7323,1542.3509,1544.0191,1545.7458,1547.7465
193,1537.7221,1539.17,1540.7363,1542.3501,1544.0159,1545.7466,1547.7489
194,1537.7245,1539.1716,1540.7268,1542.347,1544.0159,1545.745,1547.7449
195,1537.7245,1539.1748,1540.7307,1542.3486,1544.0175,1545.7474,1547.7481
196,1537.7237,1539.17,1540.7355,1542.3486,1544.0175,1545.7474,1547.7457
197,1537.7292,1539.1756,1540.7363,1542.3517,1544.0151,1545.7458,1547.7497
198,1537.7253,1539.1645,1540.7363,1542.3493,1544.0183,1545.7458,1547.7489
199,1537.715,1539.1605,1540.7371,1542.3509,1544.0175,1545.7474,1547.7513
200,1538.8998,1540.3587,1541.8853,1543.4483,1545.0559,1546.5736,1548.4556
201,1538.9061,1540.3579,1541.8853,1543.4436,1545.0583,1546.5728,1548.458
202,1538.9006,1540.3602,1541.8821,1543.4483,1545.0583,1546.576,1548.4588
203,1538.9006,1540.3602,1541.8885,1543.4515,1545.0623,1546.572,1548.4564
204,1538.9069,1540.3626,1541.8813,1543.4499,1545.0623,1546.5736,1548.458
205,1538.9069,1540.361,1541.8845,1543.4499,1545.0607,1546.5704,1548.4572
206,1538.9069,1540.3571,1541.8837,1543.4499,1545.0567,1546.572,1548.4572
207,1538.899,1540.3618,1541.8853,1543.4531,1545.0591,1546.572,1548.4596
208,1538.8967,1540.365,1541.8877,1543.4539,1545.0559,1546.5704,1548.4572
209,1538.9046,1540.3602,1541.8877,1543.4523,1545.0567,1546.5712,1548.4596
210,1538.9006,1540.3618,1541.8837,1543.4547,1545.0551,1546.572,1548.4596
211,1538.9038,1540.3602,1541.8845,1543.4587,1545.0591,1546.5712,1548.4588
212,1538.9069,1540.3626,1541.8845,1543.4587,1545.0599,1546.5704,1548.462
213,1538.9038,1540.3555,1541.8861,1543.4587,1545.0575,1546.5704,1548.4612
214,1538.9038,1540.3658,1541.8853,1543.4491,1545.0607,1546.5744,1548.462
215,1538.8998,1540.3571,1541.8813,1543.442,1545.0599,1546.5752,1548.4612
216,1538.8967,1540.3618,1541.8861,1543.4531,1545.0551,1546.5688,1548.4612
217,1538.9014,1540.361,1541.8853,1543.4531,1545.0583,1546.5712,1548.4636
218,1538.9014,1540.3618,1541.8813,1543.4523,1545.0567,1546.5728,1548.4652
219,1538.9022,1540.361,1541.8869,1543.4499,1545.0544,1546.572,1548.4628
220,1538.8998,1540.361,1541.8861,1543.4499,1545.0544,1546.5736,1548.4612
221,1538.8951,1540.365,1541.8885,1543.4515,1545.0575,1546.5767,1548.462
222,1538.8967,1540.3642,1541.8829,1543.4372,1545.0544,1546.576,1548.462
223,1538.8982,1540.3539,1541.8932,1543.4515,1545.052,1546.5752,1548.4652
224,1538.9022,1540.3571,1541.8885,1543.4531,1545.0567,1546.5728,1548.4644
225,1538.9061,1540.3571,1541.8885,1543.4491,1545.0544,1546.5704,1548.4636
226,1538.903,1540.3634,1541.8885,1543.4563,1545.0551,1546.5736,1548.462
227,1538.9093,1540.3602,1541.8877,1543.4499,1545.0559,1546.572,1548.466
228,1538.8967,1540.361,1541.8877,1543.4523,1545.0559,1546.5752,1548.4644
229,1538.9069,1540.3618,1541.8861,1543.4499,1545.0575,1546.5712,1548.4636
230,1538.9077,1540.3547,1541.8877,1543.4507,1545.0551,1546.5728,1548.4676
231,1538.9069,1540.3587,1541.8885,1543.4515,1545.0591,1546.5736,1548.4668
232,1538.9101,1540.3658,1541.8861,1543.4555,1545.0575,1546.576,1548.4676
233,1538.9046,1540.3587,1541.8885,1543.4499,1545.0551,1546.576,1548.4644
234,1538.9046,1540.3587,1541.8924,1543.4515,1545.0551,1546.5736,1548.4676
235,1538.9061,1540.3595,1541.8813,1543.4452,1545.0544,1546.576,1548.466
236,1538.9069,1540.3515,1541.8821,1543.4467,1545.0536,1546.5728,1548.4676
237,1538.9053,1540.3563,1541.8861,1543.4523,1545.0575,1546.5696,1548.4676
238,1538.903,1540.3523,1541.8821,1543.4555,1545.0544,1546.5752,1548.4692
239,1538.8959,1540.35,1541.8916,1543.4531,1545.0575,1546.5752,1548.4676
240,1538.9022,1540.3515,1541.8861,1543.4547,1545.0583,1546.572,1548.4692
241,1538.9014,1540.3579,1541.8845,1543.4523,1545.0551,1546.5752,1548.47
242,1538.8967,1540.3563,1541.8837,1543.4547,1545.0536,1546.5736,1548.4676
243,1538.9077,1540.3555,1541.8845,1543.4579,1545.0551,1546.572,1548.4684
244,1538.9038,1540.3539,1541.8837,1543.4579,1545.0559,1546.5775,1548.4692
245,1538.8982,1540.3547,1541.8901,1543.4587,1545.0575,1546.5744,1548.4692
246,1538.9046,1540.3523,1541.8885,1543.4547,1545.0583,1546.5744,1548.4684
247,1538.8959,1540.3547,1541.8908,1543.4293,1545.0544,1546.5736,1548.4668
248,1538.9109,1540.3634,1541.8869,1543.4523,1545.0559,1546.5752,1548.47
249,1538.9022,1540.3602,1541.8901,1543.4523,1545.0559,1546.5744,1548.4692
250,1538.9014,1540.3507,1541.8877,1543.4563,1545.0583,1546.5767,1548.4708
251,1538.8959,1540.3539,1541.8805,1543.4579,1545.0583,1546.5783,1548.4716
252,1538.8951,1540.3531,1541.8837,1543.4571,1545.0551,1546.5775,1548.4716
253,1538.8974,1540.3595,1541.8908,1543.4555,1545.0528,1546.5767,1548.4708
254,1538.8943,1540.3539,1541.8837,1543.4515,1545.0559,1546.5752,1548.4708
255,1538.8998,1540.3531,1541.8845,1543.4428,1545.0536,1546.5767,1548.4732
256,1538.9006,1540.3571,1541.8901,1543.4412,1545.0567,1546.5752,1548.4716
257,1538.8959,1540.3515,1541.8901,1543.4555,1545.0559,1546.5791,1548.4716
258,1538.903,1540.35,1541.8869,1543.4555,1545.0583,1546.5767,1548.4724
259,1538.8998,1540.3587,1541.8885,1543.4459,1545.0551,1546.5775,1548.4724
260,1538.899,1540.3523,1541.8821,1543.4515,1545.0567,1546.5791,1548.4716
261,1538.9053,1540.3523,1541.8861,1543.4348,1545.0575,1546.576,1548.4732
262,1538.9038,1540.3539,1541.8877,1543.4539,1545.0591,1546.5775,1548.4724
263,1538.8959,1540.3579,1541.8853,1543.4515,1545.0583,1546.572,1548.474
264,1538.9014,1540.3531,1541.8861,1543.4563,1545.0559,1546.5744,1548.4724
265,1538.8935,1540.3595,1541.8861,1543.461,1545.0567,1546.5744,1548.474
266,1538.8974,1540.3571,1541.8861,1543.4404,1545.0559,1546.5728,1548.4748
267,1538.8959,1540.3595,1541.8829,1543.4459,1545.0551,1546.5744,1548.474
268,1538.8974,1540.3618,1541.8845,1543.4404,1545.0591,1546.5767,1548.4756
269,1538.8974,1540.3484,1541.8853,1543.4515,1545.0544,1546.5728,1548.4772
270,1538.903,1540.3523,1541.8885,1543.4507,1545.0567,1546.5744,1548.4748
271,1538.9022,1540.3531,1541.8869,1543.4499,1545.0575,1546.5767,1548.4772
272,1538.8943,1540.3547,1541.8861,1543.4483,1545.0536,1546.5752,1548.4756
273,1538.8982,1540.3571,1541.8885,1543.4428,1545.0551,1546.5775,1548.4756
274,1538.8927,1540.3531,1541.8861,1543.4602,1545.0551,1546.5767,1548.4756
275,1538.8998,1540.3555,1541.8837,1543.4364,1545.0583,1546.5783,1548.478
276,1538.8951,1540.3563,1541.8869,1543.4539,1545.0567,1546.5791,1548.4764
277,1538.899,1540.3547,1541.8805,1543.4563,1545.0567,1546.5807,1548.4804
278,1538.903,1540.3507,1541.8901,1543.461,1545.0575,1546.5752,1548.4764
279,1538.8974,1540.3468,1541.8821,1543.4539,1545.0551,1546.5767,1548.4788
280,1538.8982,1540.3484,1541.8774,1543.4507,1545.0559,1546.5775,1548.4788
281,1538.903,1540.3523,1541.8805,1543.4491,1545.0512,1546.5775,1548.4796
282,1538.8982,1540.3547,1541.8853,1543.4539,1545.0559,1546.5783,1548.4788
283,1538.9014,1540.3515,1541.8797,1543.4499,1545.0567,1546.5767,1548.4796
284,1538.8974,1540.3492,1541.8821,1543.4571,1545.0544,1546.5736,1548.478
285,1538.8998,1540.3531,1541.8797,1543.4459,1545.0536,1546.576,1548.4804
286,1538.9022,1540.3523,1541.8805,1543.4491,1545.0559,1546.576,1548.4804
287,1538.8982,1540.3507,1541.8774,1543.4523,1545.0551,1546.5807,1548.4828
288,1538.903,1540.3523,1541.8829,1543.4531,1545.0528,1546.5799,1548.482
289,1538.8911,1540.3523,1541.8869,1543.4571,1545.0575,1546.5767,1548.4812
290,1538.9006,1540.3507,1541.8853,1543.4475,1545.0551,1546.5799,1548.482
291,1538.8974,1540.3492,1541.8837,1543.4555,1545.0551,1546.5783,1548.4828
292,1538.9014,1540.3468,1541.8861,1543.4499,1545.0536,1546.5807,1548.4828
293,1538.8998,1540.3476,1541.8845,1543.4587,1545.0544,1546.5783,1548.4828
294,1538.9053,1540.3412,1541.8821,1543.4547,1545.0551,1546.5791,1548.4836
295,1538.8974,1540.3468,1541.8877,1543.4539,1545.0551,1546.5791,1548.4828
296,1538.903,1540.3523,1541.8805,1543.4459,1545.0583,1546.5791,1548.482
297,1538.8967,1540.3492,1541.8774,1543.4571,1545.0536,1546.5823,1548.4836
298,1538.9053,1540.3507,1541.8813,1543.4602,1545.0591,1546.5783,1548.4844
299,1538.8982,1540.3484,1541.8853,1543.4491,1545.0567,1546.5791,1548.4828
300,1538.8982,1540.3476,1541.8885,1543.4523,1545.0583,1546.5783,1548.4836
301,1538.9038,1540.3547,1541.8813,1543.4483,1545.0591,1546.5783,1548.4836
302,1538.9006,1540.3492,1541.8853,1543.4523,1545.0567,1546.5807,1548.4844
303,1538.899,1540.3507,1541.8829,1543.4491,1545.0567,1546.5775,1548.4836
304,1538.8951,1540.3515,1541.8861,1543.4499,1545.0551,1546.5783,1548.4828
305,1538.8951,1540.35,1541.8853,1543.4531,1545.0591,1546.5831,1548.4852
306,1538.9014,1540.3444,1541.8829,1543.4491,1545.0559,1546.5807,1548.4868
307,1538.9014,1540.3476,1541.8853,1543.4555,1545.0559,1546.5799,1548.4852
308,1538.9006,1540.3476,1541.8853,1543.4515,1545.0551,1546.5791,1548.482
309,1538.903,1540.35,1541.8853,1543.4515,1545.0559,1546.5791,1548.4844
310,1538.8982,1540.3452,1541.8932,1543.4348,1545.0567,1546.5783,1548.486
311,1538.8982,1540.3492,1541.8837,1543.4459,1545.0583,1546.5783,1548.486
312,1538.8998,1540.3436,1541.8893,1543.4523,1545.0575,1546.5799,1548.486
313,1538.9022,1540.3468,1541.8948,1543.4444,1545.0559,1546.5791,1548.486
314,1538.8959,1540.3476,1541.8885,1543.4467,1545.0551,1546.5799,1548.4828
315,1538.8967,1540.3484,1541.8901,1543.4467,1545.0544,1546.5807,1548.4876
316,1538.9022,1540.3492,1541.8829,1543.4571,1545.0559,1546.5815,1548.4884
317,1538.9046,1540.3515,1541.8837,1543.4547,1545.0575,1546.5815,1548.4868
318,1538.9006,1540.3547,1541.8893,1543.4483,1545.0583,1546.5791,1548.4876
319,1538.903,1540.3476,1541.8869,1543.4475,1545.0567,1546.5823,1548.486
320,1538.8959,1540.3555,1541.8805,1543.4499,1545.0559,1546.5807,1548.4844
321,1538.9006,1540.35,1541.8877,1543.4523,1545.0559,1546.5791,1548.4876
322,1538.8974,1540.3523,1541.8916,1543.4475,1545.0567,1546.5823,1548.486
323,1538.8959,1540.3484,1541.8813,1543.442,1545.0567,1546.5807,1548.4876
324,1538.9038,1540.3507,1541.8821,1543.4491,1545.0567,1546.5823,1548.4884
325,1538.8967,1540.3484,1541.8845,1543.4459,1545.0551,1546.5839,1548.4868
326,1538.9038,1540.3389,1541.8853,1543.4499,1545.0567,1546.5831,1548.4884
327,1538.9093,1540.3476,1541.8829,1543.4483,1545.0551,1546.5823,1548.4876
328,1538.9053,1540.3436,1541.8869,1543.4531,1545.0583,1546.5847,1548.4884
329,1538.9006,1540.3492,1541.8845,1543.4444,1545.0567,1546.5815,1548.4868
330,1538.9022,1540.3476,1541.8845,1543.4531,1545.0528,1546.5831,1548.4868
331,1538.8998,1540.35,1541.8805,1543.4491,1545.0591,1546.5847,1548.4884
332,1538.8974,1540.3452,1541.8821,1543.4555,1545.0536,1546.5823,1548.49
333,1538.9014,1540.3468,1541.8853,1543.4539,1545.0551,1546.5807,1548.4932
334,1538.9006,1540.3492,1541.8805,1543.4499,1545.0567,1546.5831,1548.4908
335,1538.8943,1540.3476,1541.8845,1543.4531,1545.0544,1546.5831,1548.4932
336,1538.8959,1540.346,1541.8837,1543.4539,1545.0567,1546.5831,1548.4908
337,1538.8943,1540.3507,1541.8813,1543.4452,1545.0551,1546.5831,1548.4932
338,1538.899,1540.3468,1541.8869,1543.4571,1545.0599,1546.5831,1548.4932
339,1538.8959,1540.3523,1541.8853,1543.4563,1545.0567,1546.5847,1548.494
340,1538.8982,1540.3444,1541.8853,1543.4491,1545.0591,1546.5839,1548.494
341,1538.8927,1540.35,1541.8821,1543.4491,1545.0607,1546.5815,1548.494
342,1538.903,1540.35,1541.8893,1543.4483,1545.0559,1546.5847,1548.4916
343,1538.8959,1540.3476,1541.8829,1543.4515,1545.0559,1546.5815,1548.4948
344,1538.9022,1540.3515,1541.8877,1543.4459,1545.0551,1546.5807,1548.4948
345,1538.9006,1540.3492,1541.8861,1543.4467,1545.052,1546.5839,1548.4948
346,1538.9046,1540.3531,1541.8861,1543.4324,1545.0575,1546.5887,1548.494
347,1538.8998,1540.3492,1541.8829,1543.4491,1545.0567,1546.5879,1548.4964
348,1538.903,1540.3492,1541.8893,1543.4436,1545.0583,1546.5855,1548.4948
349,1538.9022,1540.3531,1541.8861,1543.4499,1545.0583,1546.5847,1548.4948
350,1538.8998,1540.3484,1541.8885,1543.438,1545.0583,1546.5823,1548.4964
351,1538.9101,1540.3507,1541.8813,1543.4475,1545.0591,1546.5823,1548.494
352,1538.9038,1540.3476,1541.8821,1543.4475,1545.0575,1546.5831,1548.4964
353,1538.9038,1540.3492,1541.8877,1543.4475,1545.0567,1546.5839,1548.4964
354,1538.9006,1540.3507,1541.8885,1543.4459,1545.0559,1546.5839,1548.4964
355,1538.9014,1540.3444,1541.8932,1543.4523,1545.0536,1546.5831,1548.4956
356,1538.9014,1540.3428,1541.8829,1543.4555,1545.0544,1546.5847,1548.4972
357,1538.8974,1540.3468,1541.8877,1543.4555,1545.0567,1546.5847,1548.4964
358,1538.9046,1540.346,1541.8813,1543.4515,1545.0567,1546.5855,1548.4956
359,1538.9046,1540.3476,1541.8829,1543.4459,1545.0583,1546.5823,1548.498
360,1538.8982,1540.3547,1541.8877,1543.4563,1545.0559,1546.5823,1548.4988
361,1538.8998,1540.3452,1541.8869,1543.4491,1545.0559,1546.5815,1548.4996
362,1538.9014,1540.3476,1541.8853,1543.4444,1545.0551,1546.5807,1548.498
363,1538.8927,1540.3452,1541.8901,1543.4531,1545.0583,1546.5823,1548.4996
364,1538.9006,1540.346,1541.8845,1543.4507,1545.0559,1546.5823,1548.5004
365,1538.9006,1540.3444,1541.8861,1543.4491,1545.0544,1546.5807,1548.5012
366,1538.8943,1540.3444,1541.8813,1543.4539,1545.0551,1546.5823,1548.4996
367,1538.8998,1540.3436,1541.8861,1543.4523,1545.0536,1546.5847,1548.502
368,1538.8967,1540.3492,1541.8877,1543.4459,1545.0559,1546.5831,1548.5028
369,1538.9022,1540.3476,1541.8845,1543.4531,1545.0591,1546.5839,1548.5004
370,1538.9022,1540.3452,1541.8797,1543.4467,1545.0551,1546.5831,1548.5028
371,1538.9053,1540.3412,1541.8845,1543.4563,1545.0544,1546.5863,1548.502
372,1538.9022,1540.3492,1541.8805,1543.4499,1545.0567,1546.5879,1548.5028
373,1538.8959,1540.3484,1541.8782,1543.4571,1545.0544,1546.5855,1548.5028
374,1538.9022,1540.3428,1541.8789,1543.4499,1545.0544,1546.5847,1548.4996
375,1538.899,1540.3476,1541.8829,1543.4547,1545.052,1546.5847,1548.5036
376,1538.8959,1540.35,1541.8861,1543.4571,1545.0551,1546.5855,1548.5036
377,1538.8982,1540.3515,1541.8861,1543.4531,1545.0559,1546.5863,1548.502
378,1538.9006,1540.3484,1541.8845,1543.4436,1545.0575,1546.5879,1548.5044
379,1538.8943,1540.3428,1541.8821,1543.4547,1545.0567,1546.5855,1548.5004
380,1538.8943,1540.35,1541.8829,1543.4436,1545.0559,1546.5823,1548.5028
381,1538.9038,1540.342,1541.8829,1543.4531,1545.0559,1546.5855,1548.5028
382,1538.899,1540.3412,1541.8797,1543.4459,1545.0559,1546.5879,1548.5036
383,1538.8982,1540.3492,1541.8829,1543.4515,1545.0583,1546.5871,1548.5052
384,1538.903,1540.3539,1541.8797,1543.4483,1545.0591,1546.5855,1548.5076
385,1538.9022,1540.3547,1541.8829,1543.4459,1545.0591,1546.5847,1548.502
386,1538.9006,1540.3547,1541.8821,1543.4587,1545.0591,1546.5871,1548.5052
387,1538.9022,1540.3531,1541.8813,1543.4523,1545.0591,1546.5879,1548.5068
388,1538.8982,1540.3539,1541.8837,1543.4444,1545.0583,1546.5847,1548.5076
389,1538.9022,1540.3476,1541.8829,1543.4547,1545.0583,1546.5855,1548.5044
390,1538.8998,1540.3412,1541.8821,1543.4499,1545.0567,1546.5863,1548.506
391,1538.8911,1540.3492,1541.8782,1543.4467,1545.0599,1546.5871,1548.5052
392,1538.9014,1540.3444,1541.8774,1543.4499,1545.0599,1546.5855,1548.5068
393,1538.8974,1540.3484,1541.8829,1543.4396,1545.0599,1546.5879,1548.5068
394,1538.8982,1540.3452,1541.8821,1543.4452,1545.0583,1546.5871,1548.5052
395,1538.8935,1540.3476,1541.8829,1543.4261,1545.0599,1546.5887,1548.5076
396,1538.8982,1540.3476,1541.8821,1543.4444,1545.0567,1546.5863,1548.5068
397,1538.8959,1540.346,1541.8813,1543.4491,1545.0599,1546.5863,1548.5084
398,1538.9006,1540.3476,1541.8885,1543.4348,1545.0559,1546.5863,1548.5076
399,1538.8959,1540.346,1541.8837,1543.4475,1545.0567,1546.5879,1548.5068
400,1539.4474,1540.3436,1541.8528,1543.4269,1545.0703,1546.7395,1548.8804
401,1539.4459,1540.3492,1541.8536,1543.4221,1545.0695,1546.7403,1548.882
402,1539.4601,1540.3484,1541.8536,1543.4245,1545.0727,1546.7323,1548.8836
403,1539.4538,1540.3389,1541.8528,1543.4245,1545.0695,1546.7379,1548.8812
404,1539.4514,1540.3484,1541.8536,1543.4197,1545.0719,1546.7395,1548.882
405,1539.4609,1540.3523,1541.8512,1543.4237,1545.0679,1546.7379,1548.8812
406,1539.4601,1540.346,1541.8552,1543.4229,1545.0687,1546.7371,1548.8812
407,1539.453,1540.3515,1541.848,1543.4269,1545.0695,1546.7363,1548.8836
408,1539.4625,1540.35,1541.8528,1543.4277,1545.0711,1546.7355,1548.8844
409,1539.4522,1540.3452,1541.8552,1543.4308,1545.0695,1546.7355,1548.886
410,1539.4538,1540.3468,1541.8536,1543.4269,1545.0719,1546.7371,1548.8836
411,1539.4538,1540.3468,1541.8567,1543.4261,1545.0695,1546.7403,1548.882
412,1539.4577,1540.3381,1541.8536,1543.4189,1545.0743,1546.7363,1548.8852
413,1539.4538,1540.3397,1541.8575,1543.4229,1545.0687,1546.7363,1548.8844
414,1539.4577,1540.346,1541.8504,1543.4189,1545.0687,1546.7379,1548.8836
415,1539.4625,1540.342,1541.8567,1543.4205,1545.0695,1546.7363,1548.8844
416,1539.453,1540.3381,1541.8575,1543.4197,1545.0679,1546.7355,1548.8836
417,1539.4593,1540.3452,1541.852,1543.4221,1545.0711,1546.7363,1548.8876
418,1539.4585,1540.342,1541.8544,1543.4229,1545.0695,1546.7323,1548.8852
419,1539.4561,1540.3468,1541.8552,1543.4237,1545.0727,1546.7331,1548.8852
420,1539.4577,1540.3476,1541.8504,1543.4245,1545.0703,1546.7387,1548.8852
421,1539.4609,1540.35,1541.8567,1543.4237,1545.0719,1546.7403,1548.8852
422,1539.4554,1540.3412,1541.856,1543.4237,1545.0751,1546.7371,1548.8836
423,1539.4554,1540.3476,1541.8575,1543.4245,1545.0703,1546.7371,1548.8828
424,1539.4554,1540.346,1541.8567,1543.4237,1545.0687,1546.7371,1548.8876
425,1539.4593,1540.3444,1541.8552,1543.4269,1545.0711,1546.7347,1548.8844
426,1539.4577,1540.3484,1541.856,1543.4229,1545.0703,1546.7419,1548.8852
427,1539.4546,1540.3436,1541.8544,1543.4237,1545.0711,1546.7403,1548.8844
428,1539.4459,1540.3444,1541.8528,1543.4269,1545.0727,1546.7363,1548.886
429,1539.4561,1540.3349,1541.848,1543.4253,1545.0735,1546.7419,1548.8852
430,1539.4593,1540.342,1541.8536,1543.4237,1545.0711,1546.7387,1548.886
431,1539.4522,1540.3444,1541.8544,1543.4229,1545.0703,1546.7371,1548.8868
432,1539.4609,1540.3436,1541.852,1543.4205,1545.0743,1546.7387,1548.886
433,1539.4538,1540.3397,1541.8583,1543.4237,1545.0711,1546.7395,1548.886
434,1539.464,1540.3444,1541.856,1543.4237,1545.0647,1546.7403,1548.8852
435,1539.4522,1540.342,1541.8472,1543.4245,1545.0671,1546.7443,1548.8876
436,1539.4593,1540.3507,1541.8552,1543.4221,1545.0695,1546.7387,1548.8868
437,1539.4569,1540.3397,1541.8504,1543.4261,1545.0687,1546.7379,1548.886
438,1539.4625,1540.3436,1541.8544,1543.4237,1545.0687,1546.7387,1548.8876
439,1539.4435,1540.3468,1541.8528,1543.4245,1545.0719,1546.7435,1548.8884
440,1539.4538,1540.346,1541.856,1543.4229,1545.0687,1546.7387,1548.8876
441,1539.453,1540.3476,1541.8512,1543.4205,1545.0719,1546.7411,1548.886
442,1539.4561,1540.3405,1541.8536,1543.4221,1545.0735,1546.7395,1548.8884
443,1539.4617,1540.346,1541.8496,1543.4269,1545.0727,1546.7395,1548.8884
444,1539.4546,1540.342,1541.852,1543.4237,1545.0719,1546.7403,1548.8884
445,1539.4593,1540.35,1541.8575,1543.4237,1545.0743,1546.7411,1548.8892
446,1539.4648,1540.3476,1541.852,1543.4237,1545.0711,1546.7411,1548.8876
447,1539.4633,1540.3468,1541.8472,1543.4205,1545.0743,1546.7395,1548.8892
448,1539.453,1540.35,1541.8528,1543.4205,1545.0703,1546.7395,1548.886
449,1539.4633,1540.3452,1541.8583,1543.4237,1545.0695,1546.7403,1548.8884
450,1539.4609,1540.3476,1541.8552,1543.4221,1545.0727,1546.7411,1548.8868
451,1539.4672,1540.3452,1541.8552,1543.4245,1545.0719,1546.7371,1548.8884
452,1539.4601,1540.3412,1541.8552,1543.4213,1545.0727,1546.7419,1548.8884
453,1539.4538,1540.3515,1541.856,1543.4237,1545.0687,1546.7363,1548.8908
454,1539.464,1540.3507,1541.852,1543.4253,1545.0759,1546.7379,1548.8884
455,1539.4609,1540.3515,1541.8488,1543.4158,1545.0695,1546.7379,1548.89
456,1539.4609,1540.3476,1541.8552,1543.4221,1545.0727,1546.7363,1548.8868
457,1539.4601,1540.3484,1541.8536,1543.4245,1545.0735,1546.7379,1548.8892
458,1539.4395,1540.3444,1541.8536,1543.4237,1545.0687,1546.7379,1548.8892
459,1539.453,1540.3436,1541.8512,1543.4205,1545.0687,1546.7435,1548.8884
460,1539.4617,1540.3365,1541.8552,1543.411,1545.0695,1546.7379,1548.8884
461,1539.4498,1540.3397,1541.8512,1543.4142,1545.0679,1546.7379,1548.8892
462,1539.4506,1540.342,1541.852,1543.4197,1545.0711,1546.7339,1548.89
463,1539.4554,1540.3452,1541.8544,1543.4181,1545.0727,1546.7363,1548.8916
464,1539.4609,1540.3468,1541.8504,1543.4229,1545.0727,1546.7395,1548.8892
465,1539.4656,1540.3405,1541.8504,1543.4189,1545.0759,1546.7379,1548.8908
466,1539.4617,1540.3468,1541.848,1543.4197,1545.0766,1546.7363,1548.8916
467,1539.4601,1540.3428,1541.8512,1543.4181,1545.0751,1546.7411,1548.8932
468,1539.4577,1540.346,1541.8544,1543.4229,1545.0759,1546.7411,1548.8916
469,1539.4561,1540.3484,1541.8504,1543.4213,1545.0766,1546.7419,1548.89
470,1539.4577,1540.3476,1541.8528,1543.4237,1545.0751,1546.7411,1548.8908
471,1539.453,1540.342,1541.8552,1543.4277,1545.0671,1546.7419,1548.8916
472,1539.453,1540.3381,1541.8536,1543.4237,1545.0711,1546.7395,1548.8908
473,1539.4585,1540.3468,1541.8575,1543.4213,1545.0711,1546.7387,1548.8924
474,1539.4514,1540.3452,1541.8583,1543.4237,1545.0727,1546.7379,1548.8924
475,1539.449,1540.3484,1541.8496,1543.4221,1545.0735,1546.7403,1548.8916
476,1539.4633,1540.3476,1541.8504,1543.4237,1545.0727,1546.7435,1548.8916
477,1539.4656,1540.3428,1541.8488,1543.4245,1545.0719,1546.7411,1548.8916
478,1539.453,1540.3405,1541.8496,1543.4197,1545.0751,1546.7427,1548.8916
479,1539.4506,1540.3436,1541.8512,1543.4261,1545.0719,1546.7403,1548.8924
480,1539.4538,1540.3436,1541.8536,1543.4237,1545.0687,1546.7379,1548.8908
481,1539.4459,1540.3492,1541.8528,1543.4213,1545.0727,1546.7387,1548.8916
482,1539.4522,1540.3436,1541.8496,1543.4245,1545.0695,1546.7339,1548.8924
483,1539.4522,1540.3405,1541.8496,1543.4205,1545.0735,1546.7435,1548.8924
484,1539.4474,1540.3428,1541.8464,1543.4181,1545.0719,1546.7395,1548.8908
485,1539.4656,1540.3515,1541.8472,1543.4205,1545.0711,1546.7411,1548.8924
486,1539.4514,1540.3492,1541.8433,1543.4221,1545.0703,1546.7419,1548.8932
487,1539.438,1540.3452,1541.8496,1543.4205,1545.0703,1546.7403,1548.8908
488,1539.4561,1540.3444,1541.8512,1543.4269,1545.0735,1546.7435,1548.8932
489,1539.453,1540.35,1541.8528,1543.4229,1545.0719,1546.7443,1548.894
490,1539.449,1540.3507,1541.8528,1543.4213,1545.0711,1546.7419,1548.8956
491,1539.4482,1540.3436,1541.8496,1543.4165,1545.0711,1546.7379,1548.8932
492,1539.4498,1540.346,1541.8488,1543.4237,1545.0727,1546.7403,1548.8932
493,1539.4482,1540.3468,1541.8496,1543.4237,1545.0727,1546.7387,1548.894
494,1539.4601,1540.3444,1541.8536,1543.4237,1545.0774,1546.7435,1548.8948
495,1539.4648,1540.3444,1541.852,1543.4213,1545.0751,1546.7419,1548.8948
496,1539.4554,1540.3468,1541.8567,1543.4158,1545.0751,1546.7403,1548.8932
497,1539.4546,1540.346,1541.8504,1543.4237,1545.0759,1546.7403,1548.894
498,1539.4514,1540.3428,1541.8544,1543.4237,1545.0751,1546.7419,1548.8932
499,1539.4514,1540.3436,1541.8528,1543.4205,1545.0766,1546.7403,1548.894
500,1539.4554,1540.3436,1541.8583,1543.4229,1545.0766,1546.7419,1548.898
501,1539.4514,1540.3412,1541.852,1543.4253,1545.0759,1546.7387,1548.8916
502,1539.4593,1540.346,1541.8575,1543.4197,1545.0727,1546.7427,1548.894
503,1539.4593,1540.3412,1541.8544,1543.4213,1545.079,1546.7379,1548.8956
504,1539.4664,1540.342,1541.8512,1543.4229,1545.0766,1546.7427,1548.8956
505,1539.4561,1540.3373,1541.8528,1543.4221,1545.0782,1546.7435,1548.8972
506,1539.464,1540.346,1541.8552,1543.4189,1545.0774,1546.7411,1548.894
507,1539.4443,1540.3412,1541.8544,1543.4158,1545.0751,1546.7411,1548.894
508,1539.4625,1540.3492,1541.8504,1543.4197,1545.0759,1546.7419,1548.8948
509,1539.4601,1540.3452,1541.8512,1543.4213,1545.0759,1546.7379,1548.8964
510,1539.4522,1540.3405,1541.8544,1543.4197,1545.0774,1546.7387,1548.8956
511,1539.4474,1540.3365,1541.8504,1543.4197,1545.0782,1546.7411,1548.8972
512,1539.4498,1540.3428,1541.8472,1543.4205,1545.0751,1546.7379,1548.8972
513,1539.4451,1540.342,1541.8583,1543.4165,1545.079,1546.7427,1548.8972
514,1539.4561,1540.3412,1541.8496,1543.4197,1545.0766,1546.7419,1548.8964
515,1539.453,1540.3444,1541.8528,1543.4165,1545.0774,1546.7451,1548.8948
516,1539.4609,1540.3389,1541.852,1543.4189,1545.079,1546.7419,1548.898
517,1539.4633,1540.346,1541.8536,1543.4189,1545.0766,1546.7435,1548.898
518,1539.4506,1540.3468,1541.8552,1543.4197,1545.0719,1546.7427,1548.898
519,1539.4546,1540.3484,1541.8512,1543.4245,1545.0759,1546.7395,1548.898
520,1539.449,1540.3428,1541.8544,1543.4197,1545.079,1546.7411,1548.8996
521,1539.4546,1540.3476,1541.8607,1543.4165,1545.0735,1546.7419,1548.8972
522,1539.4459,1540.3436,1541.8536,1543.4253,1545.0751,1546.7411,1548.898
523,1539.4648,1540.3468,1541.8544,1543.4221,1545.0719,1546.7435,1548.8972
524,1539.4561,1540.346,1541.8528,1543.4229,1545.0719,1546.7451,1548.898
525,1539.4546,1540.3452,1541.8544,1543.4213,1545.0759,1546.7483,1548.898
526,1539.4506,1540.3428,1541.8575,1543.4213,1545.0727,1546.7427,1548.8996
527,1539.449,1540.3523,1541.8552,1543.4253,1545.0743,1546.7403,1548.898
528,1539.4561,1540.3389,1541.8575,1543.4237,1545.0751,1546.7419,1548.9004
529,1539.449,1540.3523,1541.8575,1543.4229,1545.0774,1546.7403,1548.8988
530,1539.4554,1540.346,1541.8591,1543.4213,1545.0751,1546.7411,1548.8988
531,1539.4498,1540.3428,1541.8536,1543.4253,1545.0759,1546.7459,1548.9004
532,1539.4546,1540.3484,1541.8528,1543.4221,1545.0766,1546.7435,1548.898
533,1539.4443,1540.3468,1541.8552,1543.4253,1545.0735,1546.7411,1548.9004
534,1539.4554,1540.3468,1541.8512,1543.4253,1545.0727,1546.7403,1548.8988
535,1539.4498,1540.3389,1541.8575,1543.4237,1545.0735,1546.7427,1548.9012
536,1539.4498,1540.3476,1541.8536,1543.4253,1545.0751,1546.7435,1548.9012
537,1539.4561,1540.3476,1541.856,1543.4237,1545.0766,1546.7435,1548.8988
538,1539.4577,1540.346,1541.856,1543.4237,1545.0735,1546.7451,1548.8988
539,1539.4554,1540.3515,1541.8544,1543.4229,1545.0759,1546.7419,1548.902
540,1539.4569,1540.3444,1541.852,1543.4158,1545.0782,1546.7427,1548.9012
541,1539.4554,1540.3484,1541.856,1543.4261,1545.0743,1546.7427,1548.902
542,1539.4514,1540.3476,1541.8567,1543.4213,1545.0766,1546.7443,1548.9004
543,1539.453,1540.346,1541.8512,1543.4205,1545.0751,1546.7451,1548.9004
544,1539.4506,1540.3452,1541.8567,1543.4237,1545.0727,1546.7435,1548.9012
545,1539.4688,1540.3507,1541.8583,1543.4197,1545.0743,1546.7459,1548.8996
546,1539.453,1540.346,1541.8472,1543.4261,1545.0751,1546.7443,1548.9012
547,1539.4522,1540.3484,1541.8528,1543.4261,1545.0751,1546.7443,1548.9012
548,1539.4561,1540.3452,1541.8552,1543.4253,1545.0743,1546.7451,1548.9004
549,1539.4538,1540.3484,1541.8528,1543.4237,1545.0711,1546.7435,1548.9004
550,1539.4609,1540.3476,1541.8496,1543.4308,1545.0751,1546.7443,1548.9044
551,1539.4656,1540.3476,1541.8528,1543.4237,1545.0759,1546.7443,1548.9012
552,1539.453,1540.346,1541.852,1543.4269,1545.0759,1546.7451,1548.9036
553,1539.449,1540.35,1541.8464,1543.4253,1545.0735,1546.7459,1548.9052
554,1539.4617,1540.346,1541.8488,1543.4261,1545.0766,1546.7443,1548.9028
555,1539.453,1540.3436,1541.8472,1543.4245,1545.0735,1546.7467,1548.8996
556,1539.449,1540.3484,1541.8488,1543.4277,1545.0751,1546.7475,1548.9004
557,1539.4569,1540.346,1541.8433,1543.4245,1545.079,1546.7451,1548.902
558,1539.4467,1540.346,1541.8544,1543.4237,1545.0774,1546.7475,1548.902
559,1539.453,1540.3436,1541.8512,1543.4229,1545.0774,1546.7451,1548.9028
560,1539.4569,1540.3444,1541.8496,1543.4277,1545.079,1546.7459,1548.9036
561,1539.4546,1540.3515,1541.8528,1543.4237,1545.0782,1546.7419,1548.9036
562,1539.4569,1540.3373,1541.8544,1543.4269,1545.0759,1546.7427,1548.9036
563,1539.4656,1540.3436,1541.8567,1543.4245,1545.0735,1546.7451,1548.9028
564,1539.449,1540.3476,1541.848,1543.4245,1545.0766,1546.7403,1548.9028
565,1539.4482,1540.3397,1541.8544,1543.4261,1545.0759,1546.7411,1548.9036
566,1539.4569,1540.3412,1541.856,1543.4245,1545.079,1546.7435,1548.902
567,1539.4585,1540.3412,1541.8544,1543.4237,1545.0782,1546.7443,1548.9028
568,1539.4585,1540.346,1541.8528,1543.4316,1545.0782,1546.7387,1548.9004
569,1539.4506,1540.3452,1541.8528,1543.4285,1545.0782,1546.7419,1548.9036
570,1539.4664,1540.35,1541.8536,1543.4301,1545.0822,1546.7387,1548.9044
571,1539.4498,1540.346,1541.8536,1543.4277,1545.0798,1546.7403,1548.9036
572,1539.4577,1540.342,1541.8544,1543.4277,1545.0766,1546.7419,1548.9028
573,1539.4474,1540.3452,1541.8567,1543.4237,1545.079,1546.7443,1548.9044
574,1539.453,1540.346,1541.8631,1543.4237,1545.0743,1546.7443,1548.902
575,1539.4546,1540.3468,1541.8583,1543.4285,1545.0759,1546.7427,1548.9036
576,1539.4498,1540.3468,1541.856,1543.4205,1545.0774,1546.7435,1548.9036
577,1539.4498,1540.3468,1541.8512,1543.4269,1545.0751,1546.7419,1548.9036
578,1539.4601,1540.342,1541.8544,1543.4245,1545.0774,1546.7427,1548.9052
579,1539.4522,1540.346,1541.852,1543.4261,1545.0774,1546.7427,1548.9044
580,1539.4498,1540.3436,1541.8528,1543.4229,1545.0743,1546.7435,1548.906
581,1539.4593,1540.3428,1541.852,1543.4245,1545.0703,1546.7459,1548.9044
582,1539.449,1540.3365,1541.8528,1543.4245,1545.0806,1546.7451,1548.9028
583,1539.4585,1540.346,1541.8567,1543.4197,1545.0806,1546.7467,1548.9052
584,1539.464,1540.3397,1541.8567,1543.4229,1545.0798,1546.7475,1548.9052
585,1539.4498,1540.3405,1541.8512,1543.4229,1545.0774,1546.7443,1548.9052
586,1539.4514,1540.3412,1541.8575,1543.4229,1545.0798,1546.7459,1548.9068
587,1539.4601,1540.3444,1541.8544,1543.4253,1545.0814,1546.7467,1548.906
588,1539.4593,1540.342,1541.856,1543.4269,1545.0766,1546.7459,1548.906
589,1539.4538,1540.3357,1541.8504,1543.4316,1545.0759,1546.7451,1548.9036
590,1539.449,1540.3373,1541.8536,1543.4285,1545.0774,1546.7451,1548.9076
591,1539.4585,1540.346,1541.852,1543.4269,1545.0759,1546.7475,1548.906
592,1539.4506,1540.3452,1541.856,1543.4285,1545.0766,1546.7467,1548.9068
593,1539.4514,1540.3373,1541.856,1543.4285,1545.0822,1546.7419,1548.9084
594,1539.4546,1540.346,1541.8583,1543.4293,1545.0766,1546.7411,1548.9068
595,1539.4569,1540.3484,1541.856,1543.4293,1545.0727,1546.7443,1548.9084
596,1539.4506,1540.3428,1541.8528,1543.4277,1545.0735,1546.7443,1548.9084
597,1539.4577,1540.3492,1541.856,1543.4285,1545.0735,1546.7451,1548.9052
598,1539.453,1540.3484,1541.8567,1543.4229,1545.079,1546.7451,1548.9084
599,1539.4625,1540.3397,1541.8552,1543.4301,1545.079,1546.7451,1548.9076
600,1539.7906,1540.8962,1542.4287,1544.0334,1545.6287,1547.1889,0.0
601,1539.789,1540.8836,1542.4303,1544.0302,1545.6303,1547.1857,0.0
602,1539.7922,1540.8923,1542.4303,1544.031,1545.6327,1547.1937,0.0
603,1539.789,1540.8986,1542.4335,1544.0294,1545.6295,1547.1889,0.0
604,1539.7772,1540.8923,1542.4279,1544.0318,1545.6303,1547.1913,0.0
605,1539.789,1540.8923,1542.4255,1544.0334,1545.6351,1547.1889,0.0
606,1539.7898,1540.8883,1542.4319,1544.0294,1545.6295,1547.1865,0.0
607,1539.7843,1540.8939,1542.4319,1544.0318,1545.6287,1547.1881,0.0
608,1539.7906,1540.8947,1542.4263,1544.0358,1545.6287,1547.1897,0.0
609,1539.7906,1540.8994,1542.4247,1544.0326,1545.6279,1547.1897,0.0
610,1539.7938,1540.8907,1542.4239,1544.027,1545.6255,1547.1881,0.0
611,1539.7874,1540.8931,1542.4263,1544.0302,1545.6231,1547.1881,0.0
612,1539.789,1540.8931,1542.4255,1544.031,1545.6287,1547.1897,0.0
613,1539.7938,1540.8931,1542.4271,1544.0302,1545.6279,1547.1889,0.0
614,1539.7811,1540.8939,1542.4247,1544.031,1545.6271,1547.1881,0.0
615,1539.7938,1540.8978,1542.4263,1544.035,1545.6303,1547.1881,0.0
616,1539.793,1540.9034,1542.4279,1544.0374,1545.6295,1547.1881,0.0
617,1539.7803,1540.9026,1542.4263,1544.0334,1545.6287,1547.1881,0.0
618,1539.7906,1540.8962,1542.4247,1544.0342,1545.6279,1547.1921,0.0
619,1539.7961,1540.8939,1542.4255,1544.0286,1545.6287,1547.1897,0.0
620,1539.7874,1540.8931,1542.4184,1544.0318,1545.6287,1547.1905,0.0
621,1539.7874,1540.8954,1542.4208,1544.035,1545.6287,1547.1929,0.0
622,1539.7938,1540.8986,1542.4224,1544.0318,1545.6263,1547.1937,0.0
623,1539.789,1540.9026,1542.4255,1544.0294,1545.6271,1547.1905,0.0
624,1539.7914,1540.8907,1542.42,1544.027,1545.6263,1547.1905,0.0
625,1539.7898,1540.897,1542.4184,1544.0302,1545.6303,1547.1921,0.0
626,1539.7954,1540.8939,1542.4231,1544.0286,1545.6303,1547.1921,0.0
627,1539.7859,1540.8954,1542.4287,1544.0318,1545.6279,1547.1897,0.0
628,1539.7867,1540.901,1542.4239,1544.0326,1545.6295,1547.1905,0.0
629,1539.7748,1540.9018,1542.4263,1544.0302,1545.6295,1547.1897,0.0
630,1539.7843,1540.897,1542.4224,1544.027,1545.6255,1547.1905,0.0
631,1539.7898,1540.8891,1542.4247,1544.0318,1545.6239,1547.1913,0.0
632,1539.7827,1540.9018,1542.4255,1544.0302,1545.6279,1547.1913,0.0
633,1539.7898,1540.8931,1542.4263,1544.0326,1545.6271,1547.1905,0.0
634,1539.7851,1540.9042,1542.4247,1544.0326,1545.6255,1547.1905,0.0
635,1539.7882,1540.897,1542.4224,1544.0302,1545.6255,1547.1937,0.0
636,1539.7898,1540.8994,1542.4287,1544.0294,1545.6263,1547.1905,0.0
637,1539.7938,1540.9018,1542.4279,1544.0294,1545.6239,1547.1929,0.0
638,1539.7898,1540.8891,1542.4311,1544.0286,1545.6231,1547.1913,0.0
639,1539.7859,1540.8986,1542.4295,1544.0231,1545.6255,1547.1905,0.0
640,1539.7914,1540.8978,1542.4239,1544.031,1545.6207,1547.1921,0.0
641,1539.7906,1540.8994,1542.4271,1544.0302,1545.6223,1547.1897,0.0
642,1539.7867,1540.8947,1542.4239,1544.0294,1545.6279,1547.1945,0.0
643,1539.7874,1540.8986,1542.4255,1544.0318,1545.6311,1547.1881,0.0
644,1539.7827,1540.9034,1542.4335,1544.0334,1545.6255,1547.1937,0.0
645,1539.7906,1540.8962,1542.4263,1544.031,1545.6263,1547.1905,0.0
646,1539.789,1540.8931,1542.4311,1544.0302,1545.6263,1547.1929,0.0
647,1539.7906,1540.8994,1542.4255,1544.035,1545.6271,1547.1913,0.0
648,1539.7898,1540.8954,1542.4224,1544.0342,1545.6247,1547.1929,0.0
649,1539.7938,1540.901,1542.4247,1544.035,1545.6271,1547.1929,0.0
650,1539.7827,1540.8907,1542.4263,1544.0302,1545.6263,1547.1929,0.0
651,1539.7922,1540.8931,1542.4271,1544.0302,1545.6263,1547.1929,0.0
652,1539.793,1540.8978,1542.42,1544.027,1545.6247,1547.1977,0.0
653,1539.7969,1540.897,1542.4239,1544.0302,1545.6271,1547.1945,0.0
654,1539.7938,1540.8994,1542.4224,1544.0231,1545.6287,1547.1913,0.0
655,1539.8001,1540.8994,1542.4279,1544.0294,1545.6263,1547.1929,0.0
656,1539.7993,1540.8954,1542.4287,1544.0254,1545.6279,1547.1929,0.0
657,1539.789,1540.8962,1542.4208,1544.0254,1545.6223,1547.1961,0.0
658,1539.793,1540.9042,1542.4255,1544.031,1545.6255,1547.1937,0.0
659,1539.7867,1540.9026,1542.4239,1544.0278,1545.6239,1547.1945,0.0
660,1539.7961,1540.8939,1542.4255,1544.0318,1545.6231,1547.1929,0.0
661,1539.7835,1540.8962,1542.4192,1544.0302,1545.6231,1547.1945,0.0
662,1539.7898,1540.8994,1542.4216,1544.0239,1545.6271,1547.1929,0.0
663,1539.7985,1540.8939,1542.4263,1544.031,1545.6223,1547.1921,0.0
664,1539.7874,1540.8954,1542.4239,1544.027,1545.6279,1547.1921,0.0
665,1539.793,1540.8954,1542.4279,1544.0286,1545.6207,1547.1929,0.0
666,1539.7882,1540.8986,1542.4247,1544.031,1545.6239,1547.1913,0.0
667,1539.7922,1540.8891,1542.4247,1544.031,1545.6255,1547.1913,0.0
668,1539.7906,1540.8931,1542.4287,1544.031,1545.6239,1547.1945,0.0
669,1539.7859,1540.8947,1542.4239,1544.0318,1545.6271,1547.1905,0.0
670,1539.7922,1540.8994,1542.4247,1544.0254,1545.6231,1547.1929,0.0
671,1539.7961,1540.8954,1542.4239,1544.027,1545.6255,1547.1905,0.0
672,1539.7946,1540.8923,1542.4239,1544.027,1545.6247,1547.1905,0.0
673,1539.7969,1540.8931,1542.4255,1544.0278,1545.6295,1547.1937,0.0
674,1539.7882,1540.8931,1542.4263,1544.0302,1545.6199,1547.1897,0.0
675,1539.7914,1540.8947,1542.4263,1544.0302,1545.6255,1547.1905,0.0
676,1539.7969,1540.8954,1542.4224,1544.0262,1545.6231,1547.1921,0.0
677,1539.7906,1540.9026,1542.4279,1544.0334,1545.6255,1547.1921,0.0
678,1539.7898,1540.8978,1542.4216,1544.0294,1545.6223,1547.1937,0.0
679,1539.7938,1540.8923,1542.4176,1544.0286,1545.6215,1547.1921,0.0
680,1539.7946,1540.8812,1542.4192,1544.0334,1545.6199,1547.1921,0.0
681,1539.7859,1540.8907,1542.4271,1544.0334,1545.6255,1547.1929,0.0
682,1539.7874,1540.8923,1542.4263,1544.0334,1545.6247,1547.1905,0.0
683,1539.7827,1540.8994,1542.4208,1544.0334,1545.6207,1547.1913,0.0
684,1539.7843,1540.8883,1542.4319,1544.031,1545.6239,1547.1929,0.0
685,1539.7811,1540.8986,1542.42,1544.0334,1545.6239,1547.1945,0.0
686,1539.7954,1540.8939,1542.4247,1544.0334,1545.6239,1547.1937,0.0
687,1539.7906,1540.8931,1542.4279,1544.035,1545.6231,1547.1945,0.0
688,1539.7938,1540.9002,1542.4303,1544.0286,1545.6231,1547.1945,0.0
689,1539.7898,1540.9026,1542.4231,1544.0302,1545.6247,1547.1937,0.0
690,1539.7851,1540.8978,1542.4247,1544.0294,1545.6239,1547.1937,0.0
691,1539.789,1540.8954,1542.4255,1544.0318,1545.6239,1547.1945,0.0
692,1539.7898,1540.9002,1542.4263,1544.0358,1545.6199,1547.1969,0.0
693,1539.7969,1540.8899,1542.4231,1544.031,1545.6247,1547.1977,0.0
694,1539.7811,1540.8954,1542.4271,1544.0326,1545.6223,1547.1921,0.0
695,1539.7882,1540.8899,1542.4279,1544.0318,1545.6247,1547.1913,0.0
696,1539.7874,1540.8931,1542.4311,1544.0326,1545.6191,1547.1953,0.0
697,1539.7906,1540.8923,1542.4319,1544.031,1545.6215,1547.1937,0.0
698,1539.789,1540.8923,1542.4263,1544.0318,1545.6215,1547.1913,0.0
699,1539.7914,1540.8939,1542.4279,1544.0318,1545.6199,1547.1961,0.0
700,1539.7906,1540.897,1542.4208,1544.031,1545.6263,1547.1961,0.0
701,1539.7882,1540.8939,1542.4263,1544.0302,1545.6263,1547.1961,0.0
702,1539.7898,1540.8915,1542.4303,1544.0326,1545.6247,1547.1953,0.0
703,1539.7795,1540.8915,1542.4287,1544.0294,1545.6231,1547.1945,0.0
704,1539.7946,1540.8923,1542.4271,1544.0366,1545.6223,1547.1961,0.0
705,1539.7811,1540.8994,1542.4263,1544.0318,1545.6231,1547.1913,0.0
706,1539.7985,1540.9002,1542.4303,1544.031,1545.6223,1547.1985,0.0
707,1539.7811,1540.9002,1542.4279,1544.035,1545.6207,1547.1937,0.0
708,1539.7946,1540.8986,1542.4216,1544.0318,1545.6239,1547.1969,0.0
709,1539.7867,1540.9042,1542.4303,1544.0302,1545.6271,1547.1945,0.0
710,1539.7874,1540.8954,1542.4239,1544.0334,1545.6239,1547.1913,0.0
711,1539.7827,1540.8978,1542.4255,1544.0334,1545.6295,1547.1937,0.0
712,1539.7946,1540.8962,1542.4239,1544.0318,1545.6223,1547.1929,0.0
713,1539.7843,1540.9034,1542.4231,1544.0278,1545.6271,1547.1961,0.0
714,1539.7867,1540.9026,1542.4239,1544.0302,1545.6271,1547.1937,0.0
715,1539.7859,1540.9042,1542.4247,1544.027,1545.6231,1547.1961,0.0
716,1539.7906,1540.8986,1542.4263,1544.0294,1545.6271,1547.1929,0.0
717,1539.7851,1540.9002,1542.4255,1544.027,1545.6239,1547.1937,0.0
718,1539.7874,1540.8986,1542.42,1544.027,1545.6255,1547.1985,0.0
719,1539.793,1540.8939,1542.4224,1544.0302,1545.6255,1547.1961,0.0
720,1539.7898,1540.8994,1542.4303,1544.0278,1545.6223,1547.1969,0.0
721,1539.7787,1540.8986,1542.4247,1544.0318,1545.6239,1547.1945,0.0
722,1539.7748,1540.8978,1542.4224,1544.027,1545.6231,1547.1969,0.0
723,1539.7874,1540.8947,1542.4295,1544.0286,1545.6271,1547.1969,0.0
724,1539.7898,1540.8962,1542.4239,1544.0278,1545.6295,1547.1953,0.0
725,1539.7819,1540.8978,1542.4239,1544.0231,1545.6231,1547.1937,0.0
726,1539.7827,1540.897,1542.4247,1544.027,1545.6295,1547.1969,0.0
727,1539.7867,1540.8954,1542.4263,1544.0294,1545.6311,1547.1953,0.0
728,1539.7906,1540.8947,1542.4255,1544.0294,1545.6271,1547.1977,0.0
729,1539.7938,1540.8994,1542.4192,1544.0318,1545.6295,1547.1977,0.0
730,1539.7906,1540.8939,1542.4271,1544.0294,1545.6263,1547.1977,0.0
731,1539.7835,1540.8923,1542.4224,1544.0302,1545.6287,1547.1937,0.0
732,1539.7906,1540.8954,1542.4216,1544.0294,1545.6247,1547.1985,0.0
733,1539.789,1540.8891,1542.4271,1544.0334,1545.6223,1547.1921,0.0
734,1539.7851,1540.8978,1542.4239,1544.0302,1545.6215,1547.1977,0.0
735,1539.7922,1540.8931,1542.4239,1544.0286,1545.6223,1547.1977,0.0
736,1539.7827,1540.8978,1542.4271,1544.0278,1545.6271,1547.1945,0.0
737,1539.7882,1540.8931,1542.4216,1544.0262,1545.6279,1547.1985,0.0
738,1539.789,1540.8915,1542.4247,1544.0318,1545.6255,1547.1985,0.0
739,1539.7906,1540.8923,1542.4279,1544.031,1545.6255,1547.1953,0.0
740,1539.7827,1540.8907,1542.4247,1544.0294,1545.6247,1547.1945,0.0
741,1539.7835,1540.8915,1542.4303,1544.0239,1545.6311,1547.1977,0.0
742,1539.7906,1540.8923,1542.4295,1544.0231,1545.6351,1547.1985,0.0
743,1539.7851,1540.8962,1542.4319,1544.0262,1545.6327,1547.1969,0.0
744,1539.793,1540.8939,1542.4224,1544.0294,1545.6287,1547.2001,0.0
745,1539.7977,1540.8947,1542.4239,1544.0254,1545.6319,1547.1985,0.0
746,1539.793,1540.8986,1542.4303,1544.0254,1545.6287,1547.1993,0.0
747,1539.7843,1540.8978,1542.4255,1544.0278,1545.6311,1547.1961,0.0
748,1539.7914,1540.8947,1542.4279,1544.0278,1545.6287,1547.1969,0.0
749,1539.7898,1540.8978,1542.4263,1544.027,1545.6255,1547.1961,0.0
750,1539.7859,1540.8947,1542.4271,1544.0246,1545.6271,1547.1969,0.0
751,1539.789,1540.8907,1542.4224,1544.0318,1545.6303,1547.1969,0.0
752,1539.7843,1540.8994,1542.4216,1544.0294,1545.6311,1547.2001,0.0
753,1539.7914,1540.8994,1542.4216,1544.0262,1545.6327,1547.1977,0.0
754,1539.7795,1540.8962,1542.4263,1544.031,1545.6359,1547.1969,0.0
755,1539.789,1540.8939,1542.4239,1544.0294,1545.6327,1547.2001,0.0
756,1539.7851,1540.8931,1542.4263,1544.031,1545.6287,1547.1993,0.0
757,1539.7882,1540.8986,1542.4247,1544.0262,1545.6303,1547.2001,0.0
758,1539.793,1540.8939,1542.4247,1544.0294,1545.6327,1547.2017,0.0
759,1539.7827,1540.8962,1542.4271,1544.0223,1545.6374,1547.2001,0.0
760,1539.7874,1540.8962,1542.4279,1544.0262,1545.6359,1547.1961,0.0
761,1539.7859,1540.8962,1542.4239,1544.0246,1545.6343,1547.1977,0.0
762,1539.7882,1540.8931,1542.4239,1544.027,1545.6311,1547.1977,0.0
763,1539.7906,1540.8962,1542.4224,1544.027,1545.6303,1547.1985,0.0
764,1539.789,1540.9018,1542.4247,1544.0246,1545.6311,1547.1993,0.0
765,1539.7827,1540.8978,1542.4224,1544.0286,1545.6327,1547.2009,0.0
766,1539.7835,1540.897,1542.4231,1544.0254,1545.6343,1547.2017,0.0
767,1539.7859,1540.8923,1542.42,1544.0302,1545.6311,1547.2001,0.0
768,1539.7851,1540.8986,1542.4247,1544.0286,1545.6287,1547.2001,0.0
769,1539.7811,1540.8859,1542.4239,1544.0254,1545.6359,1547.1993,0.0
770,1539.7843,1540.8891,1542.4224,1544.0262,1545.6303,1547.1969,0.0
771,1539.7898,1540.8915,1542.4247,1544.0231,1545.6327,1547.2009,0.0
772,1539.7827,1540.8947,1542.4216,1544.0254,1545.6271,1547.1985,0.0
773,1539.7835,1540.8954,1542.4271,1544.027,1545.6287,1547.1993,0.0
774,1539.7882,1540.8994,1542.4144,1544.0286,1545.6287,1547.2025,0.0
775,1539.793,1540.8978,1542.4247,1544.0286,1545.6287,1547.1993,0.0
776,1539.7906,1540.8923,1542.4239,1544.0262,1545.6279,1547.2009,0.0
777,1539.7906,1540.8947,1542.4208,1544.0254,1545.6279,1547.2041,0.0
778,1539.7859,1540.8986,1542.4255,1544.0246,1545.6295,1547.2041,0.0
779,1539.7898,1540.8923,1542.4208,1544.0262,1545.6231,1547.2025,0.0
780,1539.7898,1540.8978,1542.4255,1544.0246,1545.6287,1547.2017,0.0
781,1539.7827,1540.8939,1542.4287,1544.0223,1545.6303,1547.2025,0.0
782,1539.7914,1540.8994,1542.4231,1544.0286,1545.6327,1547.2025,0.0
783,1539.793,1540.8986,1542.4216,1544.027,1545.6327,1547.2025,0.0
784,1539.7969,1540.8947,1542.4208,1544.0278,1545.6271,1547.2057,0.0
785,1539.7874,1540.8947,1542.4247,1544.0302,1545.6287,1547.1993,0.0
786,1539.7977,1540.8915,1542.42,1544.0239,1545.6343,1547.2025,0.0
787,1539.789,1540.8954,1542.4208,1544.0254,1545.6319,1547.2009,0.0
788,1539.7906,1540.8986,1542.4216,1544.0215,1545.6335,1547.2017,0.0
789,1539.7898,1540.8954,1542.4208,1544.0246,1545.6303,1547.2049,0.0
790,1539.7906,1540.8947,1542.4192,1544.0262,1545.6287,1547.2001,0.0
791,1539.7867,1540.8899,1542.4224,1544.0254,1545.6319,1547.2041,0.0
792,1539.793,1540.897,1542.4192,1544.0246,1545.6359,1547.1993,0.0
793,1539.7882,1540.8994,1542.4168,1544.0239,1545.6351,1547.2065,0.0
794,1539.7922,1540.8947,1542.42,1544.0278,1545.6295,1547.2049,0.0
795,1539.793,1540.8939,1542.4255,1544.027,1545.6287,1547.2017,0.0
796,1539.7898,1540.8978,1542.4216,1544.0286,1545.6311,1547.2065,0.0
797,1539.793,1540.8962,1542.4216,1544.0278,1545.6303,1547.2017,0.0
798,1539.7882,1540.8923,1542.4231,1544.0294,1545.6287,1547.2041,0.0
799,1539.7969,1540.8994,1542.4255,1544.0254,1545.6287,1547.2057,0.0
800,0.0,1540.8844,1542.3859,1543.9809,1545.6104,1547.272,0.0
801,0.0,1540.8852,1542.3946,1543.9793,1545.6072,1547.2704,0.0
802,0.0,1540.8883,1542.3914,1543.9793,1545.6072,1547.2728,0.0
803,0.0,1540.8812,1542.3946,1543.9793,1545.608,1547.2704,0.0
804,0.0,1540.882,1542.3954,1543.9817,1545.6112,1547.272,0.0
805,0.0,1540.8859,1542.3946,1543.9865,1545.6104,1547.2704,0.0
806,0.0,1540.8796,1542.4001,1543.9769,1545.6064,1547.2704,0.0
807,0.0,1540.8812,1542.3962,1543.9777,1545.6064,1547.2744,0.0
808,0.0,1540.8844,1542.3914,1543.9769,1545.6088,1547.272,0.0
809,0.0,1540.8875,1542.3954,1543.9761,1545.6119,1547.2712,0.0
810,0.0,1540.8867,1542.3946,1543.973,1545.6135,1547.2704,0.0
811,0.0,1540.8844,1542.3898,1543.9817,1545.6135,1547.2672,0.0
812,0.0,1540.8828,1542.3946,1543.9769,1545.6096,1547.2696,0.0
813,0.0,1540.8859,1542.3906,1543.9809,1545.6104,1547.2704,0.0
814,0.0,1540.8828,1542.393,1543.9785,1545.6119,1547.2696,0.0
815,0.0,1540.8852,1542.3866,1543.9793,1545.6143,1547.2728,0.0
816,0.0,1540.8844,1542.393,1543.9777,1545.6096,1547.2688,0.0
817,0.0,1540.8788,1542.3874,1543.9785,1545.608,1547.2696,0.0
818,0.0,1540.8859,1542.3874,1543.9753,1545.6096,1547.272,0.0
819,0.0,1540.8867,1542.393,1543.9738,1545.6088,1547.2704,0.0
820,0.0,1540.8844,1542.3922,1543.9722,1545.608,1547.2728,0.0
821,0.0,1540.8915,1542.3938,1543.9769,1545.6127,1547.2704,0.0
822,0.0,1540.8844,1542.3938,1543.9753,1545.6112,1547.2728,0.0
823,0.0,1540.8796,1542.3954,1543.9666,1545.6119,1547.2704,0.0
824,0.0,1540.8828,1542.397,1543.9761,1545.6104,1547.2704,0.0
825,0.0,1540.8796,1542.3954,1543.9801,1545.6112,1547.2728,0.0
826,0.0,1540.8812,1542.389,1543.9746,1545.6072,1547.2728,0.0
827,0.0,1540.8836,1542.3906,1543.9801,1545.6088,1547.2704,0.0
828,0.0,1540.8915,1542.3906,1543.9746,1545.6112,1547.2712,0.0
829,0.0,1540.882,1542.3914,1543.9753,1545.6072,1547.2712,0.0
830,0.0,1540.8796,1542.393,1543.9777,1545.6064,1547.2728,0.0
831,0.0,1540.8852,1542.397,1543.9785,1545.6119,1547.272,0.0
832,0.0,1540.8852,1542.4001,1543.9769,1545.6119,1547.2744,0.0
833,0.0,1540.882,1542.3985,1543.9753,1545.6088,1547.2704,0.0
834,0.0,1540.8836,1542.3922,1543.9746,1545.6175,1547.2672,0.0
835,0.0,1540.8772,1542.3938,1543.9769,1545.6096,1547.2696,0.0
836,0.0,1540.882,1542.397,1543.9714,1545.6064,1547.2704,0.0
837,0.0,1540.8812,1542.3946,1543.973,1545.608,1547.2704,0.0
838,0.0,1540.8677,1542.3922,1543.9753,1545.6112,1547.2704,0.0
839,0.0,1540.8875,1542.3946,1543.9793,1545.6143,1547.2704,0.0
840,0.0,1540.878,1542.389,1543.9785,1545.6088,1547.2704,0.0
841,0.0,1540.8875,1542.397,1543.9761,1545.6072,1547.2704,0.0
842,0.0,1540.882,1542.3962,1543.9722,1545.6072,1547.2704,0.0
843,0.0,1540.8741,1542.3922,1543.9761,1545.6143,1547.2688,0.0
844,0.0,1540.8891,1542.3962,1543.9738,1545.6127,1547.2672,0.0
845,0.0,1540.8828,1542.397,1543.9738,1545.6112,1547.2728,0.0
846,0.0,1540.8812,1542.3978,1543.9809,1545.6159,1547.2712,0.0
847,0.0,1540.8836,1542.3914,1543.9761,1545.6135,1547.2704,0.0
848,0.0,1540.8875,1542.4009,1543.9809,1545.6167,1547.2712,0.0
849,0.0,1540.8883,1542.3978,1543.9793,1545.6112,1547.2672,0.0
850,0.0,1540.8859,1542.3962,1543.9746,1545.6135,1547.272,0.0
851,0.0,1540.8852,1542.397,1543.9769,1545.6143,1547.268,0.0
852,0.0,1540.8836,1542.3993,1543.9809,1545.6151,1547.272,0.0
853,0.0,1540.8875,1542.3993,1543.9801,1545.6072,1547.2704,0.0
854,0.0,1540.8891,1542.3962,1543.9825,1545.6191,1547.2688,0.0
855,0.0,1540.8852,1542.3938,1543.9865,1545.6096,1547.2704,0.0
856,0.0,1540.8828,1542.3954,1543.9801,1545.6127,1547.2752,0.0
857,0.0,1540.8836,1542.389,1543.9801,1545.6048,1547.2712,0.0
858,0.0,1540.8836,1542.3882,1543.9809,1545.6096,1547.272,0.0
859,0.0,1540.8931,1542.3985,1543.9809,1545.6064,1547.2712,0.0
860,0.0,1540.8828,1542.393,1543.9833,1545.6104,1547.2744,0.0
861,0.0,1540.8891,1542.3898,1543.9809,1545.6151,1547.2712,0.0
862,0.0,1540.882,1542.3922,1543.9793,1545.6127,1547.272,0.0
863,0.0,1540.8867,1542.3978,1543.9809,1545.6119,1547.272,0.0
864,0.0,1540.8812,1542.4017,1543.9809,1545.6088,1547.2704,0.0
865,0.0,1540.8891,1542.3985,1543.9722,1545.6135,1547.2704,0.0
866,0.0,1540.8915,1542.3938,1543.9801,1545.6143,1547.2736,0.0
867,0.0,1540.8907,1542.3906,1543.9801,1545.6104,1547.2704,0.0
868,0.0,1540.8883,1542.393,1543.9793,1545.6119,1547.2744,0.0
869,0.0,1540.8812,1542.393,1543.9769,1545.6135,1547.272,0.0
870,0.0,1540.8804,1542.3914,1543.9801,1545.6183,1547.2696,0.0
871,0.0,1540.8844,1542.397,1543.9785,1545.6143,1547.2736,0.0
872,0.0,1540.8899,1542.3985,1543.9801,1545.6112,1547.2736,0.0
873,0.0,1540.8852,1542.3938,1543.9777,1545.6167,1547.2736,0.0
874,0.0,1540.8883,1542.393,1543.9825,1545.6088,1547.272,0.0
875,0.0,1540.8867,1542.3946,1543.9793,1545.608,1547.2704,0.0
876,0.0,1540.8796,1542.3946,1543.9825,1545.6127,1547.2712,0.0
877,0.0,1540.8859,1542.3954,1543.9817,1545.6119,1547.2704,0.0
878,0.0,1540.8859,1542.3954,1543.9793,1545.6112,1547.2728,0.0
879,0.0,1540.8836,1542.393,1543.9753,1545.6088,1547.2728,0.0
880,0.0,1540.8859,1542.3922,1543.9801,1545.6127,1547.272,0.0
881,0.0,1540.878,1542.3938,1543.9801,1545.6119,1547.2688,0.0
882,0.0,1540.8859,1542.389,1543.9761,1545.6104,1547.2712,0.0
883,0.0,1540.8812,1542.3859,1543.9801,1545.6127,1547.2704,0.0
884,0.0,1540.8883,1542.397,1543.9769,1545.6143,1547.272,0.0
885,0.0,1540.8844,1542.3874,1543.9817,1545.6119,1547.272,0.0
886,0.0,1540.8852,1542.3938,1543.9769,1545.6167,1547.2704,0.0
887,0.0,1540.8788,1542.3946,1543.9777,1545.6135,1547.2704,0.0
888,0.0,1540.8828,1542.3851,1543.9801,1545.6143,1547.2744,0.0
889,0.0,1540.8828,1542.3954,1543.9777,1545.6096,1547.272,0.0
890,0.0,1540.8883,1542.3938,1543.9769,1545.6151,1547.2712,0.0
891,0.0,1540.8875,1542.393,1543.9801,1545.6119,1547.2736,0.0
892,0.0,1540.882,1542.389,1543.9785,1545.6127,1547.2752,0.0
893,0.0,1540.8836,1542.3906,1543.9769,1545.6167,1547.276,0.0
894,0.0,1540.8828,1542.389,1543.9801,1545.6112,1547.2712,0.0
895,0.0,1540.8883,1542.3898,1543.9777,1545.6088,1547.272,0.0
896,0.0,1540.8828,1542.3882,1543.9793,1545.6135,1547.28,0.0
897,0.0,1540.8764,1542.3922,1543.9809,1545.6096,1547.2768,0.0
898,0.0,1540.8852,1542.3898,1543.9761,1545.6127,1547.2704,0.0
899,0.0,1540.8852,1542.3866,1543.9738,1545.6167,1547.2728,0.0
900,0.0,1540.8804,1542.389,1543.9801,1545.6135,1547.2736,0.0
901,0.0,1540.8836,1542.3922,1543.9825,1545.6135,1547.2752,0.0
902,0.0,1540.8812,1542.3874,1543.9809,1545.6175,1547.2728,0.0
903,0.0,1540.8844,1542.3922,1543.9785,1545.6119,1547.272,0.0
904,0.0,1540.8875,1542.3882,1543.9801,1545.6104,1547.2704,0.0
905,0.0,1540.8741,1542.389,1543.9769,1545.6112,1547.2736,0.0
906,0.0,1540.8796,1542.393,1543.9738,1545.6119,1547.272,0.0
907,0.0,1540.878,1542.3859,1543.9801,1545.6151,1547.2736,0.0
908,0.0,1540.8788,1542.3882,1543.9849,1545.6135,1547.2736,0.0
909,0.0,1540.878,1542.3914,1543.9809,1545.6112,1547.272,0.0
910,0.0,1540.8788,1542.3882,1543.9785,1545.6135,1547.2736,0.0
911,0.0,1540.8804,1542.393,1543.9746,1545.6151,1547.2736,0.0
912,0.0,1540.8812,1542.3882,1543.9777,1545.6135,1547.2744,0.0
913,0.0,1540.8836,1542.3914,1543.9746,1545.6143,1547.2752,0.0
914,0.0,1540.8812,1542.3985,1543.9825,1545.6112,1547.2728,0.0
915,0.0,1540.8859,1542.3866,1543.9777,1545.6112,1547.2744,0.0
916,0.0,1540.8867,1542.3874,1543.9746,1545.6096,1547.2752,0.0
917,0.0,1540.8883,1542.3938,1543.9801,1545.6119,1547.2744,0.0
918,0.0,1540.8796,1542.3914,1543.9785,1545.6088,1547.2736,0.0
919,0.0,1540.878,1542.3866,1543.9817,1545.6112,1547.2744,0.0
920,0.0,1540.8852,1542.3938,1543.9817,1545.6135,1547.2728,0.0
921,0.0,1540.8788,1542.3938,1543.9769,1545.6119,1547.2744,0.0
922,0.0,1540.8828,1542.3962,1543.9801,1545.6119,1547.2744,0.0
923,0.0,1540.8812,1542.3954,1543.9785,1545.6119,1547.2736,0.0
924,0.0,1540.8836,1542.3938,1543.9801,1545.6167,1547.276,0.0
925,0.0,1540.8852,1542.4025,1543.9761,1545.6151,1547.2736,0.0
926,0.0,1540.8852,1542.3922,1543.9793,1545.6159,1547.272,0.0
927,0.0,1540.8867,1542.3946,1543.9761,1545.6159,1547.2704,0.0
928,0.0,1540.8812,1542.3993,1543.9769,1545.6191,1547.2744,0.0
929,0.0,1540.8741,1542.3946,1543.9777,1545.6135,1547.2712,0.0
930,0.0,1540.8764,1542.3922,1543.9769,1545.6151,1547.2744,0.0
931,0.0,1540.8772,1542.3874,1543.9841,1545.6159,1547.2728,0.0
932,0.0,1540.8836,1542.397,1543.9801,1545.6191,1547.2744,0.0
933,0.0,1540.8828,1542.3859,1543.9777,1545.6104,1547.2752,0.0
934,0.0,1540.8852,1542.3954,1543.9793,1545.6215,1547.2744,0.0
935,0.0,1540.8852,1542.393,1543.9761,1545.6159,1547.272,0.0
936,0.0,1540.8852,1542.3954,1543.9753,1545.6143,1547.2728,0.0
937,0.0,1540.8859,1542.3985,1543.9793,1545.6104,1547.2744,0.0
938,0.0,1540.8867,1542.4025,1543.9817,1545.6119,1547.276,0.0
939,0.0,1540.8828,1542.3938,1543.9753,1545.6119,1547.2728,0.0
940,0.0,1540.8875,1542.3985,1543.9825,1545.6072,1547.276,0.0
941,0.0,1540.8741,1542.3946,1543.9738,1545.6112,1547.2752,0.0
942,0.0,1540.882,1542.4001,1543.9785,1545.6135,1547.2752,0.0
943,0.0,1540.8788,1542.3898,1543.9793,1545.6151,1547.2736,0.0
944,0.0,1540.8828,1542.3914,1543.9785,1545.6135,1547.2744,0.0
945,0.0,1540.8741,1542.3962,1543.9825,1545.6143,1547.2736,0.0
946,0.0,1540.882,1542.3922,1543.9753,1545.6135,1547.2728,0.0
947,0.0,1540.882,1542.3922,1543.9801,1545.6135,1547.276,0.0
948,0.0,1540.8812,1542.3978,1543.9809,1545.6167,1547.2752,0.0
949,0.0,1540.8725,1542.3938,1543.9833,1545.6183,1547.2736,0.0
950,0.0,1540.8796,1542.3993,1543.9801,1545.6143,1547.2768,0.0
951,0.0,1540.8804,1542.3906,1543.9833,1545.6143,1547.2776,0.0
952,0.0,1540.8709,1542.3993,1543.9857,1545.6135,1547.2752,0.0
953,0.0,1540.8764,1542.3978,1543.9825,1545.6143,1547.276,0.0
954,0.0,1540.8859,1542.3978,1543.9777,1545.6167,1547.2768,0.0
955,0.0,1540.882,1542.3906,1543.9825,1545.6191,1547.276,0.0
956,0.0,1540.8804,1542.3962,1543.9785,1545.6191,1547.2752,0.0
957,0.0,1540.8828,1542.389,1543.9817,1545.6159,1547.2728,0.0
958,0.0,1540.8836,1542.4009,1543.9801,1545.6135,1547.2744,0.0
959,0.0,1540.8867,1542.397,1543.9753,1545.6135,1547.2768,0.0
960,0.0,1540.8812,1542.3795,1543.9793,1545.6088,1547.2744,0.0
961,0.0,1540.8741,1542.3938,1543.9793,1545.6135,1547.2752,0.0
962,0.0,1540.8804,1542.3906,1543.9833,1545.6215,1547.2752,0.0
963,0.0,1540.8804,1542.389,1543.9825,1545.6112,1547.2728,0.0
964,0.0,1540.8796,1542.3978,1543.9809,1545.6135,1547.2792,0.0
965,0.0,1540.8836,1542.3898,1543.9785,1545.6127,1547.2784,0.0
966,0.0,1540.8772,1542.3962,1543.9793,1545.6159,1547.276,0.0
967,0.0,1540.8749,1542.4001,1543.9793,1545.6143,1547.276,0.0
968,0.0,1540.8756,1542.3954,1543.9785,1545.6143,1547.2736,0.0
969,0.0,1540.8796,1542.3985,1543.9769,1545.6159,1547.2736,0.0
970,0.0,1540.8828,1542.3938,1543.9817,1545.6119,1547.2768,0.0
971,0.0,1540.8772,1542.3922,1543.9785,1545.6175,1547.2752,0.0
972,0.0,1540.8772,1542.4009,1543.9785,1545.6143,1547.2776,0.0
973,0.0,1540.8796,1542.3962,1543.9793,1545.6112,1547.2768,0.0
974,0.0,1540.8749,1542.3922,1543.9817,1545.6143,1547.2752,0.0
975,0.0,1540.8844,1542.3978,1543.9777,1545.6143,1547.276,0.0
976,0.0,1540.8867,1542.3946,1543.9793,1545.6175,1547.276,0.0
977,0.0,1540.8796,1542.397,1543.9801,1545.6112,1547.2744,0.0
978,0.0,1540.8764,1542.3914,1543.9753,1545.6175,1547.2736,0.0
979,0.0,1540.8836,1542.3954,1543.9841,1545.6175,1547.2744,0.0
980,0.0,1540.8709,1542.3954,1543.9849,1545.6159,1547.2776,0.0
981,0.0,1540.8836,1542.393,1543.9833,1545.6167,1547.276,0.0
982,0.0,1540.882,1542.389,1543.9777,1545.6151,1547.2768,0.0
983,0.0,1540.8899,1542.3954,1543.9753,1545.6175,1547.2768,0.0
984,0.0,1540.8836,1542.397,1543.9777,1545.6199,1547.2744,0.0
985,0.0,1540.8796,1542.3938,1543.9825,1545.6151,1547.2784,0.0
986,0.0,1540.8756,1542.3914,1543.9841,1545.6199,1547.2768,0.0
987,0.0,1540.8788,1542.3922,1543.9833,1545.6112,1547.2768,0.0
988,0.0,1540.8828,1542.3962,1543.9825,1545.6143,1547.2768,0.0
989,0.0,1540.8756,1542.3914,1543.9857,1545.6135,1547.2768,0.0
990,0.0,1540.8788,1542.3914,1543.9809,1545.6183,1547.2792,0.0
991,0.0,1540.8717,1542.3993,1543.9817,1545.6143,1547.2776,0.0
992,0.0,1540.878,1542.389,1543.9777,1545.6072,1547.2768,0.0
993,0.0,1540.8875,1542.3882,1543.9833,1545.6151,1547.276,0.0
994,0.0,1540.8796,1542.389,1543.9777,1545.6175,1547.2768,0.0
995,0.0,1540.878,1542.3946,1543.9841,1545.6135,1547.2744,0.0
996,0.0,1540.8756,1542.3922,1543.9809,1545.6112,1547.2776,0.0
997,0.0,1540.8788,1542.389,1543.9793,1545.6127,1547.28,0.0
998,0.0,1540.8836,1542.3866,1543.9801,1545.6159,1547.2776,0.0
999,0.0,1540.882,1542.3946,1543.9753,1545.6135,1547.276,0.0
1000,0.0,1541.2258,1542.7645,1544.3412,1545.9379,1547.5036,0.0
1001,0.0,1541.2274,1542.7668,1544.3444,1545.9387,1547.506,0.0
1002,0.0,1541.2297,1542.7613,1544.3476,1545.9347,1547.5052,0.0
1003,0.0,1541.2313,1542.7621,1544.3436,1545.9355,1547.5068,0.0
1004,0.0,1541.2377,1542.7684,1544.3492,1545.9347,1547.5084,0.0
1005,0.0,1541.2345,1542.7637,1544.3523,1545.9331,1547.5044,0.0
1006,0.0,1541.229,1542.7597,1544.346,1545.9371,1547.5036,0.0
1007,0.0,1541.2266,1542.7597,1544.346,1545.9387,1547.5028,0.0
1008,0.0,1541.2321,1542.7581,1544.3452,1545.9387,1547.5076,0.0
1009,0.0,1541.2369,1542.7589,1544.3484,1545.9387,1547.5036,0.0
1010,0.0,1541.2297,1542.7629,1544.3476,1545.9403,1547.506,0.0
1011,0.0,1541.2218,1542.766,1544.3484,1545.9387,1547.5052,0.0
1012,0.0,1541.2337,1542.7573,1544.3476,1545.9387,1547.5068,0.0
1013,0.0,1541.229,1542.766,1544.3468,1545.9435,1547.5068,0.0
1014,0.0,1541.2242,1542.7629,1544.3452,1545.9379,1547.5068,0.0
1015,0.0,1541.2305,1542.7645,1544.3484,1545.9403,1547.5052,0.0
1016,0.0,1541.225,1542.7653,1544.3492,1545.9387,1547.5036,0.0
1017,0.0,1541.2258,1542.766,1544.3516,1545.9419,1547.506,0.0
1018,0.0,1541.2329,1542.7684,1544.3523,1545.9403,1547.5068,0.0
1019,0.0,1541.2242,1542.7637,1544.346,1545.9395,1547.5068,0.0
1020,0.0,1541.2115,1542.7629,1544.3516,1545.9403,1547.506,0.0
1021,0.0,1541.2321,1542.7621,1544.3492,1545.9411,1547.5076,0.0
1022,0.0,1541.225,1542.7684,1544.3516,1545.9387,1547.5076,0.0
1023,0.0,1541.229,1542.7581,1544.3516,1545.9403,1547.5044,0.0
1024,0.0,1541.2282,1542.7645,1544.3508,1545.9411,1547.5068,0.0
1025,0.0,1541.225,1542.7613,1544.3476,1545.9411,1547.5084,0.0
1026,0.0,1541.2297,1542.7637,1544.3476,1545.9419,1547.5084,0.0
1027,0.0,1541.2337,1542.7653,1544.3492,1545.9379,1547.5068,0.0
1028,0.0,1541.2194,1542.7581,1544.3476,1545.9395,1547.5068,0.0
1029,0.0,1541.2274,1542.7613,1544.3508,1545.9387,1547.5068,0.0
1030,0.0,1541.2171,1542.7613,1544.3508,1545.9395,1547.5044,0.0
1031,0.0,1541.2266,1542.7629,1544.3484,1545.9379,1547.5044,0.0
1032,0.0,1541.2313,1542.7637,1544.3508,1545.9403,1547.506,0.0
1033,0.0,1541.2091,1542.7621,1544.35,1545.9379,1547.5052,0.0
1034,0.0,1541.2234,1542.7637,1544.3476,1545.9387,1547.5052,0.0
1035,0.0,1541.225,1542.766,1544.35,1545.9371,1547.5068,0.0
1036,0.0,1541.2282,1542.7605,1544.3523,1545.9387,1547.506,0.0
1037,0.0,1541.2123,1542.7589,1544.3484,1545.9419,1547.5084,0.0
1038,0.0,1541.2258,1542.766,1544.3516,1545.9387,1547.5076,0.0
1039,0.0,1541.2242,1542.7613,1544.3452,1545.9403,1547.506,0.0
1040,0.0,1541.2258,1542.7605,1544.3452,1545.9395,1547.5052,0.0
1041,0.0,1541.221,1542.7605,1544.3396,1545.9395,1547.5044,0.0
1042,0.0,1541.2234,1542.7629,1544.346,1545.9379,1547.506,0.0
1043,0.0,1541.2345,1542.7637,1544.3539,1545.9379,1547.506,0.0
1044,0.0,1541.221,1542.7605,1544.3484,1545.9403,1547.5044,0.0
1045,0.0,1541.2242,1542.7621,1544.35,1545.9403,1547.5068,0.0
1046,0.0,1541.2353,1542.7621,1544.35,1545.9427,1547.5052,0.0
1047,0.0,1541.2369,1542.7597,1544.3468,1545.9395,1547.5036,0.0
1048,0.0,1541.2305,1542.7613,1544.3523,1545.9371,1547.5068,0.0
1049,0.0,1541.2321,1542.7645,1544.3452,1545.9371,1547.506,0.0
1050,0.0,1541.2321,1542.7637,1544.3468,1545.9371,1547.5068,0.0
1051,0.0,1541.2313,1542.7621,1544.3436,1545.9371,1547.5044,0.0
1052,0.0,1541.2305,1542.7621,1544.3452,1545.9387,1547.5076,0.0
1053,0.0,1541.2202,1542.7565,1544.3476,1545.9355,1547.5036,0.0
1054,0.0,1541.2337,1542.7629,1544.3484,1545.9363,1547.5044,0.0
1055,0.0,1541.225,1542.7597,1544.3476,1545.9347,1547.5044,0.0
1056,0.0,1541.2258,1542.7597,1544.3516,1545.9371,1547.5052,0.0
1057,0.0,1541.2305,1542.7605,1544.3508,1545.9387,1547.5036,0.0
1058,0.0,1541.2242,1542.7549,1544.35,1545.9363,1547.5068,0.0
1059,0.0,1541.2345,1542.7613,1544.3492,1545.9403,1547.51,0.0
1060,0.0,1541.2345,1542.7597,1544.3484,1545.9355,1547.5068,0.0
1061,0.0,1541.2321,1542.7613,1544.3468,1545.9403,1547.5044,0.0
1062,0.0,1541.2274,1542.7653,1544.3531,1545.9363,1547.5068,0.0
1063,0.0,1541.2258,1542.7597,1544.3508,1545.9387,1547.5028,0.0
1064,0.0,1541.2179,1542.7605,1544.3516,1545.9379,1547.5068,0.0
1065,0.0,1541.2258,1542.7589,1544.3523,1545.9395,1547.506,0.0
1066,0.0,1541.2297,1542.7581,1544.3484,1545.9395,1547.5084,0.0
1067,0.0,1541.2258,1542.7605,1544.3492,1545.9371,1547.5084,0.0
1068,0.0,1541.2321,1542.7581,1544.3516,1545.9371,1547.5084,0.0
1069,0.0,1541.2242,1542.7589,1544.3492,1545.9387,1547.5076,0.0
1070,0.0,1541.2305,1542.7597,1544.35,1545.9387,1547.5076,0.0
1071,0.0,1541.2305,1542.7565,1544.3476,1545.9403,1547.5084,0.0
1072,0.0,1541.225,1542.7645,1544.3492,1545.9387,1547.5084,0.0
1073,0.0,1541.225,1542.7557,1544.3539,1545.9371,1547.506,0.0
1074,0.0,1541.229,1542.7692,1544.3531,1545.9379,1547.5076,0.0
1075,0.0,1541.2313,1542.7637,1544.3468,1545.9387,1547.5084,0.0
1076,0.0,1541.225,1542.7621,1544.3476,1545.9371,1547.5084,0.0
1077,0.0,1541.2274,1542.7621,1544.3492,1545.9371,1547.506,0.0
1078,0.0,1541.2353,1542.7613,1544.3476,1545.9387,1547.5052,0.0
1079,0.0,1541.2266,1542.7629,1544.3508,1545.9395,1547.5084,0.0
1080,0.0,1541.2258,1542.7629,1544.3508,1545.9395,1547.5068,0.0
1081,0.0,1541.2274,1542.7645,1544.35,1545.9355,1547.506,0.0
1082,0.0,1541.2297,1542.7541,1544.3516,1545.9379,1547.5076,0.0
1083,0.0,1541.2242,1542.7629,1544.3516,1545.9387,1547.506,0.0
1084,0.0,1541.2282,1542.7621,1544.3531,1545.9379,1547.5068,0.0
1085,0.0,1541.2345,1542.7629,1544.35,1545.9387,1547.5076,0.0
1086,0.0,1541.2202,1542.7565,1544.3484,1545.9379,1547.506,0.0
1087,0.0,1541.2194,1542.7621,1544.35,1545.9379,1547.5076,0.0
1088,0.0,1541.2266,1542.7637,1544.3516,1545.9371,1547.5076,0.0
1089,0.0,1541.2274,1542.7518,1544.3516,1545.9371,1547.5076,0.0
1090,0.0,1541.2147,1542.7573,1544.3492,1545.9395,1547.5076,0.0
1091,0.0,1541.2297,1542.7613,1544.3484,1545.9395,1547.506,0.0
1092,0.0,1541.2163,1542.7621,1544.3516,1545.9363,1547.5084,0.0
1093,0.0,1541.229,1542.7621,1544.346,1545.9363,1547.5076,0.0
1094,0.0,1541.2337,1542.7637,1544.3508,1545.9427,1547.5052,0.0
1095,0.0,1541.2076,1542.7629,1544.3468,1545.9371,1547.5084,0.0
1096,0.0,1541.2345,1542.7613,1544.3508,1545.9395,1547.506,0.0
1097,0.0,1541.2226,1542.7621,1544.3508,1545.9363,1547.5084,0.0
1098,0.0,1541.2258,1542.7637,1544.3508,1545.9395,1547.5084,0.0
1099,0.0,1541.2091,1542.7629,1544.3531,1545.9411,1547.5076,0.0
1100,0.0,1541.225,1542.7605,1544.3547,1545.9387,1547.5052,0.0
1101,0.0,1541.2194,1542.7613,1544.3516,1545.9371,1547.5076,0.0
1102,0.0,1541.2321,1542.7629,1544.3484,1545.9379,1547.5084,0.0
1103,0.0,1541.2234,1542.7597,1544.3508,1545.9363,1547.5084,0.0
1104,0.0,1541.2282,1542.7637,1544.3547,1545.9371,1547.5076,0.0
1105,0.0,1541.2258,1542.7621,1544.3516,1545.9395,1547.506,0.0
1106,0.0,1541.2242,1542.7613,1544.3508,1545.9411,1547.51,0.0
1107,0.0,1541.2282,1542.7653,1544.3563,1545.9363,1547.5068,0.0
1108,0.0,1541.2242,1542.7597,1544.3523,1545.9379,1547.5092,0.0
1109,0.0,1541.2242,1542.7621,1544.3523,1545.9387,1547.5084,0.0
1110,0.0,1541.2321,1542.7621,1544.3508,1545.9379,1547.5068,0.0
1111,0.0,1541.2234,1542.7605,1544.3476,1545.9355,1547.51,0.0
1112,0.0,1541.2147,1542.7637,1544.3531,1545.9379,1547.5092,0.0
1113,0.0,1541.2266,1542.7605,1544.3516,1545.9371,1547.51,0.0
1114,0.0,1541.2202,1542.7605,1544.3476,1545.9371,1547.5092,0.0
1115,0.0,1541.2194,1542.7573,1544.35,1545.9355,1547.5092,0.0
1116,0.0,1541.221,1542.7605,1544.3508,1545.9355,1547.5084,0.0
1117,0.0,1541.2218,1542.7581,1544.3492,1545.9371,1547.5084,0.0
1118,0.0,1541.2187,1542.7581,1544.3516,1545.9395,1547.5084,0.0
1119,0.0,1541.225,1542.7621,1544.3516,1545.9363,1547.5068,0.0
1120,0.0,1541.2274,1542.7565,1544.3492,1545.9355,1547.506,0.0
1121,0.0,1541.2258,1542.7581,1544.3508,1545.9371,1547.51,0.0
1122,0.0,1541.2274,1542.7605,1544.3508,1545.9339,1547.5084,0.0
1123,0.0,1541.2218,1542.7676,1544.3531,1545.9387,1547.5108,0.0
1124,0.0,1541.2345,1542.7668,1544.3508,1545.9395,1547.5076,0.0
1125,0.0,1541.2266,1542.7653,1544.3531,1545.9387,1547.5068,0.0
1126,0.0,1541.2202,1542.7581,1544.3508,1545.9379,1547.51,0.0
1127,0.0,1541.2194,1542.7478,1544.3516,1545.9363,1547.5092,0.0
1128,0.0,1541.221,1542.7597,1544.3484,1545.9363,1547.5084,0.0
1129,0.0,1541.2282,1542.7605,1544.3468,1545.9403,1547.5084,0.0
1130,0.0,1541.2321,1542.766,1544.3452,1545.9395,1547.5108,0.0
1131,0.0,1541.2179,1542.7541,1544.3492,1545.9387,1547.51,0.0
1132,0.0,1541.2234,1542.7605,1544.3484,1545.9387,1547.51,0.0
1133,0.0,1541.2266,1542.7637,1544.35,1545.9395,1547.5092,0.0
1134,0.0,1541.2353,1542.7565,1544.3484,1545.9371,1547.51,0.0
1135,0.0,1541.2297,1542.7645,1544.3492,1545.9395,1547.5084,0.0
1136,0.0,1541.229,1542.7581,1544.3516,1545.9387,1547.5116,0.0
1137,0.0,1541.225,1542.7557,1544.3492,1545.9363,1547.5108,0.0
1138,0.0,1541.2282,1542.7581,1544.3531,1545.9347,1547.5092,0.0
1139,0.0,1541.2321,1542.7573,1544.3476,1545.9387,1547.51,0.0
1140,0.0,1541.2139,1542.7645,1544.3452,1545.9379,1547.5124,0.0
1141,0.0,1541.229,1542.7629,1544.3428,1545.9347,1547.5108,0.0
1142,0.0,1541.2218,1542.7605,1544.3516,1545.9355,1547.5076,0.0
1143,0.0,1541.2258,1542.7645,1544.35,1545.9379,1547.5124,0.0
1144,0.0,1541.2393,1542.7573,1544.35,1545.9387,1547.51,0.0
1145,0.0,1541.2274,1542.7605,1544.346,1545.9379,1547.5092,0.0
1146,0.0,1541.2274,1542.7621,1544.3484,1545.9379,1547.5084,0.0
1147,0.0,1541.2274,1542.7589,1544.3444,1545.9411,1547.51,0.0
1148,0.0,1541.2305,1542.7637,1544.3468,1545.9411,1547.51,0.0
1149,0.0,1541.2313,1542.7621,1544.3492,1545.9371,1547.5116,0.0
1150,0.0,1541.2297,1542.7605,1544.35,1545.9411,1547.5116,0.0
1151,0.0,1541.2194,1542.7597,1544.35,1545.9387,1547.5116,0.0
1152,0.0,1541.2297,1542.7621,1544.346,1545.9363,1547.5124,0.0
1153,0.0,1541.2313,1542.7589,1544.3516,1545.9379,1547.5132,0.0
1154,0.0,1541.2282,1542.7549,1544.3476,1545.9379,1547.5116,0.0
1155,0.0,1541.2416,1542.7573,1544.3508,1545.9363,1547.5108,0.0
1156,0.0,1541.2361,1542.7621,1544.3452,1545.9387,1547.5092,0.0
1157,0.0,1541.2171,1542.766,1544.3555,1545.9363,1547.5116,0.0
1158,0.0,1541.2226,1542.7645,1544.3484,1545.9371,1547.5108,0.0
1159,0.0,1541.2297,1542.7637,1544.3476,1545.9387,1547.5132,0.0
1160,0.0,1541.2187,1542.7605,1544.3492,1545.9379,1547.514,0.0
1161,0.0,1541.2258,1542.7613,1544.3484,1545.9371,1547.5092,0.0
1162,0.0,1541.225,1542.7589,1544.35,1545.9411,1547.5124,0.0
1163,0.0,1541.2226,1542.7613,1544.3508,1545.9371,1547.5108,0.0
1164,0.0,1541.2218,1542.7613,1544.3484,1545.9379,1547.51,0.0
1165,0.0,1541.2274,1542.7573,1544.3516,1545.9387,1547.5116,0.0
1166,0.0,1541.2274,1542.7621,1544.346,1545.9379,1547.5124,0.0
1167,0.0,1541.2234,1542.7645,1544.3476,1545.9419,1547.5124,0.0
1168,0.0,1541.2305,1542.7613,1544.3523,1545.9379,1547.5116,0.0
1169,0.0,1541.2305,1542.7581,1544.3436,1545.9395,1547.5116,0.0
1170,0.0,1541.2385,1542.7573,1544.346,1545.9387,1547.5116,0.0
1171,0.0,1541.2274,1542.7597,1544.3428,1545.9411,1547.5124,0.0
1172,0.0,1541.2337,1542.7541,1544.3492,1545.9379,1547.5124,0.0
1173,0.0,1541.2155,1542.7605,1544.35,1545.9395,1547.5116,0.0
1174,0.0,1541.2274,1542.7565,1544.3492,1545.9419,1547.5116,0.0
1175,0.0,1541.2234,1542.7541,1544.3484,1545.9379,1547.5132,0.0
1176,0.0,1541.2305,1542.7557,1544.3428,1545.9363,1547.5116,0.0
1177,0.0,1541.2282,1542.7565,1544.35,1545.9379,1547.5124,0.0
1178,0.0,1541.2242,1542.7541,1544.3468,1545.9403,1547.5116,0.0
1179,0.0,1541.2226,1542.7541,1544.3484,1545.9371,1547.5116,0.0
1180,0.0,1541.2313,1542.7605,1544.3476,1545.9363,1547.5108,0.0
1181,0.0,1541.2353,1542.7597,1544.3508,1545.9363,1547.5124,0.0
1182,0.0,1541.229,1542.7589,1544.3476,1545.9379,1547.51,0.0
1183,0.0,1541.2123,1542.7629,1544.35,1545.9379,1547.5116,0.0
1184,0.0,1541.2282,1542.7549,1544.3452,1545.9387,1547.514,0.0
1185,0.0,1541.225,1542.7613,1544.3412,1545.9379,1547.5124,0.0
1186,0.0,1541.2076,1542.7621,1544.3492,1545.9395,1547.5132,0.0
1187,0.0,1541.2202,1542.7573,1544.3476,1545.9355,1547.5116,0.0
1188,0.0,1541.2234,1542.7597,1544.3444,1545.9419,1547.5164,0.0
1189,0.0,1541.2282,1542.7637,1544.3452,1545.9379,1547.5124,0.0
1190,0.0,1541.229,1542.7621,1544.3452,1545.9427,1547.5116,0.0
1191,0.0,1541.2218,1542.7597,1544.3468,1545.9387,1547.5108,0.0
1192,0.0,1541.2313,1542.7589,1544.3492,1545.9387,1547.5116,0.0
1193,0.0,1541.2266,1542.7565,1544.3452,1545.9387,1547.5132,0.0
1194,0.0,1541.221,1542.7621,1544.3476,1545.9395,1547.5116,0.0
1195,0.0,1541.229,1542.7668,1544.3476,1545.9387,1547.5116,0.0
1196,0.0,1541.2258,1542.7597,1544.3428,1545.9403,1547.5092,0.0
1197,0.0,1541.2266,1542.7605,1544.3531,1545.9371,1547.5108,0.0
1198,0.0,1541.2282,1542.7637,1544.3484,1545.9411,1547.5116,0.0
1199,0.0,1541.2377,1542.7581,1544.3452,1545.9403,1547.514,0.0
1200,0.0,0.0,0.0,0.0,0.0,0.0,0.0
1201,0.0,0.0,0.0,0.0,0.0,0.0,0.0
1202,0.0,0.0,0.0,0.0,0.0,0.0,0.0
1203,0.0,0.0,0.0,0.0,0.0,0.0,0.0
1204,0.0,0.0,0.0,0.0,0.0,0.0,0.0
1205,0.0,0.0,0.0,0.0,0.0,0.0,0.0
1206,0.0,0.0,0.0,0.0,0.0,0.0,0.0
1207,0.0,0.0,0.0,0.0,0.0,0.0,0.0
1208,0.0,0.0,0.0,0.0,0.0,0.0,0.0
1209,0.0,0.0,0.0,0.0,0.0,0.0,0.0
1210,0.0,0.0,0.0,0.0,0.0,0.0,0.0
1211,0.0,0.0,0.0,0.0,0.0,0.0,0.0
1212,0.0,0.0,0.0,0.0,0.0,0.0,0.0
1213,0.0,0.0,0.0,0.0,0.0,0.0,0.0
1214,0.0,0.0,0.0,0.0,0.0,0.0,0.0
1215,0.0,0.0,0.0,0.0,0.0,0.0,0.0
1216,0.0,0.0,0.0,0.0,0.0,0.0,0.0
1217,0.0,0.0,0.0,0.0,0.0,0.0,0.0
1218,0.0,0.0,0.0,0.0,0.0,0.0,0.0
1219,0.0,0.0,0.0,0.0,0.0,0.0,0.0
1220,0.0,0.0,0.0,0.0,0.0,0.0,0.0
1221,0.0,0.0,0.0,0.0,0.0,0.0,0.0
1222,0.0,0.0,0.0,0.0,0.0,0.0,0.0
1223,0.0,0.0,0.0,0.0,0.0,0.0,0.0
1224,0.0,0.0,0.0,0.0,0.0,0.0,0.0
1225,0.0,0.0,0.0,0.0,0.0,0.0,0.0
1226,0.0,0.0,0.0,0.0,0.0,0.0,0.0
1227,0.0,0.0,0.0,0.0,0.0,0.0,0.0
1228,0.0,0.0,0.0,0.0,0.0,0.0,0.0
1229,0.0,0.0,0.0,0.0,0.0,0.0,0.0
1230,0.0,0.0,0.0,0.0,0.0,0.0,0.0
1231,0.0,0.0,0.0,0.0,0.0,0.0,0.0
1232,0.0,0.0,0.0,0.0,0.0,0.0,0.0
1233,0.0,0.0,0.0,0.0,0.0,0.0,0.0
1234,0.0,0.0,0.0,0.0,0.0,0.0,0.0
1235,0.0,0.0,0.0,0.0,0.0,0.0,0.0
1236,0.0,0.0,0.0,0.0,0.0,0.0,0.0
1237,0.0,0.0,0.0,0.0,0.0,0.0,0.0
1238,0.0,0.0,0.0,0.0,0.0,0.0,0.0
1239,0.0,0.0,0.0,0.0,0.0,0.0,0.0
1240,0.0,0.0,0.0,0.0,0.0,0.0,0.0
1241,0.0,0.0,0.0,0.0,0.0,0.0,0.0
1242,0.0,0.0,0.0,0.0,0.0,0.0,0.0
1243,0.0,0.0,0.0,0.0,0.0,0.0,0.0
1244,0.0,0.0,0.0,0.0,0.0,0.0,0.0
1245,0.0,0.0,0.0,0.0,0.0,0.0,0.0
1246,0.0,0.0,0.0,0.0,0.0,0.0,0.0
1247,0.0,0.0,0.0,0.0,0.0,0.0,0.0
1248,0.0,0.0,0.0,0.0,0.0,0.0,0.0
1249,0.0,0.0,0.0,0.0,0.0,0.0,0.0
1250,0.0,0.0,0.0,0.0,0.0,0.0,0.0
1251,0.0,0.0,0.0,0.0,0.0,0.0,0.0
1252,0.0,0.0,0.0,0.0,0.0,0.0,0.0
1253,0.0,0.0,0.0,0.0,0.0,0.0,0.0
1254,0.0,0.0,0.0,0.0,0.0,0.0,0.0
1255,0.0,0.0,0.0,0.0,0.0,0.0,0.0
1256,0.0,0.0,0.0,0.0,0.0,0.0,0.0
1257,0.0,0.0,0.0,0.0,0.0,0.0,0.0
1258,0.0,0.0,0.0,0.0,0.0,0.0,0.0
1259,0.0,0.0,0.0,0.0,0.0,0.0,0.0
1260,0.0,0.0,0.0,0.0,0.0,0.0,0.0
1261,0.0,0.0,0.0,0.0,0.0,0.0,0.0
1262,0.0,0.0,0.0,0.0,0.0,0.0,0.0
1263,0.0,0.0,0.0,0.0,0.0,0.0,0.0
1264,0.0,0.0,0.0,0.0,0.0,0.0,0.0
1265,0.0,0.0,0.0,0.0,0.0,0.0,0.0
1266,0.0,0.0,0.0,0.0,0.0,0.0,0.0
1267,0.0,0.0,0.0,0.0,0.0,0.0,0.0
1268,0.0,0.0,0.0,0.0,0.0,0.0,0.0
1269,0.0,0.0,0.0,0.0,0.0,0.0,0.0
1270,0.0,0.0,0.0,0.0,0.0,0.0,0.0
1271,0.0,0.0,0.0,0.0,0.0,0.0,0.0
1272,0.0,0.0,0.0,0.0,0.0,0.0,0.0
1273,0.0,0.0,0.0,0.0,0.0,0.0,0.0
1274,0.0,0.0,0.0,0.0,0.0,0.0,0.0
1275,0.0,0.0,0.0,0.0,0.0,0.0,0.0
1276,0.0,0.0,0.0,0.0,0.0,0.0,0.0
1277,0.0,0.0,0.0,0.0,0.0,0.0,0.0
1278,0.0,0.0,0.0,0.0,0.0,0.0,0.0
1279,0.0,0.0,0.0,0.0,0.0,0.0,0.0
1280,0.0,0.0,0.0,0.0,0.0,0.0,0.0
1281,0.0,0.0,0.0,0.0,0.0,0.0,0.0
1282,0.0,0.0,0.0,0.0,0.0,0.0,0.0
1283,0.0,0.0,0.0,0.0,0.0,0.0,0.0
1284,0.0,0.0,0.0,0.0,0.0,0.0,0.0
1285,0.0,0.0,0.0,0.0,0.0,0.0,0.0
1286,0.0,0.0,0.0,0.0,0.0,0.0,0.0
1287,0.0,0.0,0.0,0.0,0.0,0.0,0.0
1288,0.0,0.0,0.0,0.0,0.0,0.0,0.0
1289,0.0,0.0,0.0,0.0,0.0,0.0,0.0
1290,0.0,0.0,0.0,0.0,0.0,0.0,0.0
1291,0.0,0.0,0.0,0.0,0.0,0.0,0.0
1292,0.0,0.0,0.0,0.0,0.0,0.0,0.0
1293,0.0,0.0,0.0,0.0,0.0,0.0,0.0
1294,0.0,0.0,0.0,0.0,0.0,0.0,0.0
1295,0.0,0.0,0.0,0.0,0.0,0.0,0.0
1296,0.0,0.0,0.0,0.0,0.0,0.0,0.0
1297,0.0,0.0,0.0,0.0,0.0,0.0,0.0
1298,0.0,0.0,0.0,0.0,0.0,0.0,0.0
1299,0.0,0.0,0.0,0.0,0.0,0.0,0.0
1300,0.0,0.0,0.0,0.0,0.0,0.0,0.0
1301,0.0,0.0,0.0,0.0,0.0,0.0,0.0
1302,0.0,0.0,0.0,0.0,0.0,0.0,0.0
1303,0.0,0.0,0.0,0.0,0.0,0.0,0.0
1304,0.0,0.0,0.0,0.0,0.0,0.0,0.0
1305,0.0,0.0,0.0,0.0,0.0,0.0,0.0
1306,0.0,0.0,0.0,0.0,0.0,0.0,0.0
1307,0.0,0.0,0.0,0.0,0.0,0.0,0.0
1308,0.0,0.0,0.0,0.0,0.0,0.0,0.0
1309,0.0,0.0,0.0,0.0,0.0,0.0,0.0
1310,0.0,0.0,0.0,0.0,0.0,0.0,0.0
1311,0.0,0.0,0.0,0.0,0.0,0.0,0.0
1312,0.0,0.0,0.0,0.0,0.0,0.0,0.0
1313,0.0,0.0,0.0,0.0,0.0,0.0,0.0
1314,0.0,0.0,0.0,0.0,0.0,0.0,0.0
1315,0.0,0.0,0.0,0.0,0.0,0.0,0.0
1316,0.0,0.0,0.0,0.0,0.0,0.0,0.0
1317,0.0,0.0,0.0,0.0,0.0,0.0,0.0
1318,0.0,0.0,0.0,0.0,0.0,0.0,0.0
1319,0.0,0.0,0.0,0.0,0.0,0.0,0.0
1320,0.0,0.0,0.0,0.0,0.0,0.0,0.0
1321,0.0,0.0,0.0,0.0,0.0,0.0,0.0
1322,0.0,0.0,0.0,0.0,0.0,0.0,0.0
1323,0.0,0.0,0.0,0.0,0.0,0.0,0.0
1324,0.0,0.0,0.0,0.0,0.0,0.0,0.0
1325,0.0,0.0,0.0,0.0,0.0,0.0,0.0
1326,0.0,0.0,0.0,0.0,0.0,0.0,0.0
1327,0.0,0.0,0.0,0.0,0.0,0.0,0.0
1328,0.0,0.0,0.0,0.0,0.0,0.0,0.0
1329,0.0,0.0,0.0,0.0,0.0,0.0,0.0
1330,0.0,0.0,0.0,0.0,0.0,0.0,0.0
1331,0.0,0.0,0.0,0.0,0.0,0.0,0.0
1332,0.0,0.0,0.0,0.0,0.0,0.0,0.0
1333,0.0,0.0,0.0,0.0,0.0,0.0,0.0
1334,0.0,0.0,0.0,0.0,0.0,0.0,0.0
1335,0.0,0.0,0.0,0.0,0.0,0.0,0.0
1336,0.0,0.0,0.0,0.0,0.0,0.0,0.0
1337,0.0,0.0,0.0,0.0,0.0,0.0,0.0
1338,0.0,0.0,0.0,0.0,0.0,0.0,0.0
1339,0.0,0.0,0.0,0.0,0.0,0.0,0.0
1340,0.0,0.0,0.0,0.0,0.0,0.0,0.0
1341,0.0,0.0,0.0,0.0,0.0,0.0,0.0
1342,0.0,0.0,0.0,0.0,0.0,0.0,0.0
1343,0.0,0.0,0.0,0.0,0.0,0.0,0.0
1344,0.0,0.0,0.0,0.0,0.0,0.0,0.0
1345,0.0,0.0,0.0,0.0,0.0,0.0,0.0
1346,0.0,0.0,0.0,0.0,0.0,0.0,0.0
1347,0.0,0.0,0.0,0.0,0.0,0.0,0.0
1348,0.0,0.0,0.0,0.0,0.0,0.0,0.0
1349,0.0,0.0,0.0,0.0,0.0,0.0,0.0
1350,0.0,0.0,0.0,0.0,0.0,0.0,0.0
1351,0.0,0.0,0.0,0.0,0.0,0.0,0.0
1352,0.0,0.0,0.0,0.0,0.0,0.0,0.0
1353,0.0,0.0,0.0,0.0,0.0,0.0,0.0
1354,0.0,0.0,0.0,0.0,0.0,0.0,0.0
1355,0.0,0.0,0.0,0.0,0.0,0.0,0.0
1356,0.0,0.0,0.0,0.0,0.0,0.0,0.0
1357,0.0,0.0,0.0,0.0,0.0,0.0,0.0
1358,0.0,0.0,0.0,0.0,0.0,0.0,0.0
1359,0.0,0.0,0.0,0.0,0.0,0.0,0.0
1360,0.0,0.0,0.0,0.0,0.0,0.0,0.0
1361,0.0,0.0,0.0,0.0,0.0,0.0,0.0
1362,0.0,0.0,0.0,0.0,0.0,0.0,0.0
1363,0.0,0.0,0.0,0.0,0.0,0.0,0.0
1364,0.0,0.0,0.0,0.0,0.0,0.0,0.0
1365,0.0,0.0,0.0,0.0,0.0,0.0,0.0
1366,0.0,0.0,0.0,0.0,0.0,0.0,0.0
1367,0.0,0.0,0.0,0.0,0.0,0.0,0.0
1368,0.0,0.0,0.0,0.0,0.0,0.0,0.0
1369,0.0,0.0,0.0,0.0,0.0,0.0,0.0
1370,0.0,0.0,0.0,0.0,0.0,0.0,0.0
1371,0.0,0.0,0.0,0.0,0.0,0.0,0.0
1372,0.0,0.0,0.0,0.0,0.0,0.0,0.0
1373,0.0,0.0,0.0,0.0,0.0,0.0,0.0
1374,0.0,0.0,0.0,0.0,0.0,0.0,0.0
1375,0.0,0.0,0.0,0.0,0.0,0.0,0.0
1376,0.0,0.0,0.0,0.0,0.0,0.0,0.0
1377,0.0,0.0,0.0,0.0,0.0,0.0,0.0
1378,0.0,0.0,0.0,0.0,0.0,0.0,0.0
1379,0.0,0.0,0.0,0.0,0.0,0.0,0.0
1380,0.0,0.0,0.0,0.0,0.0,0.0,0.0
1381,0.0,0.0,0.0,0.0,0.0,0.0,0.0
1382,0.0,0.0,0.0,0.0,0.0,0.0,0.0
1383,0.0,0.0,0.0,0.0,0.0,0.0,0.0
1384,0.0,0.0,0.0,0.0,0.0,0.0,0.0
1385,0.0,0.0,0.0,0.0,0.0,0.0,0.0
1386,0.0,0.0,0.0,0.0,0.0,0.0,0.0
1387,0.0,0.0,0.0,0.0,0.0,0.0,0.0
1388,0.0,0.0,0.0,0.0,0.0,0.0,0.0
1389,0.0,0.0,0.0,0.0,0.0,0.0,0.0
1390,0.0,0.0,0.0,0.0,0.0,0.0,0.0
1391,0.0,0.0,0.0,0.0,0.0,0.0,0.0
1392,0.0,0.0,0.0,0.0,0.0,0.0,0.0
1393,0.0,0.0,0.0,0.0,0.0,0.0,0.0
1394,0.0,0.0,0.0,0.0,0.0,0.0,0.0
1395,0.0,0.0,0.0,0.0,0.0,0.0,0.0
1396,0.0,0.0,0.0,0.0,0.0,0.0,0.0
1397,0.0,0.0,0.0,0.0,0.0,0.0,0.0
1398,0.0,0.0,0.0,0.0,0.0,0.0,0.0
1399,0.0,0.0,0.0,0.0,0.0,0.0,0.0
