,350,450,550,650,750,850
0,1543.1774,1544.6157,1546.0846,1547.6091,1549.1709,1550.7825
1,1543.1742,1544.6157,1546.083,1547.6099,1549.1725,1550.7817
2,1543.1711,1544.6165,1546.083,1547.6091,1549.1709,1550.7817
3,1543.175,1544.6165,1546.0854,1547.6083,1549.1709,1550.7817
4,1543.175,1544.6165,1546.0838,1547.6083,1549.1725,1550.7809
5,1543.1742,1544.6133,1546.0838,1547.6091,1549.1717,1550.7809
6,1543.1742,1544.6141,1546.0854,1547.6083,1549.1717,1550.7809
7,1543.1758,1544.6149,1546.0838,1547.6091,1549.1725,1550.7817
8,1543.1758,1544.6157,1546.0838,1547.6083,1549.1725,1550.7825
9,1543.1742,1544.6157,1546.083,1547.6083,1549.1725,1550.7809
10,1543.1718,1544.6165,1546.0846,1547.6083,1549.1725,1550.7825
11,1543.1766,1544.6165,1546.0854,1547.6075,1549.1725,1550.7817
12,1543.1742,1544.6149,1546.083,1547.6083,1549.1733,1550.7801
13,1543.1718,1544.6141,1546.0838,1547.6067,1549.1717,1550.7817
14,1543.1726,1544.6173,1546.0846,1547.6075,1549.1709,1550.7801
15,1543.1703,1544.6133,1546.0838,1547.6067,1549.1725,1550.7809
16,1543.1766,1544.6125,1546.0846,1547.6075,1549.1717,1550.7817
17,1543.1734,1544.6141,1546.083,1547.6059,1549.1717,1550.7809
18,1543.1742,1544.6133,1546.0854,1547.6067,1549.1725,1550.7793
19,1543.1782,1544.6141,1546.0854,1547.6075,1549.1709,1550.7817
20,1543.1742,1544.6141,1546.083,1547.6067,1549.1725,1550.7793
21,1543.1742,1544.6133,1546.0838,1547.6067,1549.1725,1550.7801
22,1543.175,1544.6141,1546.0846,1547.6067,1549.1733,1550.7809
23,1543.1758,1544.6125,1546.0846,1547.6067,1549.1725,1550.7801
24,1543.1726,1544.6149,1546.0822,1547.6075,1549.1733,1550.7801
25,1543.1734,1544.6117,1546.0846,1547.6083,1549.1733,1550.7817
26,1543.1726,1544.6109,1546.0854,1547.6083,1549.1725,1550.7801
27,1543.1726,1544.6109,1546.0862,1547.6083,1549.1725,1550.7809
28,1543.1742,1544.6133,1546.0854,1547.6075,1549.1725,1550.7809
29,1543.1734,1544.6141,1546.0838,1547.6067,1549.1733,1550.7793
30,1543.1695,1544.6125,1546.0838,1547.6083,1549.1733,1550.7793
31,1543.1703,1544.6141,1546.0846,1547.6091,1549.1733,1550.7817
32,1543.1726,1544.6102,1546.0862,1547.6083,1549.1733,1550.7801
33,1543.1766,1544.6117,1546.0854,1547.6075,1549.1717,1550.7825
34,1543.1726,1544.6125,1546.0862,1547.6067,1549.1741,1550.7817
35,1543.1758,1544.6109,1546.0854,1547.6083,1549.1733,1550.7825
36,1543.1734,1544.6125,1546.087,1547.6083,1549.1733,1550.7817
37,1543.1726,1544.6109,1546.0854,1547.6091,1549.1733,1550.7817
38,1543.1726,1544.6109,1546.0862,1547.6083,1549.1741,1550.7809
39,1543.1718,1544.6102,1546.0862,1547.6075,1549.1741,1550.7809
40,1543.1734,1544.6125,1546.0846,1547.6075,1549.1741,1550.7801
41,1543.1718,1544.6117,1546.0862,1547.6083,1549.1733,1550.7817
42,1543.1726,1544.6125,1546.0862,1547.6075,1549.1741,1550.7793
43,1543.1742,1544.6117,1546.0862,1547.6083,1549.1733,1550.7809
44,1543.1742,1544.6117,1546.0854,1547.6083,1549.1725,1550.7809
45,1543.1726,1544.6125,1546.0846,1547.6075,1549.1733,1550.7793
46,1543.1742,1544.6109,1546.0854,1547.6083,1549.1733,1550.7809
47,1543.1758,1544.6117,1546.0854,1547.6083,1549.1741,1550.7793
48,1543.1742,1544.6117,1546.0862,1547.6075,1549.1725,1550.7809
49,1543.1726,1544.6086,1546.0846,1547.6083,1549.1749,1550.7801
50,1543.175,1544.6133,1546.0854,1547.6091,1549.1741,1550.7809
51,1543.1742,1544.6094,1546.0854,1547.6075,1549.1741,1550.7809
52,1543.1711,1544.6102,1546.087,1547.6083,1549.1741,1550.7809
53,1543.1726,1544.6102,1546.0862,1547.6091,1549.1733,1550.7793
54,1543.1742,1544.6086,1546.087,1547.6083,1549.1733,1550.7809
55,1543.1742,1544.6109,1546.0862,1547.6075,1549.1733,1550.7817
56,1543.175,1544.6109,1546.0886,1547.6075,1549.1725,1550.7817
57,1543.1734,1544.6094,1546.087,1547.6075,1549.1741,1550.7825
58,1543.1711,1544.6102,1546.087,1547.6075,1549.1733,1550.7809
59,1543.1711,1544.6078,1546.0878,1547.6075,1549.1717,1550.7801
60,1543.1734,1544.6078,1546.087,1547.6083,1549.1725,1550.7817
61,1543.1734,1544.6102,1546.087,1547.6083,1549.1733,1550.7817
62,1543.1711,1544.6102,1546.0878,1547.6083,1549.1733,1550.7825
63,1543.1742,1544.607,1546.0886,1547.6091,1549.1733,1550.7801
64,1543.175,1544.6094,1546.087,1547.6075,1549.1725,1550.7809
65,1543.1711,1544.6102,1546.0886,1547.6075,1549.1725,1550.7825
66,1543.1711,1544.6094,1546.0886,1547.6067,1549.1709,1550.7809
67,1543.1726,1544.6062,1546.0878,1547.6059,1549.1725,1550.7809
68,1543.1726,1544.6086,1546.0878,1547.6083,1549.1733,1550.7809
69,1543.1734,1544.6102,1546.0878,1547.6075,1549.1725,1550.7817
70,1543.1742,1544.6094,1546.0878,1547.6083,1549.1725,1550.7825
71,1543.1734,1544.6078,1546.0886,1547.6067,1549.1717,1550.7833
72,1543.1711,1544.6078,1546.0878,1547.6083,1549.1725,1550.7817
73,1543.1711,1544.6094,1546.0886,1547.6083,1549.1741,1550.7817
74,1543.1711,1544.6086,1546.0894,1547.6067,1549.1733,1550.7825
75,1543.1734,1544.6086,1546.0894,1547.6075,1549.1725,1550.7817
76,1543.175,1544.6078,1546.0854,1547.6075,1549.1725,1550.7825
77,1543.1734,1544.6078,1546.087,1547.6075,1549.1717,1550.7817
78,1543.1711,1544.607,1546.0902,1547.6075,1549.1725,1550.7817
79,1543.175,1544.607,1546.0862,1547.6075,1549.1725,1550.7833
80,1543.1734,1544.6062,1546.087,1547.6075,1549.1717,1550.7817
81,1543.1726,1544.6062,1546.0846,1547.6083,1549.1733,1550.7825
82,1543.1695,1544.6086,1546.0854,1547.6075,1549.1733,1550.7833
83,1543.1742,1544.607,1546.0862,1547.6075,1549.1725,1550.7833
84,1543.1726,1544.6078,1546.087,1547.6067,1549.1717,1550.7833
85,1543.1726,1544.607,1546.087,1547.6067,1549.1725,1550.7817
86,1543.1711,1544.6094,1546.0878,1547.6075,1549.1733,1550.7833
87,1543.1726,1544.6046,1546.0854,1547.6075,1549.1717,1550.7817
88,1543.1718,1544.6062,1546.0862,1547.6083,1549.1733,1550.7825
89,1543.1718,1544.6086,1546.0878,1547.6067,1549.1717,1550.7825
90,1543.1726,1544.6078,1546.0878,1547.6083,1549.1733,1550.7825
91,1543.1726,1544.6086,1546.087,1547.6075,1549.1725,1550.7833
92,1543.1726,1544.607,1546.0862,1547.6075,1549.1741,1550.7833
93,1543.175,1544.6062,1546.0854,1547.6075,1549.1725,1550.7817
94,1543.1695,1544.6078,1546.0862,1547.6075,1549.1733,1550.7817
95,1543.1726,1544.6078,1546.0862,1547.6083,1549.1733,1550.7825
96,1543.1711,1544.6054,1546.0838,1547.6075,1549.1725,1550.7833
97,1543.1742,1544.6054,1546.0846,1547.6083,1549.1725,1550.7833
98,1543.1758,1544.6062,1546.0854,1547.6083,1549.1725,1550.7817
99,1543.1726,1544.6062,1546.0846,1547.6083,1549.1733,1550.7809
100,1543.1703,1544.607,1546.0846,1547.6075,1549.1733,1550.7833
101,1543.1726,1544.6062,1546.087,1547.6075,1549.1725,1550.7809
102,1543.1742,1544.6062,1546.0862,1547.6067,1549.1725,1550.7801
103,1543.1718,1544.6054,1546.0862,1547.6075,1549.1725,1550.7825
104,1543.1718,1544.6086,1546.0878,1547.6075,1549.1725,1550.7817
105,1543.1742,1544.6062,1546.087,1547.6083,1549.1733,1550.7817
106,1543.1734,1544.6062,1546.087,1547.6067,1549.1725,1550.7809
107,1543.1734,1544.6078,1546.0862,1547.6067,1549.1717,1550.7809
108,1543.1711,1544.607,1546.0878,1547.6075,1549.1725,1550.7809
109,1543.1726,1544.6062,1546.0846,1547.6075,1549.1717,1550.7825
110,1543.1718,1544.6078,1546.087,1547.6059,1549.1725,1550.7817
111,1543.175,1544.6086,1546.087,1547.6075,1549.1717,1550.7801
112,1543.1703,1544.607,1546.0878,1547.6067,1549.1725,1550.7817
113,1543.1734,1544.6062,1546.087,1547.6067,1549.1717,1550.7809
114,1543.1695,1544.6054,1546.0878,1547.6083,1549.1725,1550.7817
115,1543.1742,1544.607,1546.087,1547.6075,1549.1709,1550.7825
116,1543.1711,1544.6102,1546.0862,1547.6075,1549.1725,1550.7817
117,1543.1742,1544.6086,1546.0854,1547.6075,1549.1717,1550.7809
118,1543.1695,1544.607,1546.087,1547.6075,1549.1717,1550.7825
119,1543.1718,1544.6086,1546.0878,1547.6075,1549.1725,1550.7825
120,1543.1726,1544.6062,1546.0862,1547.6083,1549.1725,1550.7817
121,1543.1695,1544.607,1546.0862,1547.6075,1549.1725,1550.7825
122,1543.1734,1544.6086,1546.0886,1547.6083,1549.1725,1550.7809
123,1543.1711,1544.6062,1546.087,1547.6083,1549.1725,1550.7825
124,1543.1726,1544.6046,1546.087,1547.6091,1549.1733,1550.7817
125,1543.1726,1544.6062,1546.087,1547.6083,1549.1725,1550.7825
126,1543.1734,1544.6086,1546.0854,1547.6083,1549.1733,1550.7825
127,1543.1695,1544.6054,1546.0878,1547.6075,1549.1725,1550.7841
128,1543.1703,1544.6086,1546.0886,1547.6075,1549.1733,1550.7825
129,1543.1734,1544.6078,1546.0886,1547.6083,1549.1733,1550.7817
130,1543.1726,1544.6094,1546.087,1547.6067,1549.1717,1550.7833
131,1543.1711,1544.6078,1546.0878,1547.6059,1549.1717,1550.7817
132,1543.1718,1544.607,1546.0878,1547.6067,1549.1717,1550.7809
133,1543.1703,1544.6062,1546.087,1547.6059,1549.1717,1550.7825
134,1543.1687,1544.607,1546.087,1547.6067,1549.1725,1550.7825
135,1543.1703,1544.6078,1546.087,1547.6075,1549.1709,1550.7841
136,1543.1703,1544.6046,1546.0854,1547.6075,1549.1733,1550.7833
137,1543.1711,1544.6054,1546.0878,1547.6059,1549.1717,1550.7833
138,1543.1734,1544.6062,1546.087,1547.6067,1549.1709,1550.7825
139,1543.1718,1544.6086,1546.0878,1547.6067,1549.1717,1550.7833
140,1543.1726,1544.603,1546.087,1547.6067,1549.1709,1550.7833
141,1543.1734,1544.607,1546.087,1547.6075,1549.1701,1550.7825
142,1543.1726,1544.6078,1546.0862,1547.6067,1549.1701,1550.7833
143,1543.1766,1544.6054,1546.0862,1547.6067,1549.1717,1550.7833
144,1543.1726,1544.6054,1546.0878,1547.6067,1549.1717,1550.7825
145,1543.1734,1544.6078,1546.0878,1547.6059,1549.1717,1550.7817
146,1543.1734,1544.6078,1546.087,1547.6051,1549.1725,1550.7825
147,1543.175,1544.607,1546.0878,1547.6059,1549.1717,1550.7825
148,1543.1742,1544.6062,1546.087,1547.6051,1549.1725,1550.7817
149,1543.1734,1544.607,1546.0878,1547.6059,1549.1733,1550.7833
150,1543.1734,1544.6094,1546.0854,1547.6051,1549.1725,1550.7825
151,1543.1695,1544.6086,1546.0854,1547.6051,1549.1725,1550.7825
152,1543.1742,1544.6054,1546.0846,1547.6067,1549.1725,1550.7817
153,1543.1758,1544.6078,1546.087,1547.6067,1549.1725,1550.7825
154,1543.1742,1544.6102,1546.0862,1547.6067,1549.1725,1550.7825
155,1543.1718,1544.603,1546.0854,1547.6059,1549.1725,1550.7841
156,1543.1734,1544.607,1546.0862,1547.6059,1549.1733,1550.7817
157,1543.1734,1544.6078,1546.0862,1547.6067,1549.1709,1550.7825
158,1543.1718,1544.6086,1546.087,1547.6067,1549.1733,1550.7833
159,1543.1734,1544.6078,1546.0862,1547.6067,1549.1725,1550.7833
160,1543.1726,1544.6078,1546.0878,1547.6067,1549.1725,1550.7825
161,1543.1742,1544.6054,1546.087,1547.6067,1549.1725,1550.7825
162,1543.1734,1544.6086,1546.0862,1547.6075,1549.1717,1550.7833
163,1543.1718,1544.6078,1546.0846,1547.6059,1549.1725,1550.7841
164,1543.1726,1544.6109,1546.0854,1547.6059,1549.1717,1550.7841
165,1543.1742,1544.6102,1546.0862,1547.6059,1549.1717,1550.7833
166,1543.1726,1544.6094,1546.0862,1547.6059,1549.1725,1550.7833
167,1543.175,1544.6109,1546.0862,1547.6059,1549.1717,1550.7825
168,1543.1718,1544.6109,1546.0886,1547.6051,1549.1717,1550.7833
169,1543.1726,1544.6102,1546.087,1547.6059,1549.1717,1550.7825
170,1543.1734,1544.6102,1546.0878,1547.6051,1549.1717,1550.7833
171,1543.175,1544.6109,1546.087,1547.6059,1549.1717,1550.7825
172,1543.1695,1544.6102,1546.0854,1547.6059,1549.1717,1550.7833
173,1543.1758,1544.6109,1546.0862,1547.6067,1549.1709,1550.7833
174,1543.1718,1544.6117,1546.0862,1547.6067,1549.1709,1550.7817
175,1543.1671,1544.6109,1546.087,1547.6059,1549.1709,1550.7825
176,1543.175,1544.6141,1546.0862,1547.6067,1549.1717,1550.7809
177,1543.1695,1544.6109,1546.0878,1547.6067,1549.1701,1550.7833
178,1543.1718,1544.6133,1546.087,1547.6059,1549.1709,1550.7825
179,1543.175,1544.6117,1546.0862,1547.6059,1549.1717,1550.7825
180,1543.175,1544.6109,1546.087,1547.6051,1549.1701,1550.7833
181,1543.1742,1544.6133,1546.0854,1547.6059,1549.1701,1550.7817
182,1543.175,1544.6117,1546.087,1547.6075,1549.1717,1550.7833
183,1543.175,1544.6117,1546.0862,1547.6067,1549.1709,1550.7833
184,1543.1726,1544.6125,1546.0862,1547.6067,1549.1709,1550.7833
185,1543.1758,1544.6117,1546.0846,1547.6075,1549.1717,1550.7841
186,1543.1742,1544.6141,1546.0854,1547.6067,1549.1709,1550.7833
187,1543.1742,1544.6109,1546.087,1547.6067,1549.1717,1550.7833
188,1543.1774,1544.6141,1546.0846,1547.6067,1549.1717,1550.7833
189,1543.1726,1544.6117,1546.0846,1547.6075,1549.1717,1550.7825
190,1543.175,1544.6141,1546.0854,1547.6067,1549.1725,1550.7825
191,1543.175,1544.6141,1546.087,1547.6067,1549.1725,1550.7841
192,1543.1726,1544.6133,1546.0854,1547.6059,1549.1709,1550.7833
193,1543.1766,1544.6133,1546.0846,1547.6067,1549.1709,1550.7833
194,1543.1766,1544.6109,1546.087,1547.6059,1549.1717,1550.7825
195,1543.1695,1544.6125,1546.0854,1547.6067,1549.1709,1550.7841
196,1543.1726,1544.6117,1546.0854,1547.6059,1549.1717,1550.7833
197,1543.1695,1544.6117,1546.0862,1547.6075,1549.1733,1550.7841
198,1543.1718,1544.6117,1546.0878,1547.6067,1549.1725,1550.7833
199,1543.1695,1544.6125,1546.0878,1547.6059,1549.1717,1550.7825
200,1543.1869,1544.6348,1546.1022,1547.6186,1549.1765,1550.7793
201,1543.1885,1544.6316,1546.1006,1547.6186,1549.1765,1550.7801
202,1543.1893,1544.6324,1546.1014,1547.6194,1549.1773,1550.7785
203,1543.1885,1544.6332,1546.0998,1547.6178,1549.1765,1550.7793
204,1543.1893,1544.6332,1546.1022,1547.6178,1549.1757,1550.7809
205,1543.1877,1544.6316,1546.1014,1547.6194,1549.1765,1550.7801
206,1543.1854,1544.6324,1546.1022,1547.6186,1549.1757,1550.7793
207,1543.1901,1544.6316,1546.1014,1547.6186,1549.1773,1550.7793
208,1543.1885,1544.6332,1546.1022,1547.6194,1549.1765,1550.7793
209,1543.1861,1544.6324,1546.103,1547.6194,1549.1757,1550.7793
210,1543.1877,1544.6332,1546.1022,1547.6194,1549.1757,1550.7793
211,1543.1901,1544.6316,1546.1006,1547.6186,1549.1749,1550.7793
212,1543.1893,1544.6324,1546.1014,1547.6194,1549.1757,1550.7785
213,1543.1877,1544.63,1546.1006,1547.6202,1549.1765,1550.7793
214,1543.1877,1544.6293,1546.1006,1547.6202,1549.1749,1550.7785
215,1543.1885,1544.6308,1546.1006,1547.6194,1549.1757,1550.7793
216,1543.1893,1544.6308,1546.1006,1547.6194,1549.1765,1550.7801
217,1543.1877,1544.63,1546.1006,1547.6194,1549.1765,1550.7793
218,1543.1877,1544.6308,1546.1014,1547.6194,1549.1757,1550.7793
219,1543.1869,1544.63,1546.0998,1547.6194,1549.1749,1550.7785
220,1543.1885,1544.6316,1546.099,1547.6194,1549.1757,1550.7785
221,1543.1877,1544.6285,1546.0998,1547.6186,1549.1757,1550.7793
222,1543.1877,1544.6293,1546.1006,1547.6194,1549.1765,1550.7793
223,1543.1869,1544.6308,1546.1006,1547.6194,1549.1765,1550.7793
224,1543.1877,1544.6324,1546.1006,1547.6186,1549.1757,1550.7801
225,1543.1893,1544.6308,1546.1022,1547.6186,1549.1765,1550.7801
226,1543.1861,1544.6308,1546.1014,1547.6194,1549.1757,1550.7785
227,1543.1869,1544.6316,1546.0998,1547.6194,1549.1765,1550.7801
228,1543.1885,1544.6308,1546.1014,1547.6186,1549.1757,1550.7809
229,1543.1893,1544.6316,1546.1006,1547.6186,1549.1765,1550.7793
230,1543.1854,1544.63,1546.1006,1547.6194,1549.1757,1550.7793
231,1543.1885,1544.6324,1546.0998,1547.6186,1549.1741,1550.7801
232,1543.1854,1544.6316,1546.1014,1547.6186,1549.1741,1550.7801
233,1543.1885,1544.6324,1546.1014,1547.6186,1549.1749,1550.7825
234,1543.1901,1544.6316,1546.0998,1547.6178,1549.1741,1550.7809
235,1543.1901,1544.634,1546.1014,1547.6194,1549.1757,1550.7817
236,1543.1901,1544.6332,1546.1006,1547.6194,1549.1749,1550.7801
237,1543.1893,1544.6332,1546.1014,1547.6194,1549.1749,1550.7817
238,1543.1893,1544.634,1546.1014,1547.6194,1549.1757,1550.7817
239,1543.1909,1544.6348,1546.1006,1547.6202,1549.1749,1550.7801
240,1543.1893,1544.6348,1546.1006,1547.621,1549.1765,1550.7801
241,1543.1909,1544.634,1546.1014,1547.6202,1549.1749,1550.7801
242,1543.1901,1544.6348,1546.1014,1547.6202,1549.1757,1550.7793
243,1543.1893,1544.6364,1546.1014,1547.621,1549.1757,1550.7801
244,1543.1893,1544.6348,1546.1014,1547.621,1549.1757,1550.7793
245,1543.1893,1544.6364,1546.1014,1547.6194,1549.1749,1550.7793
246,1543.1877,1544.6356,1546.1038,1547.6194,1549.1749,1550.7801
247,1543.1901,1544.6364,1546.1014,1547.6194,1549.1757,1550.7817
248,1543.1893,1544.6372,1546.1022,1547.6194,1549.1757,1550.7809
249,1543.1877,1544.6356,1546.1006,1547.6194,1549.1765,1550.7817
250,1543.1861,1544.6324,1546.1022,1547.6186,1549.1757,1550.7801
251,1543.1893,1544.6372,1546.1014,1547.6186,1549.1765,1550.7793
252,1543.1885,1544.6348,1546.1022,1547.6186,1549.1757,1550.7801
253,1543.1885,1544.6364,1546.103,1547.6178,1549.1765,1550.7801
254,1543.1901,1544.6364,1546.1014,1547.6178,1549.1765,1550.7809
255,1543.1893,1544.6332,1546.1022,1547.6194,1549.1765,1550.7793
256,1543.1877,1544.6348,1546.1022,1547.6194,1549.1773,1550.7801
257,1543.1885,1544.634,1546.1014,1547.6178,1549.1765,1550.7809
258,1543.1877,1544.6348,1546.1006,1547.6186,1549.1765,1550.7809
259,1543.1877,1544.634,1546.1006,1547.6194,1549.1765,1550.7801
260,1543.1869,1544.6356,1546.1014,1547.6202,1549.1765,1550.7793
261,1543.1869,1544.634,1546.1014,1547.6194,1549.1773,1550.7793
262,1543.1869,1544.6348,1546.1006,1547.6194,1549.1765,1550.7785
263,1543.1877,1544.6348,1546.1006,1547.6194,1549.1773,1550.7801
264,1543.1885,1544.6356,1546.1006,1547.6194,1549.1765,1550.7817
265,1543.1869,1544.6364,1546.1006,1547.6178,1549.1765,1550.7793
266,1543.1885,1544.6348,1546.1006,1547.6186,1549.1773,1550.7793
267,1543.1869,1544.634,1546.0998,1547.6194,1549.1757,1550.7801
268,1543.1869,1544.6364,1546.1006,1547.6194,1549.1765,1550.7801
269,1543.1893,1544.634,1546.1022,1547.6186,1549.1757,1550.7801
270,1543.1893,1544.6356,1546.1022,1547.6194,1549.1773,1550.7801
271,1543.1869,1544.634,1546.1006,1547.6194,1549.1765,1550.7801
272,1543.1877,1544.634,1546.1022,1547.6194,1549.1765,1550.7809
273,1543.1854,1544.6356,1546.1014,1547.6186,1549.1765,1550.7793
274,1543.1869,1544.634,1546.1022,1547.6202,1549.1765,1550.7809
275,1543.1885,1544.6348,1546.103,1547.6202,1549.1765,1550.7793
276,1543.1861,1544.6348,1546.1022,1547.6194,1549.1765,1550.7801
277,1543.1885,1544.6372,1546.1014,1547.6202,1549.1765,1550.7793
278,1543.1877,1544.6356,1546.1014,1547.6202,1549.1765,1550.7785
279,1543.1869,1544.6364,1546.103,1547.6202,1549.1765,1550.7785
280,1543.1869,1544.6348,1546.1022,1547.6202,1549.1765,1550.7793
281,1543.1893,1544.6372,1546.1038,1547.6194,1549.1773,1550.7793
282,1543.1885,1544.6372,1546.103,1547.6186,1549.1765,1550.7785
283,1543.1877,1544.6364,1546.103,1547.6194,1549.1773,1550.7793
284,1543.1893,1544.6356,1546.1022,1547.6186,1549.1773,1550.7801
285,1543.1885,1544.6356,1546.1038,1547.6194,1549.1757,1550.7793
286,1543.1877,1544.634,1546.1038,1547.6202,1549.1757,1550.7793
287,1543.1909,1544.6356,1546.1006,1547.6194,1549.1765,1550.7801
288,1543.1885,1544.634,1546.1038,1547.6194,1549.1757,1550.7817
289,1543.1861,1544.6356,1546.1022,1547.6194,1549.1765,1550.7801
290,1543.1909,1544.6364,1546.1014,1547.6194,1549.1765,1550.7793
291,1543.1901,1544.6356,1546.1038,1547.6194,1549.1749,1550.7809
292,1543.1901,1544.6356,1546.1022,1547.6194,1549.1757,1550.7776
293,1543.1893,1544.6364,1546.103,1547.6194,1549.1757,1550.7793
294,1543.1885,1544.634,1546.1014,1547.6202,1549.1741,1550.7793
295,1543.1877,1544.634,1546.1022,1547.6194,1549.1749,1550.7793
296,1543.1901,1544.6364,1546.1038,1547.6202,1549.1757,1550.7785
297,1543.1901,1544.634,1546.103,1547.621,1549.1757,1550.7785
298,1543.1893,1544.6332,1546.1022,1547.6202,1549.1757,1550.7801
299,1543.1877,1544.6356,1546.1022,1547.6202,1549.1741,1550.7793
300,1543.1869,1544.6348,1546.103,1547.6194,1549.1749,1550.7793
301,1543.1877,1544.6356,1546.103,1547.6202,1549.1741,1550.7801
302,1543.1877,1544.6364,1546.1022,1547.621,1549.1749,1550.7793
303,1543.1869,1544.6356,1546.1022,1547.6202,1549.1749,1550.7776
304,1543.1869,1544.6356,1546.1022,1547.6202,1549.1749,1550.7785
305,1543.1893,1544.6332,1546.1022,1547.6202,1549.1741,1550.7801
306,1543.1854,1544.634,1546.103,1547.621,1549.1757,1550.7768
307,1543.1893,1544.6332,1546.103,1547.6202,1549.1749,1550.7793
308,1543.1877,1544.6364,1546.1022,1547.6202,1549.1741,1550.7801
309,1543.1893,1544.634,1546.1014,1547.6194,1549.1749,1550.7785
310,1543.1893,1544.6364,1546.1038,1547.6194,1549.1749,1550.7801
311,1543.1869,1544.6348,1546.1014,1547.621,1549.1757,1550.7785
312,1543.1893,1544.6348,1546.1022,1547.6194,1549.1741,1550.7793
313,1543.1893,1544.6356,1546.1014,1547.6194,1549.1741,1550.7785
314,1543.1885,1544.6364,1546.1014,1547.6202,1549.1757,1550.7793
315,1543.1885,1544.6348,1546.1022,1547.621,1549.1749,1550.7793
316,1543.1877,1544.634,1546.1022,1547.6194,1549.1749,1550.7801
317,1543.1861,1544.6348,1546.1014,1547.6202,1549.1757,1550.7785
318,1543.1893,1544.6356,1546.103,1547.621,1549.1749,1550.7801
319,1543.1877,1544.6332,1546.1014,1547.621,1549.1749,1550.7793
320,1543.1893,1544.6356,1546.1014,1547.621,1549.1757,1550.7785
321,1543.1877,1544.6332,1546.103,1547.6202,1549.1757,1550.7793
322,1543.1885,1544.6324,1546.103,1547.621,1549.1749,1550.7785
323,1543.1885,1544.6348,1546.1038,1547.6194,1549.1749,1550.7801
324,1543.1885,1544.634,1546.1022,1547.6202,1549.1749,1550.7809
325,1543.1861,1544.6324,1546.103,1547.6194,1549.1757,1550.7817
326,1543.1861,1544.6324,1546.103,1547.621,1549.1757,1550.7809
327,1543.1869,1544.6324,1546.103,1547.6194,1549.1757,1550.7793
328,1543.1869,1544.6324,1546.1022,1547.6194,1549.1749,1550.7793
329,1543.1877,1544.6324,1546.1046,1547.621,1549.1749,1550.7801
330,1543.1901,1544.6332,1546.1038,1547.6194,1549.1757,1550.7801
331,1543.1869,1544.6356,1546.1038,1547.6202,1549.1757,1550.7801
332,1543.1846,1544.6332,1546.1038,1547.6202,1549.1757,1550.7801
333,1543.1885,1544.6324,1546.1038,1547.6202,1549.1757,1550.7801
334,1543.1869,1544.634,1546.103,1547.6194,1549.1757,1550.7801
335,1543.1885,1544.6348,1546.1022,1547.6194,1549.1757,1550.7793
336,1543.1901,1544.6332,1546.103,1547.6194,1549.1765,1550.7793
337,1543.1893,1544.6324,1546.1046,1547.6194,1549.1757,1550.7801
338,1543.1893,1544.634,1546.103,1547.6202,1549.1765,1550.7785
339,1543.1909,1544.6348,1546.1022,1547.6194,1549.1757,1550.7817
340,1543.1893,1544.634,1546.103,1547.6202,1549.1757,1550.7809
341,1543.1885,1544.6356,1546.103,1547.6202,1549.1749,1550.7809
342,1543.1901,1544.6332,1546.1038,1547.6202,1549.1773,1550.7793
343,1543.1877,1544.6324,1546.1038,1547.621,1549.1749,1550.7801
344,1543.1877,1544.634,1546.1046,1547.6194,1549.1749,1550.7801
345,1543.1877,1544.6332,1546.1038,1547.6194,1549.1757,1550.7793
346,1543.1885,1544.6332,1546.1054,1547.6194,1549.1757,1550.7801
347,1543.1909,1544.6332,1546.1054,1547.6178,1549.1749,1550.7809
348,1543.1877,1544.634,1546.1046,1547.6186,1549.1757,1550.7785
349,1543.1885,1544.6332,1546.1038,1547.6186,1549.1765,1550.7793
350,1543.1885,1544.6324,1546.1022,1547.6178,1549.1757,1550.7801
351,1543.1893,1544.6332,1546.103,1547.6178,1549.1749,1550.7801
352,1543.1877,1544.6356,1546.1046,1547.6178,1549.1749,1550.7801
353,1543.1877,1544.6356,1546.103,1547.617,1549.1749,1550.7801
354,1543.1893,1544.6348,1546.1046,1547.617,1549.1749,1550.7809
355,1543.1893,1544.6332,1546.1038,1547.617,1549.1749,1550.7801
356,1543.1885,1544.6332,1546.103,1547.6162,1549.1741,1550.7809
357,1543.1877,1544.6332,1546.1038,1547.6162,1549.1757,1550.7809
358,1543.1877,1544.6324,1546.1038,1547.6155,1549.1741,1550.7785
359,1543.1885,1544.6324,1546.1038,1547.6162,1549.1765,1550.7793
360,1543.1893,1544.6308,1546.1022,1547.617,1549.1757,1550.7801
361,1543.1893,1544.6324,1546.103,1547.6178,1549.1757,1550.7801
362,1543.1893,1544.6324,1546.1046,1547.617,1549.1749,1550.7809
363,1543.1893,1544.6316,1546.1054,1547.617,1549.1765,1550.7809
364,1543.1869,1544.6348,1546.1038,1547.6162,1549.1757,1550.7793
365,1543.1885,1544.634,1546.1038,1547.6162,1549.1765,1550.7793
366,1543.1877,1544.6348,1546.1046,1547.6162,1549.1765,1550.7801
367,1543.1877,1544.6348,1546.1054,1547.6162,1549.1757,1550.7793
368,1543.1885,1544.6332,1546.103,1547.617,1549.1749,1550.7793
369,1543.1893,1544.6332,1546.1054,1547.617,1549.1765,1550.7793
370,1543.1901,1544.634,1546.1046,1547.617,1549.1749,1550.7793
371,1543.1877,1544.6332,1546.1038,1547.617,1549.1765,1550.7801
372,1543.1893,1544.6324,1546.1046,1547.617,1549.1765,1550.7793
373,1543.1877,1544.6316,1546.1022,1547.617,1549.1757,1550.7785
374,1543.1901,1544.6324,1546.103,1547.617,1549.1765,1550.7785
375,1543.1854,1544.6316,1546.1046,1547.617,1549.1765,1550.7793
376,1543.183,1544.6308,1546.1038,1547.617,1549.1757,1550.7809
377,1543.1861,1544.634,1546.1046,1547.6178,1549.1765,1550.7793
378,1543.1885,1544.6316,1546.1038,1547.6178,1549.1773,1550.7801
379,1543.1861,1544.6316,1546.1038,1547.6178,1549.1773,1550.7809
380,1543.1877,1544.6293,1546.1022,1547.617,1549.1757,1550.7801
381,1543.1869,1544.6308,1546.1038,1547.6178,1549.1757,1550.7801
382,1543.1877,1544.6316,1546.1022,1547.6178,1549.1749,1550.7793
383,1543.1861,1544.63,1546.1038,1547.6178,1549.1757,1550.7809
384,1543.1869,1544.6316,1546.1038,1547.617,1549.1765,1550.7801
385,1543.1869,1544.6324,1546.1038,1547.6162,1549.1757,1550.7809
386,1543.1885,1544.6332,1546.1038,1547.617,1549.1757,1550.7793
387,1543.1861,1544.6324,1546.1046,1547.6162,1549.1765,1550.7801
388,1543.1854,1544.63,1546.103,1547.6162,1549.1757,1550.7801
389,1543.1861,1544.6332,1546.1038,1547.617,1549.1757,1550.7793
390,1543.1869,1544.6324,1546.1038,1547.6162,1549.1757,1550.7801
391,1543.1861,1544.6316,1546.1046,1547.617,1549.1757,1550.7801
392,1543.1838,1544.6308,1546.1054,1547.6162,1549.1757,1550.7801
393,1543.1869,1544.6324,1546.1038,1547.617,1549.1765,1550.7785
394,1543.1861,1544.6332,1546.1046,1547.617,1549.1757,1550.7785
395,1543.1861,1544.6332,1546.1046,1547.617,1549.1741,1550.7793
396,1543.1861,1544.6332,1546.1046,1547.6162,1549.1749,1550.7801
397,1543.1869,1544.6308,1546.1062,1547.617,1549.1749,1550.7776
398,1543.1869,1544.6308,1546.1038,1547.617,1549.1749,1550.7793
399,1543.1893,1544.6316,1546.103,1547.6162,1549.1757,1550.7809
400,1543.1798,1544.6245,1546.0926,1547.6147,1549.1637,1550.8322
401,1543.179,1544.6237,1546.0958,1547.6147,1549.1653,1550.8322
402,1543.1806,1544.6253,1546.095,1547.6147,1549.1661,1550.833
403,1543.1798,1544.6245,1546.0958,1547.6139,1549.1645,1550.8322
404,1543.179,1544.6245,1546.095,1547.6147,1549.1645,1550.8346
405,1543.1782,1544.6261,1546.0958,1547.6155,1549.1653,1550.8338
406,1543.179,1544.6237,1546.0942,1547.6147,1549.1629,1550.8338
407,1543.1782,1544.6245,1546.0942,1547.6131,1549.1637,1550.8338
408,1543.1814,1544.6229,1546.095,1547.6155,1549.1645,1550.8346
409,1543.1798,1544.6245,1546.0934,1547.6147,1549.1645,1550.8338
410,1543.1806,1544.6245,1546.0934,1547.6155,1549.1645,1550.8338
411,1543.1814,1544.6229,1546.095,1547.6147,1549.1645,1550.8338
412,1543.1822,1544.6245,1546.0926,1547.6155,1549.1653,1550.8346
413,1543.183,1544.6245,1546.0926,1547.6147,1549.1653,1550.8338
414,1543.1838,1544.6229,1546.0942,1547.6147,1549.1637,1550.8354
415,1543.183,1544.6237,1546.0918,1547.6155,1549.1645,1550.8362
416,1543.1798,1544.6253,1546.095,1547.6155,1549.1645,1550.8354
417,1543.1806,1544.6237,1546.0926,1547.6147,1549.1645,1550.8346
418,1543.183,1544.6245,1546.0926,1547.6147,1549.1645,1550.8362
419,1543.1814,1544.6237,1546.0958,1547.6147,1549.1653,1550.8354
420,1543.1822,1544.6245,1546.0958,1547.6155,1549.1645,1550.8346
421,1543.1806,1544.6237,1546.0934,1547.6155,1549.1661,1550.8354
422,1543.1822,1544.6245,1546.0942,1547.6162,1549.1645,1550.8386
423,1543.179,1544.6245,1546.0934,1547.6147,1549.1637,1550.8362
424,1543.179,1544.6237,1546.095,1547.6155,1549.1645,1550.8362
425,1543.1798,1544.6245,1546.0926,1547.6162,1549.1653,1550.837
426,1543.1814,1544.6237,1546.0934,1547.6147,1549.1653,1550.8354
427,1543.1806,1544.6221,1546.0926,1547.6155,1549.1669,1550.8354
428,1543.1814,1544.6221,1546.0942,1547.6162,1549.1645,1550.8362
429,1543.1814,1544.6261,1546.0926,1547.6155,1549.1637,1550.8362
430,1543.1806,1544.6253,1546.0918,1547.6147,1549.1645,1550.837
431,1543.1814,1544.6245,1546.0942,1547.6139,1549.1645,1550.8354
432,1543.1798,1544.6237,1546.0926,1547.6147,1549.1653,1550.8362
433,1543.1822,1544.6245,1546.0934,1547.6147,1549.1645,1550.8354
434,1543.1798,1544.6245,1546.095,1547.6139,1549.1645,1550.8354
435,1543.183,1544.6245,1546.0958,1547.6139,1549.1645,1550.8378
436,1543.1806,1544.6221,1546.0942,1547.6139,1549.1637,1550.837
437,1543.1774,1544.6229,1546.0942,1547.6131,1549.1653,1550.8378
438,1543.1806,1544.6229,1546.0958,1547.6131,1549.1653,1550.837
439,1543.1774,1544.6237,1546.095,1547.6139,1549.1661,1550.8378
440,1543.183,1544.6237,1546.0926,1547.6123,1549.1637,1550.8378
441,1543.1774,1544.6245,1546.095,1547.6131,1549.1645,1550.837
442,1543.179,1544.6229,1546.0942,1547.6131,1549.1637,1550.8386
443,1543.1822,1544.6221,1546.0942,1547.6123,1549.1645,1550.8354
444,1543.1814,1544.6221,1546.0942,1547.6139,1549.1645,1550.8362
445,1543.1822,1544.6237,1546.091,1547.6131,1549.1653,1550.8354
446,1543.1798,1544.6237,1546.0942,1547.6123,1549.1637,1550.837
447,1543.179,1544.6229,1546.0926,1547.6131,1549.1653,1550.8386
448,1543.1822,1544.6229,1546.0934,1547.6131,1549.1637,1550.8378
449,1543.179,1544.6237,1546.0934,1547.6139,1549.1637,1550.8386
450,1543.179,1544.6237,1546.0958,1547.6131,1549.1645,1550.837
451,1543.1814,1544.6221,1546.0942,1547.6131,1549.1661,1550.8394
452,1543.1782,1544.6229,1546.095,1547.6131,1549.1653,1550.8386
453,1543.1806,1544.6237,1546.0926,1547.6139,1549.1653,1550.8394
454,1543.1798,1544.6221,1546.0934,1547.6139,1549.1645,1550.8378
455,1543.1798,1544.6245,1546.095,1547.6131,1549.1645,1550.8362
456,1543.1806,1544.6253,1546.095,1547.6139,1549.1629,1550.8378
457,1543.1798,1544.6237,1546.091,1547.6139,1549.1629,1550.837
458,1543.1854,1544.6221,1546.0942,1547.6147,1549.1637,1550.837
459,1543.183,1544.6221,1546.0942,1547.6139,1549.1645,1550.8362
460,1543.1838,1544.6213,1546.095,1547.6131,1549.1637,1550.837
461,1543.1814,1544.6245,1546.0958,1547.6139,1549.1637,1550.8362
462,1543.1822,1544.6229,1546.0942,1547.6131,1549.1653,1550.837
463,1543.183,1544.6229,1546.0942,1547.6139,1549.1653,1550.8362
464,1543.1814,1544.6245,1546.0918,1547.6131,1549.1645,1550.8362
465,1543.1806,1544.6213,1546.0918,1547.6139,1549.1653,1550.837
466,1543.1782,1544.6229,1546.095,1547.6131,1549.1653,1550.837
467,1543.1806,1544.6221,1546.0942,1547.6123,1549.1645,1550.8362
468,1543.1798,1544.6221,1546.0934,1547.6139,1549.1661,1550.8362
469,1543.179,1544.6237,1546.0934,1547.6139,1549.1653,1550.8378
470,1543.1822,1544.6221,1546.0934,1547.6131,1549.1645,1550.8386
471,1543.1806,1544.6237,1546.0934,1547.6131,1549.1645,1550.8378
472,1543.1806,1544.6213,1546.0934,1547.6131,1549.1637,1550.837
473,1543.1814,1544.6229,1546.0942,1547.6131,1549.1645,1550.837
474,1543.1814,1544.6229,1546.095,1547.6131,1549.1645,1550.837
475,1543.179,1544.6221,1546.0942,1547.6131,1549.1653,1550.8378
476,1543.1822,1544.6229,1546.095,1547.6139,1549.1661,1550.837
477,1543.1798,1544.6229,1546.0942,1547.6131,1549.1653,1550.8394
478,1543.183,1544.6237,1546.0942,1547.6131,1549.1653,1550.8386
479,1543.1806,1544.6213,1546.0934,1547.6131,1549.1653,1550.8386
480,1543.1814,1544.6213,1546.0934,1547.6131,1549.1645,1550.8386
481,1543.183,1544.6221,1546.0926,1547.6139,1549.1669,1550.8402
482,1543.1814,1544.6221,1546.0942,1547.6123,1549.1661,1550.8386
483,1543.1822,1544.6197,1546.0942,1547.6131,1549.1661,1550.8394
484,1543.1782,1544.6229,1546.0942,1547.6123,1549.1661,1550.8378
485,1543.1814,1544.6205,1546.0942,1547.6131,1549.1661,1550.837
486,1543.1814,1544.6213,1546.0926,1547.6123,1549.1669,1550.8378
487,1543.1838,1544.6221,1546.0934,1547.6131,1549.1661,1550.8394
488,1543.1782,1544.6205,1546.0926,1547.6131,1549.1653,1550.8378
489,1543.1814,1544.6221,1546.0926,1547.6123,1549.1669,1550.8418
490,1543.179,1544.6221,1546.0926,1547.6123,1549.1669,1550.8386
491,1543.1846,1544.6189,1546.0926,1547.6123,1549.1653,1550.8402
492,1543.1822,1544.6229,1546.0934,1547.6123,1549.1661,1550.8402
493,1543.1806,1544.6221,1546.0926,1547.6123,1549.1661,1550.841
494,1543.1822,1544.6229,1546.0934,1547.6123,1549.1653,1550.8394
495,1543.1822,1544.6229,1546.0942,1547.6123,1549.1661,1550.8402
496,1543.1806,1544.6229,1546.0942,1547.6123,1549.1669,1550.841
497,1543.1822,1544.6221,1546.0934,1547.6131,1549.1677,1550.8418
498,1543.1838,1544.6229,1546.0918,1547.6131,1549.1677,1550.841
499,1543.183,1544.6245,1546.0918,1547.6123,1549.1653,1550.841
500,1543.1806,1544.6253,1546.091,1547.6123,1549.1661,1550.841
501,1543.1806,1544.6237,1546.0942,1547.6123,1549.1653,1550.8418
502,1543.1814,1544.6221,1546.0926,1547.6131,1549.1653,1550.8394
503,1543.1822,1544.6229,1546.0918,1547.6131,1549.1653,1550.8418
504,1543.183,1544.6229,1546.0926,1547.6131,1549.1653,1550.841
505,1543.183,1544.6245,1546.0902,1547.6123,1549.1645,1550.8394
506,1543.1846,1544.6221,1546.0926,1547.6123,1549.1645,1550.8402
507,1543.1806,1544.6213,1546.091,1547.6123,1549.1653,1550.8378
508,1543.1822,1544.6213,1546.0926,1547.6131,1549.1653,1550.8394
509,1543.183,1544.6205,1546.0942,1547.6115,1549.1677,1550.8402
510,1543.1822,1544.6229,1546.0918,1547.6123,1549.1669,1550.8386
511,1543.1838,1544.6229,1546.0926,1547.6131,1549.1645,1550.8378
512,1543.1782,1544.6221,1546.0934,1547.6131,1549.1669,1550.8394
513,1543.1814,1544.6221,1546.0926,1547.6131,1549.1661,1550.8378
514,1543.1822,1544.6229,1546.0902,1547.6139,1549.1653,1550.8378
515,1543.1806,1544.6245,1546.0926,1547.6131,1549.1637,1550.8394
516,1543.1822,1544.6213,1546.0934,1547.6139,1549.1645,1550.8386
517,1543.1814,1544.6221,1546.0934,1547.6131,1549.1653,1550.8402
518,1543.1806,1544.6189,1546.0942,1547.6139,1549.1645,1550.8378
519,1543.1806,1544.6229,1546.0934,1547.6131,1549.1637,1550.8386
520,1543.1822,1544.6213,1546.0942,1547.6139,1549.1645,1550.8386
521,1543.1814,1544.6213,1546.0926,1547.6139,1549.1645,1550.8362
522,1543.1806,1544.6229,1546.0926,1547.6139,1549.1645,1550.8378
523,1543.1838,1544.6229,1546.0934,1547.6147,1549.1661,1550.837
524,1543.183,1544.6213,1546.0926,1547.6131,1549.1653,1550.837
525,1543.1798,1544.6197,1546.0934,1547.6139,1549.1653,1550.8378
526,1543.183,1544.6221,1546.0926,1547.6139,1549.1645,1550.8386
527,1543.1814,1544.6205,1546.0926,1547.6139,1549.1653,1550.8386
528,1543.1806,1544.6221,1546.0942,1547.6139,1549.1645,1550.8394
529,1543.183,1544.6213,1546.0926,1547.6139,1549.1637,1550.8394
530,1543.1806,1544.6205,1546.0942,1547.6147,1549.1637,1550.8394
531,1543.1814,1544.6229,1546.0934,1547.6139,1549.1653,1550.8402
532,1543.1806,1544.6221,1546.0926,1547.6131,1549.1661,1550.8394
533,1543.1806,1544.6221,1546.0934,1547.6123,1549.1661,1550.8402
534,1543.1798,1544.6229,1546.091,1547.6131,1549.1661,1550.8402
535,1543.1838,1544.6213,1546.0934,1547.6131,1549.1653,1550.8418
536,1543.1806,1544.6237,1546.0934,1547.6139,1549.1645,1550.8402
537,1543.1822,1544.6213,1546.0918,1547.6139,1549.1661,1550.8442
538,1543.1822,1544.6197,1546.0926,1547.6139,1549.1653,1550.8402
539,1543.1806,1544.6213,1546.0918,1547.6139,1549.1661,1550.8418
540,1543.1822,1544.6213,1546.0926,1547.6131,1549.1669,1550.8442
541,1543.183,1544.6221,1546.0926,1547.6139,1549.1653,1550.841
542,1543.183,1544.6213,1546.0926,1547.6139,1549.1661,1550.8426
543,1543.1814,1544.6213,1546.0918,1547.6131,1549.1661,1550.8402
544,1543.1798,1544.6213,1546.0934,1547.6131,1549.1661,1550.8394
545,1543.1798,1544.6229,1546.0926,1547.6139,1549.1661,1550.8434
546,1543.1814,1544.6221,1546.091,1547.6139,1549.1653,1550.8418
547,1543.1814,1544.6245,1546.0902,1547.6131,1549.1661,1550.8418
548,1543.1814,1544.6221,1546.0918,1547.6131,1549.1661,1550.8418
549,1543.1814,1544.6237,1546.0926,1547.6131,1549.1661,1550.841
550,1543.1806,1544.6221,1546.0918,1547.6123,1549.1653,1550.8418
551,1543.1822,1544.6213,1546.0902,1547.6123,1549.1653,1550.841
552,1543.1822,1544.6221,1546.0902,1547.6131,1549.1661,1550.841
553,1543.183,1544.6237,1546.0918,1547.6123,1549.1653,1550.8402
554,1543.1806,1544.6213,1546.091,1547.6131,1549.1653,1550.841
555,1543.1798,1544.6213,1546.091,1547.6131,1549.1653,1550.841
556,1543.1814,1544.6229,1546.091,1547.6123,1549.1661,1550.8402
557,1543.179,1544.6245,1546.0934,1547.6123,1549.1653,1550.841
558,1543.1806,1544.6237,1546.0918,1547.6123,1549.1653,1550.8426
559,1543.1814,1544.6221,1546.0918,1547.6115,1549.1661,1550.8418
560,1543.1822,1544.6229,1546.0934,1547.6131,1549.1653,1550.8426
561,1543.1798,1544.6237,1546.0926,1547.6131,1549.1653,1550.8434
562,1543.1846,1544.6229,1546.0926,1547.6123,1549.1653,1550.8442
563,1543.1822,1544.6245,1546.091,1547.6123,1549.1653,1550.8442
564,1543.1798,1544.6221,1546.0902,1547.6131,1549.1653,1550.8434
565,1543.1798,1544.6229,1546.091,1547.6139,1549.1653,1550.8426
566,1543.1814,1544.6197,1546.0902,1547.6131,1549.1661,1550.8434
567,1543.1806,1544.6213,1546.0902,1547.6123,1549.1661,1550.8434
568,1543.1814,1544.6213,1546.091,1547.6131,1549.1661,1550.8434
569,1543.1814,1544.6221,1546.0918,1547.6131,1549.1653,1550.8426
570,1543.1814,1544.6197,1546.0902,1547.6131,1549.1661,1550.8426
571,1543.1798,1544.6221,1546.0926,1547.6131,1549.1661,1550.8434
572,1543.183,1544.6189,1546.0902,1547.6123,1549.1653,1550.8426
573,1543.1806,1544.6205,1546.0918,1547.6131,1549.1645,1550.8442
574,1543.183,1544.6213,1546.091,1547.6123,1549.1645,1550.8442
575,1543.1814,1544.6213,1546.0902,1547.6131,1549.1637,1550.8434
576,1543.1806,1544.6205,1546.091,1547.6123,1549.1645,1550.8426
577,1543.1814,1544.6205,1546.0902,1547.6123,1549.1653,1550.8442
578,1543.1814,1544.6229,1546.0902,1547.6123,1549.1645,1550.8426
579,1543.1814,1544.6197,1546.091,1547.6123,1549.1661,1550.8434
580,1543.1798,1544.6205,1546.0902,1547.6131,1549.1653,1550.8426
581,1543.1798,1544.6205,1546.0894,1547.6131,1549.1645,1550.8426
582,1543.1806,1544.6197,1546.0918,1547.6123,1549.1653,1550.8442
583,1543.1806,1544.6205,1546.0902,1547.6131,1549.1653,1550.8434
584,1543.1822,1544.6197,1546.091,1547.6131,1549.1653,1550.8434
585,1543.1822,1544.6197,1546.0886,1547.6131,1549.1645,1550.8434
586,1543.1806,1544.6213,1546.0902,1547.6131,1549.1645,1550.8434
587,1543.1806,1544.6205,1546.0902,1547.6139,1549.1637,1550.8426
588,1543.1822,1544.6213,1546.0902,1547.6123,1549.1645,1550.8434
589,1543.183,1544.6229,1546.0918,1547.6123,1549.1645,1550.8426
590,1543.179,1544.6221,1546.0894,1547.6131,1549.1645,1550.841
591,1543.1806,1544.6229,1546.0902,1547.6123,1549.1653,1550.8426
592,1543.1798,1544.6221,1546.091,1547.6131,1549.1653,1550.8418
593,1543.1822,1544.6197,1546.091,1547.6139,1549.1645,1550.841
594,1543.1822,1544.6205,1546.0902,1547.6139,1549.1653,1550.8418
595,1543.183,1544.6229,1546.0918,1547.6139,1549.1653,1550.841
596,1543.183,1544.6205,1546.0902,1547.6139,1549.1645,1550.841
597,1543.1782,1544.6205,1546.091,1547.6131,1549.1645,1550.8426
598,1543.1822,1544.6205,1546.091,1547.6131,1549.1645,1550.841
599,1543.1814,1544.6189,1546.091,1547.6131,1549.1645,1550.8402
600,0.0,1544.6141,1546.0942,1547.6378,1549.1821,0.0
601,0.0,1544.6133,1546.095,1547.6378,1549.1821,0.0
602,0.0,1544.6125,1546.0942,1547.637,1549.1829,0.0
603,0.0,1544.6117,1546.0958,1547.637,1549.1821,0.0
604,0.0,1544.6141,1546.095,1547.6362,1549.1821,0.0
605,0.0,1544.6141,1546.0958,1547.6362,1549.1829,0.0
606,0.0,1544.6141,1546.095,1547.637,1549.1821,0.0
607,0.0,1544.6125,1546.0942,1547.6362,1549.1829,0.0
608,0.0,1544.6133,1546.0958,1547.6362,1549.1829,0.0
609,0.0,1544.6125,1546.0966,1547.6354,1549.1837,0.0
610,0.0,1544.6109,1546.0942,1547.6354,1549.1837,0.0
611,0.0,1544.6117,1546.0958,1547.6354,1549.1837,0.0
612,0.0,1544.6125,1546.0942,1547.6346,1549.1829,0.0
613,0.0,1544.6117,1546.0966,1547.6362,1549.1821,0.0
614,0.0,1544.6094,1546.0958,1547.6362,1549.1829,0.0
615,0.0,1544.6117,1546.095,1547.6362,1549.1829,0.0
616,0.0,1544.6109,1546.0974,1547.637,1549.1813,0.0
617,0.0,1544.6102,1546.0982,1547.6378,1549.1829,0.0
618,0.0,1544.6094,1546.0974,1547.637,1549.1837,0.0
619,0.0,1544.6117,1546.0958,1547.6378,1549.1829,0.0
620,0.0,1544.6125,1546.0958,1547.6362,1549.1829,0.0
621,0.0,1544.6125,1546.0958,1547.6362,1549.1829,0.0
622,0.0,1544.6125,1546.095,1547.6362,1549.1837,0.0
623,0.0,1544.6117,1546.0958,1547.637,1549.1845,0.0
624,0.0,1544.6133,1546.0966,1547.637,1549.1837,0.0
625,0.0,1544.6133,1546.095,1547.637,1549.1829,0.0
626,0.0,1544.6125,1546.0958,1547.637,1549.1821,0.0
627,0.0,1544.6141,1546.0966,1547.6386,1549.1837,0.0
628,0.0,1544.6141,1546.0958,1547.6386,1549.1829,0.0
629,0.0,1544.6141,1546.095,1547.6378,1549.1837,0.0
630,0.0,1544.6125,1546.0942,1547.6386,1549.1837,0.0
631,0.0,1544.6125,1546.0942,1547.6386,1549.1821,0.0
632,0.0,1544.6149,1546.0942,1547.6386,1549.1845,0.0
633,0.0,1544.6149,1546.095,1547.637,1549.1837,0.0
634,0.0,1544.6141,1546.0958,1547.6386,1549.1837,0.0
635,0.0,1544.6149,1546.0942,1547.6378,1549.1821,0.0
636,0.0,1544.6149,1546.0934,1547.6394,1549.1829,0.0
637,0.0,1544.6157,1546.095,1547.6394,1549.1837,0.0
638,0.0,1544.6157,1546.0942,1547.6402,1549.1837,0.0
639,0.0,1544.6133,1546.0942,1547.6386,1549.1837,0.0
640,0.0,1544.6141,1546.095,1547.6386,1549.1821,0.0
641,0.0,1544.6141,1546.0958,1547.6394,1549.1821,0.0
642,0.0,1544.6141,1546.095,1547.6386,1549.1821,0.0
643,0.0,1544.6141,1546.095,1547.6402,1549.1837,0.0
644,0.0,1544.6141,1546.0942,1547.6394,1549.1829,0.0
645,0.0,1544.6141,1546.0934,1547.6402,1549.1829,0.0
646,0.0,1544.6141,1546.095,1547.6394,1549.1837,0.0
647,0.0,1544.6157,1546.095,1547.6394,1549.1845,0.0
648,0.0,1544.6133,1546.0942,1547.6394,1549.1829,0.0
649,0.0,1544.6141,1546.095,1547.6402,1549.1821,0.0
650,0.0,1544.6133,1546.0942,1547.6402,1549.1829,0.0
651,0.0,1544.6141,1546.0926,1547.6418,1549.1821,0.0
652,0.0,1544.6149,1546.0934,1547.6402,1549.1837,0.0
653,0.0,1544.6141,1546.0958,1547.6402,1549.1837,0.0
654,0.0,1544.6133,1546.0942,1547.6402,1549.1837,0.0
655,0.0,1544.6141,1546.0918,1547.6402,1549.1853,0.0
656,0.0,1544.6141,1546.0934,1547.641,1549.1845,0.0
657,0.0,1544.6149,1546.0934,1547.6402,1549.1861,0.0
658,0.0,1544.6165,1546.095,1547.641,1549.1829,0.0
659,0.0,1544.6133,1546.0934,1547.6418,1549.1845,0.0
660,0.0,1544.6133,1546.0934,1547.6426,1549.1845,0.0
661,0.0,1544.6125,1546.0942,1547.641,1549.1861,0.0
662,0.0,1544.6149,1546.0934,1547.6418,1549.1853,0.0
663,0.0,1544.6117,1546.0934,1547.6418,1549.1845,0.0
664,0.0,1544.6149,1546.0918,1547.6418,1549.1837,0.0
665,0.0,1544.6141,1546.0934,1547.641,1549.1853,0.0
666,0.0,1544.6133,1546.0934,1547.6426,1549.1845,0.0
667,0.0,1544.6141,1546.0926,1547.6426,1549.1837,0.0
668,0.0,1544.6149,1546.0942,1547.6418,1549.1837,0.0
669,0.0,1544.6125,1546.0918,1547.6426,1549.1837,0.0
670,0.0,1544.6117,1546.0942,1547.6426,1549.1853,0.0
671,0.0,1544.6125,1546.0934,1547.6442,1549.1805,0.0
672,0.0,1544.6117,1546.091,1547.6426,1549.1837,0.0
673,0.0,1544.6109,1546.0942,1547.6434,1549.1837,0.0
674,0.0,1544.6109,1546.0878,1547.6434,1549.1837,0.0
675,0.0,1544.6149,1546.0942,1547.6434,1549.1845,0.0
676,0.0,1544.6141,1546.0942,1547.6442,1549.1845,0.0
677,0.0,1544.6133,1546.0942,1547.6434,1549.1829,0.0
678,0.0,1544.6117,1546.0926,1547.6434,1549.1853,0.0
679,0.0,1544.6133,1546.095,1547.6434,1549.1837,0.0
680,0.0,1544.6141,1546.0942,1547.6434,1549.1853,0.0
681,0.0,1544.6117,1546.0942,1547.6434,1549.1845,0.0
682,0.0,1544.6133,1546.0974,1547.6442,1549.1837,0.0
683,0.0,1544.6133,1546.0958,1547.6442,1549.1845,0.0
684,0.0,1544.6133,1546.0934,1547.6434,1549.1837,0.0
685,0.0,1544.6141,1546.0942,1547.6442,1549.1845,0.0
686,0.0,1544.6133,1546.0934,1547.6442,1549.1829,0.0
687,0.0,1544.6141,1546.0934,1547.6442,1549.1845,0.0
688,0.0,1544.6141,1546.0918,1547.6442,1549.1837,0.0
689,0.0,1544.6133,1546.0942,1547.645,1549.1837,0.0
690,0.0,1544.6149,1546.0918,1547.6442,1549.1829,0.0
691,0.0,1544.6133,1546.0918,1547.6442,1549.1837,0.0
692,0.0,1544.6133,1546.0942,1547.6434,1549.1829,0.0
693,0.0,1544.6149,1546.0926,1547.6442,1549.1821,0.0
694,0.0,1544.6141,1546.0926,1547.6434,1549.1837,0.0
695,0.0,1544.6141,1546.0926,1547.6442,1549.1813,0.0
696,0.0,1544.6141,1546.0934,1547.6442,1549.1829,0.0
697,0.0,1544.6149,1546.0942,1547.6442,1549.1821,0.0
698,0.0,1544.6149,1546.095,1547.6434,1549.1829,0.0
699,0.0,1544.6133,1546.0934,1547.6434,1549.1837,0.0
700,0.0,1544.6133,1546.0918,1547.645,1549.1837,0.0
701,0.0,1544.6149,1546.095,1547.6442,1549.1837,0.0
702,0.0,1544.6157,1546.0926,1547.6442,1549.1837,0.0
703,0.0,1544.6141,1546.0942,1547.6442,1549.1829,0.0
704,0.0,1544.6157,1546.095,1547.6442,1549.1829,0.0
705,0.0,1544.6149,1546.0934,1547.6442,1549.1845,0.0
706,0.0,1544.6125,1546.095,1547.6434,1549.1845,0.0
707,0.0,1544.6157,1546.0942,1547.6442,1549.1837,0.0
708,0.0,1544.6149,1546.0958,1547.6442,1549.1837,0.0
709,0.0,1544.6157,1546.0942,1547.6442,1549.1845,0.0
710,0.0,1544.6141,1546.0934,1547.645,1549.1845,0.0
711,0.0,1544.6157,1546.0942,1547.6442,1549.1837,0.0
712,0.0,1544.6141,1546.0942,1547.645,1549.1845,0.0
713,0.0,1544.6149,1546.095,1547.6434,1549.1837,0.0
714,0.0,1544.6125,1546.095,1547.6442,1549.1845,0.0
715,0.0,1544.6141,1546.0942,1547.6442,1549.1837,0.0
716,0.0,1544.6149,1546.0934,1547.645,1549.1845,0.0
717,0.0,1544.6141,1546.0926,1547.6442,1549.1829,0.0
718,0.0,1544.6141,1546.0934,1547.645,1549.1837,0.0
719,0.0,1544.6149,1546.0942,1547.645,1549.1845,0.0
720,0.0,1544.6133,1546.0934,1547.6458,1549.1845,0.0
721,0.0,1544.6141,1546.0942,1547.645,1549.1845,0.0
722,0.0,1544.6141,1546.0958,1547.645,1549.1837,0.0
723,0.0,1544.6157,1546.0934,1547.645,1549.1821,0.0
724,0.0,1544.6141,1546.095,1547.645,1549.1821,0.0
725,0.0,1544.6133,1546.0934,1547.645,1549.1829,0.0
726,0.0,1544.6165,1546.0942,1547.6458,1549.1821,0.0
727,0.0,1544.6165,1546.0942,1547.6466,1549.1845,0.0
728,0.0,1544.6141,1546.0958,1547.6458,1549.1829,0.0
729,0.0,1544.6149,1546.095,1547.6458,1549.1837,0.0
730,0.0,1544.6165,1546.0934,1547.6458,1549.1829,0.0
731,0.0,1544.6133,1546.0942,1547.6466,1549.1837,0.0
732,0.0,1544.6141,1546.0942,1547.6458,1549.1845,0.0
733,0.0,1544.6133,1546.0942,1547.6466,1549.1853,0.0
734,0.0,1544.6125,1546.0934,1547.6466,1549.1837,0.0
735,0.0,1544.6141,1546.0942,1547.6466,1549.1845,0.0
736,0.0,1544.6149,1546.0918,1547.6466,1549.1845,0.0
737,0.0,1544.6157,1546.0934,1547.6474,1549.1853,0.0
738,0.0,1544.6157,1546.0942,1547.649,1549.1837,0.0
739,0.0,1544.6149,1546.0942,1547.649,1549.1829,0.0
740,0.0,1544.6149,1546.0918,1547.649,1549.1821,0.0
741,0.0,1544.6149,1546.0918,1547.6474,1549.1829,0.0
742,0.0,1544.6157,1546.0918,1547.649,1549.1821,0.0
743,0.0,1544.6165,1546.0918,1547.6482,1549.1837,0.0
744,0.0,1544.6141,1546.0918,1547.6482,1549.1837,0.0
745,0.0,1544.6133,1546.0934,1547.6482,1549.1821,0.0
746,0.0,1544.6149,1546.0942,1547.649,1549.1837,0.0
747,0.0,1544.6149,1546.0934,1547.6482,1549.1837,0.0
748,0.0,1544.6133,1546.0934,1547.6498,1549.1829,0.0
749,0.0,1544.6149,1546.0926,1547.6482,1549.1845,0.0
750,0.0,1544.6125,1546.0926,1547.6482,1549.1845,0.0
751,0.0,1544.6157,1546.0918,1547.6474,1549.1829,0.0
752,0.0,1544.6141,1546.091,1547.6482,1549.1821,0.0
753,0.0,1544.6149,1546.0918,1547.6466,1549.1829,0.0
754,0.0,1544.6157,1546.0918,1547.6466,1549.1845,0.0
755,0.0,1544.6133,1546.0934,1547.6466,1549.1837,0.0
756,0.0,1544.6149,1546.0942,1547.6466,1549.1829,0.0
757,0.0,1544.6157,1546.0934,1547.6474,1549.1821,0.0
758,0.0,1544.6149,1546.0942,1547.6458,1549.1829,0.0
759,0.0,1544.6149,1546.0934,1547.6466,1549.1845,0.0
760,0.0,1544.6149,1546.0942,1547.6458,1549.1845,0.0
761,0.0,1544.6141,1546.0926,1547.6466,1549.1829,0.0
762,0.0,1544.6149,1546.0942,1547.6458,1549.1845,0.0
763,0.0,1544.6149,1546.0942,1547.6466,1549.1837,0.0
764,0.0,1544.6141,1546.0918,1547.6466,1549.1837,0.0
765,0.0,1544.6149,1546.0934,1547.6466,1549.1829,0.0
766,0.0,1544.6149,1546.0934,1547.6458,1549.1837,0.0
767,0.0,1544.6157,1546.0942,1547.6474,1549.1837,0.0
768,0.0,1544.6141,1546.0942,1547.6474,1549.1853,0.0
769,0.0,1544.6141,1546.0934,1547.6466,1549.1837,0.0
770,0.0,1544.6149,1546.0934,1547.6466,1549.1853,0.0
771,0.0,1544.6157,1546.0942,1547.6474,1549.1853,0.0
772,0.0,1544.6157,1546.0926,1547.6474,1549.1845,0.0
773,0.0,1544.6141,1546.0934,1547.6482,1549.1845,0.0
774,0.0,1544.6157,1546.0934,1547.6466,1549.1853,0.0
775,0.0,1544.6149,1546.0926,1547.6466,1549.1845,0.0
776,0.0,1544.6149,1546.0926,1547.6474,1549.1837,0.0
777,0.0,1544.6133,1546.0942,1547.6474,1549.1837,0.0
778,0.0,1544.6141,1546.095,1547.6458,1549.1853,0.0
779,0.0,1544.6133,1546.0934,1547.6474,1549.1845,0.0
780,0.0,1544.6149,1546.0934,1547.6474,1549.1853,0.0
781,0.0,1544.6141,1546.0934,1547.6474,1549.1837,0.0
782,0.0,1544.6141,1546.0934,1547.6474,1549.1837,0.0
783,0.0,1544.6141,1546.095,1547.6474,1549.1853,0.0
784,0.0,1544.6141,1546.0934,1547.6466,1549.1845,0.0
785,0.0,1544.6149,1546.0934,1547.6482,1549.1837,0.0
786,0.0,1544.6157,1546.0918,1547.6482,1549.1837,0.0
787,0.0,1544.6125,1546.0942,1547.649,1549.1837,0.0
788,0.0,1544.6141,1546.0926,1547.6482,1549.1829,0.0
789,0.0,1544.6117,1546.0934,1547.649,1549.1837,0.0
790,0.0,1544.6133,1546.0942,1547.6474,1549.1837,0.0
791,0.0,1544.6141,1546.0918,1547.6482,1549.1821,0.0
792,0.0,1544.6149,1546.0918,1547.649,1549.1853,0.0
793,0.0,1544.6157,1546.091,1547.649,1549.1837,0.0
794,0.0,1544.6157,1546.0934,1547.649,1549.1845,0.0
795,0.0,1544.6149,1546.0926,1547.6482,1549.1837,0.0
796,0.0,1544.6141,1546.0942,1547.6482,1549.1829,0.0
797,0.0,1544.6149,1546.0934,1547.6474,1549.1845,0.0
798,0.0,1544.6157,1546.0926,1547.649,1549.1837,0.0
799,0.0,1544.6133,1546.0934,1547.649,1549.1845,0.0
800,0.0,1544.6165,1546.0894,1547.6202,1549.1989,0.0
801,0.0,1544.6157,1546.0886,1547.6186,1549.1997,0.0
802,0.0,1544.6165,1546.0886,1547.6186,1549.1997,0.0
803,0.0,1544.6189,1546.0894,1547.6194,1549.1989,0.0
804,0.0,1544.6181,1546.0886,1547.6194,1549.1997,0.0
805,0.0,1544.6157,1546.0894,1547.6202,1549.1989,0.0
806,0.0,1544.6173,1546.0894,1547.6186,1549.1989,0.0
807,0.0,1544.6173,1546.0894,1547.6194,1549.1989,0.0
808,0.0,1544.6189,1546.0886,1547.6194,1549.1997,0.0
809,0.0,1544.6181,1546.0886,1547.6186,1549.2005,0.0
810,0.0,1544.6173,1546.0894,1547.6186,1549.1997,0.0
811,0.0,1544.6181,1546.0886,1547.6186,1549.2005,0.0
812,0.0,1544.6165,1546.0886,1547.6186,1549.1997,0.0
813,0.0,1544.6165,1546.0902,1547.6186,1549.2005,0.0
814,0.0,1544.6165,1546.0886,1547.6178,1549.2005,0.0
815,0.0,1544.6205,1546.091,1547.617,1549.2005,0.0
816,0.0,1544.6173,1546.0894,1547.6186,1549.2005,0.0
817,0.0,1544.6149,1546.0902,1547.6178,1549.2005,0.0
818,0.0,1544.6157,1546.0886,1547.6178,1549.1997,0.0
819,0.0,1544.6165,1546.0862,1547.6186,1549.1997,0.0
820,0.0,1544.6165,1546.0886,1547.617,1549.1997,0.0
821,0.0,1544.6165,1546.0886,1547.6178,1549.1989,0.0
822,0.0,1544.6165,1546.0878,1547.6178,1549.1997,0.0
823,0.0,1544.6157,1546.0886,1547.6178,1549.2005,0.0
824,0.0,1544.6173,1546.087,1547.6178,1549.2005,0.0
825,0.0,1544.6165,1546.087,1547.617,1549.1997,0.0
826,0.0,1544.6173,1546.087,1547.617,1549.1997,0.0
827,0.0,1544.6157,1546.0886,1547.6162,1549.2005,0.0
828,0.0,1544.6141,1546.0878,1547.6178,1549.1997,0.0
829,0.0,1544.6157,1546.0886,1547.617,1549.1997,0.0
830,0.0,1544.6149,1546.0878,1547.617,1549.2013,0.0
831,0.0,1544.6165,1546.0886,1547.617,1549.2005,0.0
832,0.0,1544.6165,1546.0878,1547.617,1549.2013,0.0
833,0.0,1544.6141,1546.0878,1547.6178,1549.2013,0.0
834,0.0,1544.6173,1546.0878,1547.6178,1549.2013,0.0
835,0.0,1544.6149,1546.0878,1547.6178,1549.2005,0.0
836,0.0,1544.6173,1546.0878,1547.6178,1549.2013,0.0
837,0.0,1544.6157,1546.087,1547.6186,1549.2013,0.0
838,0.0,1544.6173,1546.0886,1547.6186,1549.2013,0.0
839,0.0,1544.6165,1546.0886,1547.6194,1549.2005,0.0
840,0.0,1544.6133,1546.087,1547.6186,1549.2005,0.0
841,0.0,1544.6149,1546.087,1547.6186,1549.2005,0.0
842,0.0,1544.6149,1546.0878,1547.6194,1549.2013,0.0
843,0.0,1544.6189,1546.0886,1547.6178,1549.2021,0.0
844,0.0,1544.6157,1546.0878,1547.6186,1549.2037,0.0
845,0.0,1544.6149,1546.0878,1547.6194,1549.2013,0.0
846,0.0,1544.6149,1546.0886,1547.6186,1549.2021,0.0
847,0.0,1544.6165,1546.0878,1547.6186,1549.2021,0.0
848,0.0,1544.6165,1546.0878,1547.6178,1549.2021,0.0
849,0.0,1544.6165,1546.0886,1547.6186,1549.2029,0.0
850,0.0,1544.6157,1546.0862,1547.6178,1549.2021,0.0
851,0.0,1544.6181,1546.0878,1547.6178,1549.2029,0.0
852,0.0,1544.6173,1546.0878,1547.6178,1549.2013,0.0
853,0.0,1544.6189,1546.087,1547.617,1549.2029,0.0
854,0.0,1544.6173,1546.087,1547.6178,1549.2021,0.0
855,0.0,1544.6165,1546.0886,1547.617,1549.2021,0.0
856,0.0,1544.6149,1546.0878,1547.617,1549.2021,0.0
857,0.0,1544.6149,1546.087,1547.617,1549.2005,0.0
858,0.0,1544.6165,1546.0878,1547.6162,1549.2029,0.0
859,0.0,1544.6141,1546.0878,1547.6178,1549.2005,0.0
860,0.0,1544.6149,1546.0886,1547.6162,1549.2013,0.0
861,0.0,1544.6149,1546.0878,1547.6162,1549.2013,0.0
862,0.0,1544.6141,1546.087,1547.6155,1549.2005,0.0
863,0.0,1544.6157,1546.0886,1547.6162,1549.2013,0.0
864,0.0,1544.6149,1546.0878,1547.6162,1549.2021,0.0
865,0.0,1544.6141,1546.0894,1547.6155,1549.2013,0.0
866,0.0,1544.6141,1546.0878,1547.6155,1549.2005,0.0
867,0.0,1544.6141,1546.0878,1547.6162,1549.2013,0.0
868,0.0,1544.6141,1546.0878,1547.6155,1549.2005,0.0
869,0.0,1544.6133,1546.087,1547.6162,1549.2013,0.0
870,0.0,1544.6149,1546.0878,1547.6162,1549.2005,0.0
871,0.0,1544.6149,1546.0862,1547.6162,1549.1997,0.0
872,0.0,1544.6133,1546.087,1547.6162,1549.1997,0.0
873,0.0,1544.6133,1546.087,1547.6162,1549.2013,0.0
874,0.0,1544.6149,1546.087,1547.6162,1549.2013,0.0
875,0.0,1544.6141,1546.0878,1547.617,1549.2005,0.0
876,0.0,1544.6125,1546.0878,1547.6162,1549.2013,0.0
877,0.0,1544.6133,1546.0886,1547.6162,1549.1989,0.0
878,0.0,1544.6149,1546.0886,1547.6162,1549.2005,0.0
879,0.0,1544.6141,1546.0886,1547.6155,1549.2005,0.0
880,0.0,1544.6125,1546.087,1547.617,1549.2005,0.0
881,0.0,1544.6133,1546.087,1547.6162,1549.2021,0.0
882,0.0,1544.6157,1546.087,1547.6162,1549.2005,0.0
883,0.0,1544.6141,1546.0878,1547.6155,1549.2013,0.0
884,0.0,1544.6157,1546.0886,1547.6139,1549.2005,0.0
885,0.0,1544.6149,1546.0886,1547.6162,1549.2021,0.0
886,0.0,1544.6141,1546.0878,1547.617,1549.2029,0.0
887,0.0,1544.6133,1546.087,1547.6155,1549.2037,0.0
888,0.0,1544.6149,1546.0894,1547.6147,1549.2013,0.0
889,0.0,1544.6149,1546.087,1547.6155,1549.2013,0.0
890,0.0,1544.6165,1546.0886,1547.6155,1549.2029,0.0
891,0.0,1544.6157,1546.0886,1547.6155,1549.2021,0.0
892,0.0,1544.6157,1546.0878,1547.6162,1549.2029,0.0
893,0.0,1544.6165,1546.0878,1547.6162,1549.2021,0.0
894,0.0,1544.6141,1546.0894,1547.6162,1549.2021,0.0
895,0.0,1544.6141,1546.0894,1547.6155,1549.2029,0.0
896,0.0,1544.6165,1546.087,1547.6162,1549.2021,0.0
897,0.0,1544.6165,1546.0886,1547.6155,1549.2005,0.0
898,0.0,1544.6165,1546.0878,1547.6155,1549.2029,0.0
899,0.0,1544.6149,1546.0886,1547.6147,1549.2021,0.0
900,0.0,1544.6165,1546.0886,1547.6155,1549.2029,0.0
901,0.0,1544.6181,1546.087,1547.6155,1549.2013,0.0
902,0.0,1544.6149,1546.0894,1547.6155,1549.2013,0.0
903,0.0,1544.6149,1546.0886,1547.6147,1549.2013,0.0
904,0.0,1544.6157,1546.087,1547.6147,1549.2021,0.0
905,0.0,1544.6165,1546.0894,1547.6155,1549.2013,0.0
906,0.0,1544.6133,1546.0878,1547.6155,1549.2013,0.0
907,0.0,1544.6141,1546.0878,1547.6147,1549.2013,0.0
908,0.0,1544.6149,1546.0886,1547.6147,1549.2021,0.0
909,0.0,1544.6133,1546.0878,1547.6147,1549.2021,0.0
910,0.0,1544.6125,1546.087,1547.6139,1549.2013,0.0
911,0.0,1544.6109,1546.087,1547.6155,1549.2013,0.0
912,0.0,1544.6133,1546.0878,1547.6155,1549.2021,0.0
913,0.0,1544.6157,1546.0878,1547.6147,1549.2013,0.0
914,0.0,1544.6141,1546.0878,1547.6155,1549.2013,0.0
915,0.0,1544.6141,1546.0862,1547.6139,1549.2013,0.0
916,0.0,1544.6133,1546.0878,1547.6139,1549.2005,0.0
917,0.0,1544.6117,1546.0878,1547.6139,1549.2005,0.0
918,0.0,1544.6125,1546.0886,1547.6139,1549.2013,0.0
919,0.0,1544.6133,1546.0878,1547.6147,1549.2013,0.0
920,0.0,1544.6117,1546.0886,1547.6155,1549.1997,0.0
921,0.0,1544.6141,1546.0894,1547.6139,1549.2021,0.0
922,0.0,1544.6117,1546.0886,1547.6147,1549.2013,0.0
923,0.0,1544.6149,1546.0878,1547.6131,1549.2013,0.0
924,0.0,1544.6173,1546.0886,1547.6139,1549.2005,0.0
925,0.0,1544.6149,1546.0878,1547.6147,1549.2013,0.0
926,0.0,1544.6165,1546.0878,1547.6147,1549.2021,0.0
927,0.0,1544.6157,1546.0886,1547.6155,1549.2013,0.0
928,0.0,1544.6141,1546.0878,1547.6147,1549.1997,0.0
929,0.0,1544.6141,1546.0886,1547.6139,1549.1989,0.0
930,0.0,1544.6141,1546.0894,1547.6139,1549.1997,0.0
931,0.0,1544.6149,1546.0878,1547.6147,1549.2005,0.0
932,0.0,1544.6157,1546.0878,1547.6147,1549.2005,0.0
933,0.0,1544.6149,1546.0878,1547.6155,1549.2005,0.0
934,0.0,1544.6125,1546.0894,1547.6155,1549.2005,0.0
935,0.0,1544.6141,1546.0886,1547.6162,1549.1997,0.0
936,0.0,1544.6157,1546.0878,1547.6147,1549.2021,0.0
937,0.0,1544.6133,1546.0894,1547.6147,1549.2005,0.0
938,0.0,1544.6141,1546.0894,1547.6147,1549.2013,0.0
939,0.0,1544.6141,1546.0878,1547.6155,1549.2021,0.0
940,0.0,1544.6157,1546.0878,1547.6155,1549.2013,0.0
941,0.0,1544.6141,1546.0886,1547.6155,1549.2013,0.0
942,0.0,1544.6133,1546.0886,1547.6147,1549.2013,0.0
943,0.0,1544.6149,1546.087,1547.6147,1549.2013,0.0
944,0.0,1544.6133,1546.0878,1547.6155,1549.1997,0.0
945,0.0,1544.6149,1546.0886,1547.6147,1549.2021,0.0
946,0.0,1544.6141,1546.0886,1547.6162,1549.2021,0.0
947,0.0,1544.6141,1546.0878,1547.6147,1549.2013,0.0
948,0.0,1544.6149,1546.0886,1547.6147,1549.2005,0.0
949,0.0,1544.6141,1546.087,1547.6155,1549.2021,0.0
950,0.0,1544.6141,1546.0878,1547.6155,1549.2021,0.0
951,0.0,1544.6141,1546.0878,1547.6155,1549.2013,0.0
952,0.0,1544.6117,1546.087,1547.6155,1549.2029,0.0
953,0.0,1544.6133,1546.087,1547.6147,1549.2021,0.0
954,0.0,1544.6117,1546.0854,1547.6155,1549.2029,0.0
955,0.0,1544.6149,1546.0878,1547.6139,1549.2029,0.0
956,0.0,1544.6125,1546.0854,1547.6155,1549.2029,0.0
957,0.0,1544.6141,1546.0862,1547.6147,1549.2021,0.0
958,0.0,1544.6117,1546.0862,1547.6147,1549.2021,0.0
959,0.0,1544.6109,1546.0878,1547.6139,1549.2029,0.0
960,0.0,1544.6149,1546.0862,1547.6155,1549.2029,0.0
961,0.0,1544.6109,1546.087,1547.6147,1549.2029,0.0
962,0.0,1544.6125,1546.0878,1547.6147,1549.2037,0.0
963,0.0,1544.6117,1546.087,1547.6147,1549.2021,0.0
964,0.0,1544.6117,1546.087,1547.6147,1549.2037,0.0
965,0.0,1544.6117,1546.0878,1547.6155,1549.2029,0.0
966,0.0,1544.6133,1546.0878,1547.6139,1549.2029,0.0
967,0.0,1544.6133,1546.0878,1547.6139,1549.2029,0.0
968,0.0,1544.6102,1546.0878,1547.6139,1549.2029,0.0
969,0.0,1544.6141,1546.087,1547.6139,1549.2013,0.0
970,0.0,1544.6117,1546.0878,1547.6131,1549.2005,0.0
971,0.0,1544.6109,1546.0886,1547.6139,1549.2005,0.0
972,0.0,1544.6117,1546.0886,1547.6139,1549.2005,0.0
973,0.0,1544.6133,1546.0862,1547.6131,1549.2005,0.0
974,0.0,1544.6133,1546.0886,1547.6131,1549.2005,0.0
975,0.0,1544.6133,1546.0886,1547.6123,1549.1997,0.0
976,0.0,1544.6125,1546.0886,1547.6131,1549.2021,0.0
977,0.0,1544.6125,1546.0878,1547.6123,1549.2013,0.0
978,0.0,1544.6109,1546.087,1547.6123,1549.2021,0.0
979,0.0,1544.6133,1546.0878,1547.6123,1549.2021,0.0
980,0.0,1544.6125,1546.087,1547.6123,1549.2013,0.0
981,0.0,1544.6133,1546.087,1547.6123,1549.2021,0.0
982,0.0,1544.6117,1546.087,1547.6131,1549.2021,0.0
983,0.0,1544.6117,1546.0878,1547.6123,1549.2013,0.0
984,0.0,1544.6125,1546.087,1547.6123,1549.2013,0.0
985,0.0,1544.6117,1546.087,1547.6115,1549.2021,0.0
986,0.0,1544.6125,1546.0878,1547.6123,1549.2013,0.0
987,0.0,1544.6109,1546.0886,1547.6131,1549.2013,0.0
988,0.0,1544.6141,1546.0886,1547.6131,1549.2021,0.0
989,0.0,1544.6125,1546.0894,1547.6131,1549.2013,0.0
990,0.0,1544.6109,1546.0886,1547.6131,1549.2013,0.0
991,0.0,1544.6133,1546.0878,1547.6131,1549.2013,0.0
992,0.0,1544.6117,1546.0894,1547.6131,1549.2013,0.0
993,0.0,1544.6117,1546.0878,1547.6131,1549.2013,0.0
994,0.0,1544.6133,1546.0878,1547.6131,1549.2013,0.0
995,0.0,1544.6117,1546.0878,1547.6131,1549.2013,0.0
996,0.0,1544.6109,1546.087,1547.6131,1549.2021,0.0
997,0.0,1544.6125,1546.0886,1547.6131,1549.2021,0.0
998,0.0,1544.6133,1546.0886,1547.6123,1549.2021,0.0
999,0.0,1544.6125,1546.0886,1547.6131,1549.2005,0.0
1000,0.0,1544.6531,1546.1317,1547.6586,1549.2318,0.0
1001,0.0,1544.6531,1546.1317,1547.6578,1549.2318,0.0
1002,0.0,1544.6531,1546.1317,1547.6578,1549.2302,0.0
1003,0.0,1544.6547,1546.1317,1547.6586,1549.231,0.0
1004,0.0,1544.6507,1546.1317,1547.6586,1549.231,0.0
1005,0.0,1544.6531,1546.1309,1547.6586,1549.231,0.0
1006,0.0,1544.6531,1546.1301,1547.6594,1549.2286,0.0
1007,0.0,1544.6523,1546.1325,1547.6586,1549.2302,0.0
1008,0.0,1544.6515,1546.1317,1547.6586,1549.2318,0.0
1009,0.0,1544.6523,1546.1301,1547.6594,1549.2318,0.0
1010,0.0,1544.6523,1546.1309,1547.657,1549.2302,0.0
1011,0.0,1544.6507,1546.1309,1547.6594,1549.231,0.0
1012,0.0,1544.6531,1546.1309,1547.6586,1549.2318,0.0
1013,0.0,1544.6539,1546.1317,1547.6578,1549.2326,0.0
1014,0.0,1544.6531,1546.1325,1547.6586,1549.2318,0.0
1015,0.0,1544.6523,1546.1309,1547.6578,1549.2318,0.0
1016,0.0,1544.6539,1546.1317,1547.6586,1549.2326,0.0
1017,0.0,1544.6531,1546.1309,1547.6586,1549.231,0.0
1018,0.0,1544.6539,1546.1317,1547.6586,1549.231,0.0
1019,0.0,1544.6523,1546.1317,1547.6586,1549.2318,0.0
1020,0.0,1544.6563,1546.1317,1547.6602,1549.231,0.0
1021,0.0,1544.6523,1546.1309,1547.6594,1549.231,0.0
1022,0.0,1544.6531,1546.1317,1547.6594,1549.2302,0.0
1023,0.0,1544.6539,1546.1309,1547.6586,1549.2294,0.0
1024,0.0,1544.6531,1546.1317,1547.6578,1549.2294,0.0
1025,0.0,1544.6539,1546.1317,1547.6594,1549.2294,0.0
1026,0.0,1544.6531,1546.1317,1547.6586,1549.2302,0.0
1027,0.0,1544.6547,1546.1309,1547.6594,1549.2294,0.0
1028,0.0,1544.6547,1546.1309,1547.6602,1549.2286,0.0
1029,0.0,1544.6555,1546.1325,1547.6602,1549.2294,0.0
1030,0.0,1544.6547,1546.1325,1547.6586,1549.2294,0.0
1031,0.0,1544.6555,1546.1317,1547.6586,1549.2294,0.0
1032,0.0,1544.6547,1546.1309,1547.6594,1549.2294,0.0
1033,0.0,1544.6531,1546.1309,1547.6586,1549.2302,0.0
1034,0.0,1544.6555,1546.1309,1547.6594,1549.2302,0.0
1035,0.0,1544.6547,1546.1317,1547.6586,1549.2302,0.0
1036,0.0,1544.6531,1546.1317,1547.6594,1549.2294,0.0
1037,0.0,1544.6531,1546.1317,1547.6586,1549.2302,0.0
1038,0.0,1544.6547,1546.1325,1547.6602,1549.2294,0.0
1039,0.0,1544.6555,1546.1317,1547.6578,1549.2294,0.0
1040,0.0,1544.6547,1546.1325,1547.6578,1549.2294,0.0
1041,0.0,1544.6555,1546.1317,1547.657,1549.2294,0.0
1042,0.0,1544.6539,1546.1309,1547.6586,1549.231,0.0
1043,0.0,1544.6531,1546.1317,1547.6578,1549.2294,0.0
1044,0.0,1544.6531,1546.1309,1547.6578,1549.2302,0.0
1045,0.0,1544.6547,1546.1317,1547.6586,1549.2286,0.0
1046,0.0,1544.6547,1546.1317,1547.6586,1549.2286,0.0
1047,0.0,1544.6555,1546.1325,1547.6586,1549.2294,0.0
1048,0.0,1544.6539,1546.1317,1547.6586,1549.231,0.0
1049,0.0,1544.6531,1546.1309,1547.6578,1549.2294,0.0
1050,0.0,1544.6539,1546.1301,1547.6586,1549.2302,0.0
1051,0.0,1544.6539,1546.1317,1547.6594,1549.231,0.0
1052,0.0,1544.6563,1546.1309,1547.6586,1549.231,0.0
1053,0.0,1544.6547,1546.1301,1547.6586,1549.231,0.0
1054,0.0,1544.6515,1546.1309,1547.6594,1549.231,0.0
1055,0.0,1544.6547,1546.1301,1547.6594,1549.231,0.0
1056,0.0,1544.6539,1546.1301,1547.6578,1549.2318,0.0
1057,0.0,1544.6539,1546.1317,1547.6586,1549.2318,0.0
1058,0.0,1544.6539,1546.1317,1547.6578,1549.2318,0.0
1059,0.0,1544.6539,1546.1309,1547.6578,1549.2318,0.0
1060,0.0,1544.6531,1546.1309,1547.6578,1549.2334,0.0
1061,0.0,1544.6539,1546.1309,1547.6594,1549.2326,0.0
1062,0.0,1544.6531,1546.1309,1547.6586,1549.2318,0.0
1063,0.0,1544.6539,1546.1317,1547.6586,1549.2318,0.0
1064,0.0,1544.6531,1546.1309,1547.6594,1549.2318,0.0
1065,0.0,1544.6539,1546.1309,1547.6586,1549.2318,0.0
1066,0.0,1544.6531,1546.1293,1547.6586,1549.2318,0.0
1067,0.0,1544.6547,1546.1309,1547.6578,1549.2326,0.0
1068,0.0,1544.6531,1546.1317,1547.6586,1549.2318,0.0
1069,0.0,1544.6531,1546.1309,1547.6594,1549.2318,0.0
1070,0.0,1544.6547,1546.1309,1547.6578,1549.231,0.0
1071,0.0,1544.6531,1546.1317,1547.6578,1549.2318,0.0
1072,0.0,1544.6531,1546.1301,1547.6586,1549.231,0.0
1073,0.0,1544.6555,1546.1325,1547.6578,1549.2302,0.0
1074,0.0,1544.6531,1546.1317,1547.6578,1549.231,0.0
1075,0.0,1544.6547,1546.1317,1547.6586,1549.231,0.0
1076,0.0,1544.6523,1546.1325,1547.6578,1549.231,0.0
1077,0.0,1544.6547,1546.1317,1547.6578,1549.231,0.0
1078,0.0,1544.6531,1546.1325,1547.657,1549.2302,0.0
1079,0.0,1544.6539,1546.1317,1547.6578,1549.231,0.0
1080,0.0,1544.6531,1546.1325,1547.6586,1549.2294,0.0
1081,0.0,1544.6531,1546.1317,1547.6578,1549.231,0.0
1082,0.0,1544.6539,1546.1309,1547.6578,1549.2294,0.0
1083,0.0,1544.6547,1546.1317,1547.6578,1549.2302,0.0
1084,0.0,1544.6539,1546.1309,1547.6586,1549.2286,0.0
1085,0.0,1544.6531,1546.1309,1547.6578,1549.2294,0.0
1086,0.0,1544.6555,1546.1309,1547.6586,1549.2294,0.0
1087,0.0,1544.6547,1546.1309,1547.6578,1549.2302,0.0
1088,0.0,1544.6547,1546.1309,1547.6586,1549.2302,0.0
1089,0.0,1544.6547,1546.1317,1547.6578,1549.2286,0.0
1090,0.0,1544.6563,1546.1309,1547.6578,1549.2294,0.0
1091,0.0,1544.6547,1546.1293,1547.6578,1549.2294,0.0
1092,0.0,1544.6539,1546.1309,1547.6578,1549.2294,0.0
1093,0.0,1544.6547,1546.1309,1547.6586,1549.2294,0.0
1094,0.0,1544.6539,1546.1301,1547.6594,1549.2302,0.0
1095,0.0,1544.6555,1546.1309,1547.6578,1549.2302,0.0
1096,0.0,1544.6547,1546.1301,1547.6586,1549.2294,0.0
1097,0.0,1544.6539,1546.1309,1547.6594,1549.2294,0.0
1098,0.0,1544.6531,1546.1301,1547.6586,1549.2286,0.0
1099,0.0,1544.6515,1546.1293,1547.6586,1549.231,0.0
1100,0.0,1544.6523,1546.1301,1547.6586,1549.2294,0.0
1101,0.0,1544.6531,1546.1301,1547.6594,1549.2286,0.0
1102,0.0,1544.6531,1546.1309,1547.6578,1549.231,0.0
1103,0.0,1544.6539,1546.1293,1547.6586,1549.2302,0.0
1104,0.0,1544.6547,1546.1317,1547.6578,1549.2294,0.0
1105,0.0,1544.6547,1546.1301,1547.6578,1549.231,0.0
1106,0.0,1544.6523,1546.1309,1547.6578,1549.2286,0.0
1107,0.0,1544.6547,1546.1317,1547.657,1549.2302,0.0
1108,0.0,1544.6539,1546.1309,1547.657,1549.2302,0.0
1109,0.0,1544.6523,1546.1309,1547.6578,1549.231,0.0
1110,0.0,1544.6531,1546.1301,1547.657,1549.2302,0.0
1111,0.0,1544.6539,1546.1309,1547.6586,1549.2286,0.0
1112,0.0,1544.6539,1546.1317,1547.6578,1549.2302,0.0
1113,0.0,1544.6547,1546.1309,1547.6578,1549.231,0.0
1114,0.0,1544.6547,1546.1309,1547.6578,1549.2286,0.0
1115,0.0,1544.6563,1546.1317,1547.6578,1549.2302,0.0
1116,0.0,1544.6539,1546.1309,1547.6594,1549.2302,0.0
1117,0.0,1544.6539,1546.1309,1547.657,1549.2294,0.0
1118,0.0,1544.6547,1546.1301,1547.6578,1549.2302,0.0
1119,0.0,1544.6547,1546.1317,1547.6594,1549.2294,0.0
1120,0.0,1544.6547,1546.1309,1547.6578,1549.2302,0.0
1121,0.0,1544.6547,1546.1301,1547.6578,1549.231,0.0
1122,0.0,1544.6555,1546.1317,1547.6594,1549.231,0.0
1123,0.0,1544.6555,1546.1317,1547.6594,1549.2286,0.0
1124,0.0,1544.6539,1546.1309,1547.6594,1549.2294,0.0
1125,0.0,1544.6539,1546.1333,1547.6586,1549.2286,0.0
1126,0.0,1544.6555,1546.1309,1547.6586,1549.2294,0.0
1127,0.0,1544.6547,1546.1317,1547.6602,1549.2294,0.0
1128,0.0,1544.6555,1546.1309,1547.661,1549.2294,0.0
1129,0.0,1544.6539,1546.1325,1547.661,1549.2286,0.0
1130,0.0,1544.6539,1546.1317,1547.6602,1549.2286,0.0
1131,0.0,1544.6563,1546.1317,1547.6594,1549.2302,0.0
1132,0.0,1544.6547,1546.1285,1547.6594,1549.2302,0.0
1133,0.0,1544.6539,1546.1325,1547.6586,1549.2294,0.0
1134,0.0,1544.6539,1546.1325,1547.6594,1549.2294,0.0
1135,0.0,1544.6547,1546.1309,1547.6602,1549.2294,0.0
1136,0.0,1544.6539,1546.1317,1547.6578,1549.2302,0.0
1137,0.0,1544.6531,1546.1309,1547.6578,1549.2294,0.0
1138,0.0,1544.6531,1546.1325,1547.6578,1549.2302,0.0
1139,0.0,1544.6539,1546.1325,1547.6578,1549.2294,0.0
1140,0.0,1544.6523,1546.1317,1547.6578,1549.2294,0.0
1141,0.0,1544.6547,1546.1309,1547.6578,1549.2302,0.0
1142,0.0,1544.6539,1546.1325,1547.6578,1549.2294,0.0
1143,0.0,1544.6547,1546.1309,1547.6578,1549.2286,0.0
1144,0.0,1544.6547,1546.1317,1547.6562,1549.2286,0.0
1145,0.0,1544.6539,1546.1317,1547.6578,1549.2294,0.0
1146,0.0,1544.6547,1546.1309,1547.657,1549.2278,0.0
1147,0.0,1544.6563,1546.1309,1547.6578,1549.2286,0.0
1148,0.0,1544.6547,1546.1309,1547.6578,1549.2302,0.0
1149,0.0,1544.6531,1546.1309,1547.657,1549.2286,0.0
1150,0.0,1544.6539,1546.1317,1547.657,1549.2294,0.0
1151,0.0,1544.6539,1546.1309,1547.6578,1549.2286,0.0
1152,0.0,1544.6531,1546.1309,1547.6578,1549.2294,0.0
1153,0.0,1544.6539,1546.1309,1547.6578,1549.2278,0.0
1154,0.0,1544.6539,1546.1317,1547.657,1549.2278,0.0
1155,0.0,1544.6547,1546.1317,1547.657,1549.2278,0.0
1156,0.0,1544.6531,1546.1309,1547.657,1549.2262,0.0
1157,0.0,1544.6539,1546.1317,1547.657,1549.2286,0.0
1158,0.0,1544.6563,1546.1317,1547.6578,1549.2278,0.0
1159,0.0,1544.6539,1546.1333,1547.6578,1549.2294,0.0
1160,0.0,1544.6547,1546.1325,1547.657,1549.2278,0.0
1161,0.0,1544.6531,1546.1325,1547.657,1549.2286,0.0
1162,0.0,1544.6539,1546.1325,1547.657,1549.2286,0.0
1163,0.0,1544.6531,1546.1317,1547.6578,1549.2278,0.0
1164,0.0,1544.6539,1546.1317,1547.6578,1549.2278,0.0
1165,0.0,1544.6547,1546.1317,1547.657,1549.2278,0.0
1166,0.0,1544.6539,1546.1317,1547.657,1549.2278,0.0
1167,0.0,1544.6547,1546.1317,1547.657,1549.2278,0.0
1168,0.0,1544.6539,1546.1317,1547.657,1549.2278,0.0
1169,0.0,1544.6539,1546.1301,1547.657,1549.2278,0.0
1170,0.0,1544.6555,1546.1309,1547.6586,1549.227,0.0
1171,0.0,1544.6523,1546.1317,1547.6586,1549.2262,0.0
1172,0.0,1544.6523,1546.1309,1547.6586,1549.2262,0.0
1173,0.0,1544.6531,1546.1317,1547.6578,1549.227,0.0
1174,0.0,1544.6523,1546.1317,1547.6578,1549.227,0.0
1175,0.0,1544.6523,1546.1309,1547.6586,1549.227,0.0
1176,0.0,1544.6539,1546.1317,1547.6586,1549.227,0.0
1177,0.0,1544.6539,1546.1301,1547.6594,1549.2278,0.0
1178,0.0,1544.6547,1546.1317,1547.6578,1549.2278,0.0
1179,0.0,1544.6539,1546.1309,1547.6578,1549.2286,0.0
1180,0.0,1544.6531,1546.1317,1547.6586,1549.2286,0.0
1181,0.0,1544.6547,1546.1301,1547.6578,1549.2286,0.0
1182,0.0,1544.6539,1546.1309,1547.6578,1549.2286,0.0
1183,0.0,1544.6539,1546.1309,1547.6586,1549.2286,0.0
1184,0.0,1544.6547,1546.1309,1547.6586,1549.2278,0.0
1185,0.0,1544.6547,1546.1293,1547.6562,1549.2278,0.0
1186,0.0,1544.6539,1546.1301,1547.6578,1549.2286,0.0
1187,0.0,1544.6539,1546.1309,1547.6578,1549.2294,0.0
1188,0.0,1544.6547,1546.1317,1547.6578,1549.2302,0.0
1189,0.0,1544.6547,1546.1301,1547.6578,1549.231,0.0
1190,0.0,1544.6539,1546.1301,1547.6578,1549.2302,0.0
1191,0.0,1544.6555,1546.1301,1547.6578,1549.231,0.0
1192,0.0,1544.6555,1546.1301,1547.6594,1549.231,0.0
1193,0.0,1544.6547,1546.1309,1547.6586,1549.2286,0.0
1194,0.0,1544.6539,1546.1309,1547.6578,1549.2302,0.0
1195,0.0,1544.6547,1546.1309,1547.6578,1549.2294,0.0
1196,0.0,1544.6555,1546.1301,1547.6594,1549.2294,0.0
1197,0.0,1544.6563,1546.1301,1547.6594,1549.2302,0.0
1198,0.0,1544.6555,1546.1309,1547.6594,1549.2302,0.0
1199,0.0,1544.6555,1546.1301,1547.6594,1549.2294,0.0
