,time,ctwl/nm,notch/dB,reflection/%
0,2022-07-11 18:31:22,1535.9542,48.254,99.9985
1,2022-07-11 18:32:51,1536.1737,48.2,99.9985
2,2022-07-11 18:34:20,1537.2815,48.186,99.9985
3,2022-07-11 18:35:48,1538.3400,45.866,99.9974
4,2022-07-11 18:37:17,1539.6822,38.096,99.9845
5,2022-07-11 18:38:46,1541.3198,31.308,99.9260
6,2022-07-11 18:40:14,1543.1888,24.465,99.6423
7,2022-07-11 18:41:43,1544.9542,15.512,97.1894
8,2022-07-11 18:43:11,1546.0792,13.249,95.2674
9,2022-07-11 18:44:40,1546.4817,11.258,92.5149
10,2022-07-11 18:46:09,1546.6632,9.924,89.8235
11,2022-07-11 18:47:37,1546.7359,8.928,87.2003
12,2022-07-11 18:49:06,1546.7696,8.155,84.7067
13,2022-07-11 18:50:35,1546.7881,7.518,82.2908
14,2022-07-11 18:52:03,1546.8021,6.958,79.8535
15,2022-07-11 18:53:32,1546.8069,6.466,77.4368
16,2022-07-11 18:55:01,1546.8125,6.027,75.0368
17,2022-07-11 18:56:29,1546.8208,5.626,72.6221
18,2022-07-11 18:57:58,1546.8309,5.2540000000000004,70.1737
19,2022-07-11 18:59:27,1546.8433,4.912,67.7299
20,2022-07-11 19:00:55,1546.8554,4.589,65.2384
21,2022-07-11 19:02:24,1546.8659,4.287,62.7351
22,2022-07-11 19:03:53,1546.8785,3.998,60.1709
23,2022-07-11 19:05:21,1546.8882,3.728,57.6162
24,2022-07-11 19:06:50,1546.8985,3.471,55.0324
25,2022-07-11 19:08:18,1546.9082,3.222,52.3788
26,2022-07-11 19:09:47,1546.8838,2.995,49.8235
27,2022-07-11 19:11:16,1546.8952,2.7760000000000002,47.2284
28,2022-07-11 19:12:44,1546.9086,2.565,44.6012
29,2022-07-11 19:14:13,1546.9227,2.3689999999999998,42.0438
30,2022-07-11 19:15:42,1546.9350,2.189,39.5912
31,2022-07-11 19:17:10,1546.9475,2.016,37.1363
32,2022-07-11 19:18:39,1546.9586,1.8559999999999999,34.7771
33,2022-07-11 19:20:08,1546.9743,1.701,32.4073
34,2022-07-11 19:21:36,1546.9852,1.553,30.0641
35,2022-07-11 19:23:05,1546.9970,1.415,27.8062
36,2022-07-11 19:24:34,1547.0095,1.285,25.6125
37,2022-07-11 19:26:02,1547.0241,1.168,23.5812
38,2022-07-11 19:27:31,1547.0370,1.058,21.6209
39,2022-07-11 19:29:00,1547.0523,0.955,19.7398
40,2022-07-11 19:30:29,1547.0606,0.856,17.8893
41,2022-07-11 19:31:57,1547.0603,0.766,16.1699
42,2022-07-11 19:33:26,1547.0772,0.6799999999999999,14.4933
43,2022-07-11 19:34:54,1547.0867,0.601,12.9237
44,2022-07-11 19:36:23,1547.1070,0.527,11.4273
45,2022-07-11 19:37:52,1547.1226,0.46299999999999997,10.1124
46,2022-07-11 19:39:21,1547.1358,0.408,8.9668
47,2022-07-11 19:40:49,1547.1499,0.359,7.9338
48,2022-07-11 19:42:18,1547.1596,0.305,6.7820
49,2022-07-11 19:43:47,1547.1731,0.263,5.8761
50,2022-07-11 19:45:15,1547.1829,0.222,4.9833
51,2022-07-11 19:46:44,1547.1970,0.184,4.1483
52,2022-07-11 19:48:13,1547.1840,0.16,3.6171
53,2022-07-11 19:49:41,1547.1947,0.136,3.0830
54,2022-07-11 19:51:10,1547.0595,0.127,2.8819
55,2022-07-11 19:52:39,1546.6291,0.10700000000000001,2.4337
56,2022-07-11 19:54:07,1546.2960,0.10500000000000001,2.3887
57,2022-07-11 19:55:36,1546.9853,0.10700000000000001,2.4337
58,2022-07-11 19:57:05,1547.2442,0.099,2.2538
59,2022-07-11 19:58:33,1544.3717,0.08900000000000001,2.0284
60,2022-07-11 20:00:02,1544.3745,0.09000000000000001,2.0510
61,2022-07-11 20:01:31,1544.3751,0.09300000000000001,2.1186
62,2022-07-11 20:03:00,1544.3721,0.09100000000000001,2.0736
63,2022-07-11 20:04:28,1544.2825,0.09200000000000001,2.0961
64,2022-07-11 20:05:57,1547.3348,0.09800000000000002,2.2313
65,2022-07-11 20:07:25,1547.3353,0.10800000000000003,2.4561
66,2022-07-11 20:08:54,1547.3396,0.12000000000000002,2.7253
67,2022-07-11 20:10:23,1547.3459,0.13400000000000004,3.0383
68,2022-07-11 20:11:52,1547.3568,0.15000000000000002,3.3949
69,2022-07-11 20:13:20,1547.3570,0.16900000000000004,3.8166
70,2022-07-11 20:14:49,1547.3696,0.18600000000000003,4.1924
71,2022-07-11 20:16:18,1547.3895,0.20700000000000005,4.6545
72,2022-07-11 20:17:46,1547.3990,0.22700000000000004,5.0926
73,2022-07-11 20:19:15,1547.4037,0.25600000000000006,5.7242
74,2022-07-11 20:20:44,1547.4098,0.278,6.2006
75,2022-07-11 20:22:13,1547.4158,0.30900000000000005,6.8678
76,2022-07-11 20:23:41,1547.4192,0.33,7.3170
77,2022-07-11 20:25:10,1547.4227,0.36100000000000004,7.9762
78,2022-07-11 20:26:39,1547.4337,0.39300000000000007,8.6518
79,2022-07-11 20:28:07,1547.4442,0.41800000000000004,9.1761
80,2022-07-11 20:29:36,1547.4429,0.44900000000000007,9.8221
81,2022-07-11 20:31:05,1547.4524,0.47600000000000003,10.3810
82,2022-07-11 20:32:34,1547.4617,0.49900000000000005,10.8544
83,2022-07-11 20:34:02,1547.4607,0.5319999999999999,11.5292
84,2022-07-11 20:35:31,1547.4768,0.5579999999999999,12.0573
85,2022-07-11 20:37:00,1547.4858,0.592,12.7431
86,2022-07-11 20:38:28,1547.4953,0.622,13.3437
87,2022-07-11 20:39:57,1547.5019,0.6499999999999999,13.9006
88,2022-07-11 20:41:26,1547.5069,0.6839999999999999,14.5720
89,2022-07-11 20:42:55,1547.5146,0.717,15.2187
90,2022-07-11 20:44:23,1547.5206,0.75,15.8605
91,2022-07-11 20:45:52,1547.5265,0.7809999999999999,16.4589
92,2022-07-11 20:47:21,1547.5317,0.8119999999999999,17.0531
93,2022-07-11 20:48:49,1547.5047,0.836,17.5102
94,2022-07-11 20:50:18,1547.5155,0.868,18.1158
95,2022-07-11 20:51:47,1547.5263,0.8959999999999999,18.6420
96,2022-07-11 20:53:16,1547.5388,0.9289999999999999,19.2579
97,2022-07-11 20:54:44,1547.5490,0.955,19.7398
98,2022-07-11 20:56:13,1547.5571,0.979,20.1822
99,2022-07-11 20:57:42,1547.5512,1.008,20.7134
100,2022-07-11 20:59:10,1547.5627,1.031,21.1322
101,2022-07-11 21:00:39,1547.5705,1.053,21.5307
102,2022-07-11 21:02:08,1547.5757,1.085,22.1067
103,2022-07-11 21:03:37,1547.5803,1.1079999999999999,22.5181
104,2022-07-11 21:05:06,1547.5857,1.134,22.9806
105,2022-07-11 21:06:34,1547.5904,1.162,23.4756
106,2022-07-11 21:08:03,1547.5912,1.188,23.9323
107,2022-07-11 21:09:32,1547.5977,1.217,24.4386
108,2022-07-11 21:11:00,1547.6024,1.2389999999999999,24.8204
109,2022-07-11 21:12:29,1547.5751,1.256,25.1141
110,2022-07-11 21:13:58,1547.5809,1.28,25.5268
111,2022-07-11 21:15:27,1547.5794,1.302,25.9031
112,2022-07-11 21:16:55,1547.5765,1.321,26.2266
113,2022-07-11 21:18:24,1547.5010,1.355,26.8019
114,2022-07-11 21:19:53,1547.7195,1.379,27.2053
115,2022-07-11 21:21:22,1547.7502,1.4,27.5564
116,2022-07-11 21:22:50,1547.7765,1.418,27.8560
117,2022-07-11 21:24:19,1547.7322,1.444,28.2867
118,2022-07-11 21:25:48,1547.7159,1.467,28.6654
119,2022-07-11 21:27:17,1547.7163,1.486,28.9768
120,2022-07-11 21:28:45,1547.7136,1.503,29.2543
121,2022-07-11 21:30:14,1547.7171,1.518,29.4982
122,2022-07-11 21:31:43,1547.7189,1.535,29.7737
123,2022-07-11 21:33:12,1547.7180,1.553,30.0641
124,2022-07-11 21:34:40,1547.7247,1.568,30.3053
125,2022-07-11 21:36:09,1547.7305,1.583,30.5456
126,2022-07-11 21:37:38,1547.7273,1.5979999999999999,30.7850
127,2022-07-11 21:39:07,1547.7275,1.611,30.9919
128,2022-07-11 21:40:35,1547.7358,1.623,31.1823
129,2022-07-11 21:42:04,1547.7357,1.635,31.3722
130,2022-07-11 21:43:33,1547.7345,1.646,31.5458
131,2022-07-11 21:45:02,1547.7396,1.66,31.7661
132,2022-07-11 21:46:31,1547.7401,1.669,31.9074
133,2022-07-11 21:47:59,1547.7423,1.678,32.0484
134,2022-07-11 21:49:28,1547.7469,1.688,32.2046
135,2022-07-11 21:50:57,1547.7487,1.7,32.3917
136,2022-07-11 21:52:25,1547.7456,1.71,32.5472
137,2022-07-11 21:53:54,1547.7555,1.7229999999999999,32.7488
138,2022-07-11 21:55:23,1547.7561,1.728,32.8262
139,2022-07-11 21:56:52,1547.7572,1.7389999999999999,32.9961
140,2022-07-11 21:58:21,1547.7619,1.746,33.1040
141,2022-07-11 21:59:49,1547.7624,1.756,33.2579
142,2022-07-11 22:01:18,1547.7629,1.765,33.3960
143,2022-07-11 22:02:47,1547.7698,1.772,33.5033
144,2022-07-11 22:04:16,1547.7694,1.782,33.6563
145,2022-07-11 22:05:45,1547.7716,1.792,33.8088
146,2022-07-11 22:07:13,1547.7758,1.798,33.9002
147,2022-07-11 22:08:42,1547.7768,1.809,34.0674
148,2022-07-11 22:10:11,1547.7771,1.813,34.1281
149,2022-07-11 22:11:40,1547.7807,1.8199999999999998,34.2342
150,2022-07-11 22:13:08,1547.7846,1.8279999999999998,34.3552
151,2022-07-11 22:14:37,1547.7837,1.829,34.3704
152,2022-07-11 22:16:06,1547.7896,1.837,34.4911
153,2022-07-11 22:17:35,1547.7926,1.843,34.5816
154,2022-07-11 22:19:04,1547.7917,1.847,34.6418
155,2022-07-11 22:20:32,1547.7945,1.853,34.7320
156,2022-07-11 22:22:01,1547.7971,1.856,34.7771
157,2022-07-11 22:23:30,1547.7982,1.86,34.8372
158,2022-07-11 22:24:59,1547.8003,1.866,34.9271
159,2022-07-11 22:26:28,1547.8041,1.869,34.9721
160,2022-07-11 22:27:57,1547.8040,1.875,35.0618
161,2022-07-11 22:29:25,1547.8071,1.8780000000000001,35.1067
162,2022-07-11 22:30:54,1547.8111,1.8820000000000001,35.1664
163,2022-07-11 22:32:23,1547.8085,1.8840000000000001,35.1963
164,2022-07-11 22:33:52,1547.8126,1.8880000000000001,35.2559
165,2022-07-11 22:35:20,1547.8174,1.8900000000000001,35.2857
166,2022-07-11 22:36:49,1547.8151,1.895,35.3602
167,2022-07-11 22:38:18,1547.8194,1.8980000000000001,35.4048
168,2022-07-11 22:39:47,1547.8210,1.899,35.4197
169,2022-07-11 22:41:16,1547.8199,1.9020000000000001,35.4643
170,2022-07-11 22:42:44,1547.8238,1.903,35.4792
171,2022-07-11 22:44:13,1547.8287,1.9060000000000001,35.5237
172,2022-07-11 22:45:42,1547.8271,1.905,35.5089
173,2022-07-11 22:47:11,1547.8324,1.9040000000000001,35.4940
174,2022-07-11 22:48:40,1547.8370,1.9060000000000001,35.5237
175,2022-07-11 22:50:08,1547.8327,1.9100000000000001,35.5831
176,2022-07-11 22:51:37,1547.8370,1.909,35.5682
177,2022-07-11 22:53:06,1547.8420,1.909,35.5682
178,2022-07-11 22:54:35,1547.8377,1.9100000000000001,35.5831
179,2022-07-11 22:56:04,1547.8417,1.909,35.5682
180,2022-07-11 22:57:33,1547.8459,1.913,35.6276
181,2022-07-11 22:59:01,1547.8441,1.913,35.6276
182,2022-07-11 23:00:30,1547.8464,1.913,35.6276
183,2022-07-11 23:01:59,1547.8510,1.915,35.6572
184,2022-07-11 23:03:28,1547.8466,1.913,35.6276
185,2022-07-11 23:04:56,1547.8500,1.915,35.6572
186,2022-07-11 23:06:25,1547.8572,1.9140000000000001,35.6424
187,2022-07-11 23:07:54,1547.8545,1.9160000000000001,35.6720
188,2022-07-11 23:09:23,1547.8570,1.9160000000000001,35.6720
189,2022-07-11 23:10:52,1547.8590,1.919,35.7164
190,2022-07-11 23:12:20,1547.8590,1.918,35.7016
191,2022-07-11 23:13:49,1547.8606,1.919,35.7164
192,2022-07-11 23:15:18,1547.8631,1.9200000000000002,35.7312
193,2022-07-11 23:16:47,1547.8631,1.917,35.6868
194,2022-07-11 23:18:16,1547.8645,1.917,35.6868
195,2022-07-11 23:19:45,1547.8673,1.921,35.7460
196,2022-07-11 23:21:13,1547.8680,1.922,35.7608
197,2022-07-11 23:22:42,1547.8707,1.921,35.7460
198,2022-07-11 23:24:11,1547.8712,1.919,35.7164
199,2022-07-11 23:25:40,1547.8713,1.9180000000000001,35.7016
200,2022-07-11 23:27:09,1547.8728,1.9180000000000001,35.7016
201,2022-07-11 23:28:38,1547.8783,1.921,35.7460
202,2022-07-11 23:30:06,1547.8769,1.9200000000000002,35.7312
203,2022-07-11 23:31:35,1547.8772,1.9200000000000002,35.7312
204,2022-07-11 23:33:04,1547.8807,1.9180000000000001,35.7016
205,2022-07-11 23:34:33,1547.8798,1.9200000000000002,35.7312
206,2022-07-11 23:36:02,1547.8810,1.915,35.6572
207,2022-07-11 23:37:30,1547.8858,1.915,35.6572
208,2022-07-11 23:38:59,1547.8839,1.915,35.6572
209,2022-07-11 23:40:28,1547.8879,1.915,35.6572
210,2022-07-11 23:41:57,1547.8889,1.9140000000000001,35.6424
211,2022-07-11 23:43:26,1547.8869,1.9080000000000001,35.5534
212,2022-07-11 23:44:55,1547.8918,1.911,35.5979
213,2022-07-11 23:46:23,1547.8925,1.9120000000000001,35.6127
214,2022-07-11 23:47:52,1547.8923,1.909,35.5682
215,2022-07-11 23:49:21,1547.8947,1.905,35.5089
216,2022-07-11 23:50:50,1547.8973,1.905,35.5089
217,2022-07-11 23:52:19,1547.8972,1.9060000000000001,35.5237
218,2022-07-11 23:53:48,1547.8984,1.905,35.5089
219,2022-07-11 23:55:17,1547.9005,1.9040000000000001,35.4940
220,2022-07-11 23:56:45,1547.8991,1.9000000000000001,35.4346
221,2022-07-11 23:58:14,1547.9010,1.8980000000000001,35.4048
222,2022-07-11 23:59:43,1547.9039,1.897,35.3900
223,2022-07-12 00:01:12,1547.9019,1.8940000000000001,35.3453
224,2022-07-12 00:02:41,1547.9047,1.8940000000000001,35.3453
225,2022-07-12 00:04:10,1547.9093,1.893,35.3304
226,2022-07-12 00:05:38,1547.9083,1.891,35.3006
227,2022-07-12 00:07:07,1547.9085,1.8880000000000001,35.2559
228,2022-07-12 00:08:36,1547.9120,1.8880000000000001,35.2559
229,2022-07-12 00:10:05,1547.9116,1.8860000000000001,35.2261
230,2022-07-12 00:11:34,1547.9138,1.881,35.1515
231,2022-07-12 00:13:03,1547.9178,1.881,35.1515
232,2022-07-12 00:14:32,1547.9142,1.8800000000000001,35.1366
233,2022-07-12 00:16:00,1547.9149,1.879,35.1216
234,2022-07-12 00:17:29,1547.9182,1.875,35.0618
235,2022-07-12 00:18:58,1547.8759,1.8780000000000001,35.1067
236,2022-07-12 00:20:27,1547.6300,1.873,35.0319
237,2022-07-12 00:21:56,1547.3307,1.872,35.0170
238,2022-07-12 00:23:25,1547.0446,1.873,35.0319
239,2022-07-12 00:24:54,1546.7886,1.869,34.9721
240,2022-07-12 00:26:23,1546.5618,1.858,34.8071
241,2022-07-12 00:27:51,1546.3580,1.856,34.7771
242,2022-07-12 00:29:20,1546.1728,1.846,34.6268
243,2022-07-12 00:30:49,1546.0103,1.847,34.6418
244,2022-07-12 00:32:18,1545.8598,1.847,34.6418
245,2022-07-12 00:33:47,1545.7110,1.839,34.5213
246,2022-07-12 00:35:16,1545.5817,1.842,34.5665
247,2022-07-12 00:36:45,1545.4602,1.838,34.5062
248,2022-07-12 00:38:14,1545.3380,1.836,34.4761
249,2022-07-12 00:39:42,1545.2308,1.832,34.4157
250,2022-07-12 00:41:12,1545.1235,1.83,34.3855
251,2022-07-12 00:42:40,1545.0196,1.836,34.4761
252,2022-07-12 00:44:09,1544.9225,1.838,34.5062
253,2022-07-12 00:45:38,1544.8297,1.829,34.3704
254,2022-07-12 00:47:07,1544.7365,1.831,34.4006
255,2022-07-12 00:48:36,1544.6511,1.833,34.4308
256,2022-07-12 00:50:05,1544.5674,1.833,34.4308
257,2022-07-12 00:51:34,1544.4835,1.824,34.2948
258,2022-07-12 00:53:03,1544.4059,1.824,34.2948
259,2022-07-12 00:54:31,1544.3283,1.819,34.2191
260,2022-07-12 00:56:00,1544.2531,1.819,34.2191
261,2022-07-12 00:57:29,1544.1781,1.827,34.3401
262,2022-07-12 00:58:58,1544.1069,1.819,34.2191
263,2022-07-12 01:00:27,1544.0356,1.819,34.2191
264,2022-07-12 01:01:56,1543.9686,1.819,34.2191
265,2022-07-12 01:03:25,1543.9034,1.821,34.2494
266,2022-07-12 01:04:54,1543.8373,1.815,34.1585
267,2022-07-12 01:06:23,1543.7737,1.8110000000000002,34.0978
268,2022-07-12 01:07:51,1543.7153,1.811,34.0978
269,2022-07-12 01:09:20,1543.6515,1.81,34.0826
270,2022-07-12 01:10:49,1543.5917,1.804,33.9915
271,2022-07-12 01:12:18,1543.5348,1.8090000000000002,34.0674
272,2022-07-12 01:13:47,1543.4744,1.806,34.0219
273,2022-07-12 01:15:16,1543.4157,1.807,34.0371
274,2022-07-12 01:16:45,1543.3624,1.8050000000000002,34.0067
275,2022-07-12 01:18:14,1543.3040,1.8030000000000002,33.9763
276,2022-07-12 01:19:43,1543.2509,1.808,34.0522
277,2022-07-12 01:21:11,1543.1990,1.799,33.9154
278,2022-07-12 01:22:40,1543.1473,1.799,33.9154
279,2022-07-12 01:24:09,1543.0928,1.8,33.9307
280,2022-07-12 01:25:38,1543.0457,1.795,33.8545
281,2022-07-12 01:27:07,1542.9944,1.794,33.8393
282,2022-07-12 01:28:36,1542.9446,1.789,33.7631
283,2022-07-12 01:30:05,1542.8985,1.791,33.7936
284,2022-07-12 01:31:34,1542.8529,1.788,33.7478
285,2022-07-12 01:33:03,1542.8026,1.789,33.7631
286,2022-07-12 01:34:32,1542.7601,1.778,33.5951
287,2022-07-12 01:36:01,1542.7109,1.786,33.7173
288,2022-07-12 01:37:30,1542.6623,1.778,33.5951
289,2022-07-12 01:38:58,1542.6180,1.783,33.6715
290,2022-07-12 01:40:27,1542.5733,1.779,33.6104
291,2022-07-12 01:41:56,1542.5272,1.783,33.6715
292,2022-07-12 01:43:25,1542.4838,1.773,33.5186
293,2022-07-12 01:44:54,1542.4423,1.776,33.5645
294,2022-07-12 01:46:23,1542.3985,1.772,33.5033
295,2022-07-12 01:47:52,1542.3586,1.772,33.5033
296,2022-07-12 01:49:21,1542.3182,1.775,33.5492
297,2022-07-12 01:50:50,1542.2741,1.771,33.4880
298,2022-07-12 01:52:19,1542.2354,1.772,33.5033
299,2022-07-12 01:53:48,1542.1965,1.771,33.4880
300,2022-07-12 01:55:17,1542.1551,1.774,33.5339
301,2022-07-12 01:56:46,1542.1191,1.768,33.4420
302,2022-07-12 01:58:15,1542.0787,1.767,33.4267
303,2022-07-12 01:59:44,1542.0396,1.775,33.5492
304,2022-07-12 02:01:12,1542.0019,1.768,33.4420
305,2022-07-12 02:02:41,1541.9657,1.774,33.5339
306,2022-07-12 02:04:11,1541.9256,1.772,33.5033
307,2022-07-12 02:05:39,1541.8909,1.773,33.5186
308,2022-07-12 02:07:08,1541.8556,1.776,33.5645
309,2022-07-12 02:08:37,1541.8133,1.774,33.5339
310,2022-07-12 02:10:06,1541.7797,1.775,33.5492
311,2022-07-12 02:11:35,1541.7450,1.766,33.4114
312,2022-07-12 02:13:04,1541.7027,1.773,33.5186
313,2022-07-12 02:14:33,1541.6745,1.771,33.4880
314,2022-07-12 02:16:02,1541.6384,1.767,33.4267
315,2022-07-12 02:17:31,1541.6030,1.774,33.5339
316,2022-07-12 02:19:00,1541.5728,1.768,33.4420
317,2022-07-12 02:20:29,1541.5387,1.765,33.3960
318,2022-07-12 02:21:58,1541.5027,1.773,33.5186
319,2022-07-12 02:23:27,1541.4708,1.764,33.3807
320,2022-07-12 02:24:56,1541.4372,1.764,33.3807
321,2022-07-12 02:26:25,1541.4040,1.769,33.4574
322,2022-07-12 02:27:54,1541.3743,1.765,33.3960
323,2022-07-12 02:29:23,1541.3424,1.764,33.3807
324,2022-07-12 02:30:51,1541.3081,1.766,33.4114
325,2022-07-12 02:32:20,1541.2794,1.758,33.2886
326,2022-07-12 02:33:49,1541.2471,1.761,33.3347
327,2022-07-12 02:35:19,1541.2147,1.766,33.4114
328,2022-07-12 02:36:47,1541.1863,1.758,33.2886
329,2022-07-12 02:38:16,1541.1539,1.762,33.3500
330,2022-07-12 02:39:45,1541.1246,1.762,33.3500
331,2022-07-12 02:41:14,1541.0966,1.758,33.2886
332,2022-07-12 02:42:43,1541.0651,1.761,33.3347
333,2022-07-12 02:44:12,1541.0329,1.761,33.3347
334,2022-07-12 02:45:41,1541.0065,1.756,33.2579
335,2022-07-12 02:47:10,1540.9755,1.759,33.3040
336,2022-07-12 02:48:39,1540.9460,1.76,33.3193
337,2022-07-12 02:50:08,1540.9199,1.757,33.2732
338,2022-07-12 02:51:37,1540.8882,1.756,33.2579
339,2022-07-12 02:53:06,1540.8608,1.762,33.3500
340,2022-07-12 02:54:35,1540.8336,1.754,33.2271
341,2022-07-12 02:56:04,1540.8035,1.756,33.2579
342,2022-07-12 02:57:33,1540.7768,1.759,33.3040
343,2022-07-12 02:59:02,1540.7521,1.756,33.2579
344,2022-07-12 03:00:31,1540.7223,1.754,33.2271
345,2022-07-12 03:02:00,1540.6954,1.755,33.2425
346,2022-07-12 03:03:29,1540.6709,1.756,33.2579
347,2022-07-12 03:04:58,1540.6436,1.755,33.2425
348,2022-07-12 03:06:27,1540.6166,1.754,33.2271
349,2022-07-12 03:07:56,1540.5926,1.754,33.2271
350,2022-07-12 03:09:25,1540.5655,1.754,33.2271
351,2022-07-12 03:10:54,1540.5402,1.751,33.1810
352,2022-07-12 03:12:23,1540.5169,1.75,33.1656
353,2022-07-12 03:13:52,1540.4870,1.756,33.2579
354,2022-07-12 03:15:21,1540.4633,1.751,33.1810
355,2022-07-12 03:16:50,1540.4423,1.7489999999999999,33.1502
356,2022-07-12 03:18:19,1540.4155,1.755,33.2425
357,2022-07-12 03:19:48,1540.3905,1.752,33.1964
358,2022-07-12 03:21:17,1540.3664,1.7489999999999999,33.1502
359,2022-07-12 03:22:46,1540.3409,1.75,33.1656
360,2022-07-12 03:24:15,1540.3171,1.75,33.1656
361,2022-07-12 03:25:44,1540.2944,1.75,33.1656
362,2022-07-12 03:27:16,1540.2654,1.7489999999999999,33.1502
363,2022-07-12 03:28:45,1540.2427,1.746,33.1040
364,2022-07-12 03:30:14,1540.2212,1.7449999999999999,33.0886
365,2022-07-12 03:31:43,1540.1932,1.744,33.0732
366,2022-07-12 03:33:12,1540.1725,1.742,33.0424
367,2022-07-12 03:34:41,1540.1489,1.7409999999999999,33.0270
368,2022-07-12 03:36:10,1540.1247,1.744,33.0732
369,2022-07-12 03:37:39,1540.1036,1.74,33.0115
370,2022-07-12 03:39:08,1540.0836,1.7409999999999999,33.0270
371,2022-07-12 03:40:37,1540.0589,1.744,33.0732
372,2022-07-12 03:42:06,1540.0385,1.7409999999999999,33.0270
373,2022-07-12 03:43:35,1540.0136,1.744,33.0732
374,2022-07-12 03:45:04,1539.9922,1.744,33.0732
375,2022-07-12 03:46:33,1539.9717,1.742,33.0424
376,2022-07-12 03:48:02,1539.9477,1.744,33.0732
377,2022-07-12 03:49:31,1539.9277,1.742,33.0424
378,2022-07-12 03:51:00,1539.9073,1.7429999999999999,33.0578
379,2022-07-12 03:52:29,1539.8873,1.7409999999999999,33.0270
380,2022-07-12 03:53:58,1539.8643,1.7409999999999999,33.0270
381,2022-07-12 03:55:27,1539.8441,1.74,33.0115
382,2022-07-12 03:56:56,1539.8219,1.742,33.0424
383,2022-07-12 03:58:26,1539.8013,1.738,32.9807
384,2022-07-12 03:59:55,1539.7831,1.7409999999999999,33.0270
385,2022-07-12 04:01:23,1539.7591,1.742,33.0424
386,2022-07-12 04:02:52,1539.7409,1.742,33.0424
387,2022-07-12 04:04:21,1539.7244,1.7409999999999999,33.0270
388,2022-07-12 04:05:50,1539.7013,1.74,33.0115
389,2022-07-12 04:07:19,1539.6819,1.736,32.9498
390,2022-07-12 04:08:49,1539.6643,1.7389999999999999,32.9961
391,2022-07-12 04:10:18,1539.6421,1.737,32.9652
392,2022-07-12 04:11:47,1539.6243,1.7369999999999999,32.9652
393,2022-07-12 04:13:16,1539.6062,1.736,32.9498
394,2022-07-12 04:14:45,1539.5841,1.7409999999999999,33.0270
395,2022-07-12 04:16:14,1539.5663,1.7389999999999999,32.9961
396,2022-07-12 04:17:43,1539.5491,1.7409999999999999,33.0270
397,2022-07-12 04:19:12,1539.5268,1.738,32.9807
398,2022-07-12 04:20:41,1539.5098,1.737,32.9652
399,2022-07-12 04:22:10,1539.4922,1.738,32.9807
400,2022-07-12 04:23:39,1539.4707,1.736,32.9498
401,2022-07-12 04:25:08,1539.4538,1.735,32.9344
402,2022-07-12 04:26:37,1539.4394,1.735,32.9344
403,2022-07-12 04:28:06,1539.4153,1.733,32.9035
404,2022-07-12 04:29:35,1539.3986,1.734,32.9189
405,2022-07-12 04:31:04,1539.3828,1.737,32.9652
406,2022-07-12 04:32:33,1539.3616,1.735,32.9344
407,2022-07-12 04:34:02,1539.3442,1.731,32.8726
408,2022-07-12 04:35:31,1539.3293,1.731,32.8726
409,2022-07-12 04:37:00,1539.3075,1.733,32.9035
410,2022-07-12 04:38:29,1539.2925,1.733,32.9035
411,2022-07-12 04:39:59,1539.2759,1.736,32.9498
412,2022-07-12 04:41:28,1539.2568,1.732,32.8880
413,2022-07-12 04:42:57,1539.2400,1.73,32.8571
414,2022-07-12 04:44:26,1539.2241,1.735,32.9344
415,2022-07-12 04:45:55,1539.2060,1.732,32.8880
416,2022-07-12 04:47:24,1539.1911,1.734,32.9189
417,2022-07-12 04:48:53,1539.1736,1.733,32.9035
418,2022-07-12 04:50:22,1539.1574,1.732,32.8880
419,2022-07-12 04:51:51,1539.1429,1.731,32.8726
420,2022-07-12 04:53:20,1539.1250,1.73,32.8571
421,2022-07-12 04:54:49,1539.1092,1.736,32.9498
422,2022-07-12 04:56:18,1539.0925,1.734,32.9189
423,2022-07-12 04:57:47,1539.0765,1.733,32.9035
424,2022-07-12 04:59:16,1539.0625,1.734,32.9189
425,2022-07-12 05:00:46,1539.0475,1.735,32.9344
426,2022-07-12 05:02:15,1539.0292,1.735,32.9344
427,2022-07-12 05:03:44,1539.0152,1.732,32.8880
428,2022-07-12 05:05:13,1539.0013,1.732,32.8880
429,2022-07-12 05:06:42,1538.9835,1.731,32.8726
430,2022-07-12 05:08:11,1538.9696,1.73,32.8571
431,2022-07-12 05:09:40,1538.9578,1.73,32.8571
432,2022-07-12 05:11:09,1538.9373,1.728,32.8262
433,2022-07-12 05:12:38,1538.9252,1.729,32.8417
434,2022-07-12 05:14:07,1538.9123,1.731,32.8726
435,2022-07-12 05:15:36,1538.8956,1.731,32.8726
436,2022-07-12 05:17:05,1538.8821,1.729,32.8417
437,2022-07-12 05:18:34,1538.8704,1.731,32.8726
438,2022-07-12 05:20:03,1538.8521,1.727,32.8107
439,2022-07-12 05:21:33,1538.8395,1.731,32.8726
440,2022-07-12 05:23:02,1538.8259,1.73,32.8571
441,2022-07-12 05:24:31,1538.8107,1.732,32.8880
442,2022-07-12 05:26:00,1538.7970,1.729,32.8417
443,2022-07-12 05:27:29,1538.7869,1.728,32.8262
444,2022-07-12 05:28:58,1538.7675,1.73,32.8571
445,2022-07-12 05:30:27,1538.7558,1.728,32.8262
446,2022-07-12 05:31:56,1538.7432,1.731,32.8726
447,2022-07-12 05:33:25,1538.7270,1.73,32.8571
448,2022-07-12 05:34:54,1538.7129,1.729,32.8417
449,2022-07-12 05:36:23,1538.7003,1.727,32.8107
450,2022-07-12 05:37:52,1538.6853,1.725,32.7798
451,2022-07-12 05:39:21,1538.6728,1.726,32.7952
452,2022-07-12 05:40:50,1538.6602,1.725,32.7798
453,2022-07-12 05:42:20,1538.6453,1.726,32.7952
454,2022-07-12 05:43:49,1538.6350,1.725,32.7798
455,2022-07-12 05:45:18,1538.6173,1.727,32.8107
456,2022-07-12 05:46:47,1538.6058,1.727,32.8107
457,2022-07-12 05:48:16,1538.5930,1.726,32.7952
458,2022-07-12 05:49:45,1538.5782,1.724,32.7643
459,2022-07-12 05:51:18,1538.5678,1.726,32.7952
460,2022-07-12 05:52:47,1538.5560,1.728,32.8262
461,2022-07-12 05:54:16,1538.5412,1.729,32.8417
462,2022-07-12 05:55:45,1538.5299,1.728,32.8262
463,2022-07-12 05:57:14,1538.5166,1.727,32.8107
464,2022-07-12 05:58:43,1538.5039,1.726,32.7952
465,2022-07-12 06:00:12,1538.4902,1.723,32.7488
466,2022-07-12 06:01:45,1538.4785,1.721,32.7178
467,2022-07-12 06:03:14,1538.4677,1.725,32.7798
468,2022-07-12 06:04:43,1538.4570,1.726,32.7952
469,2022-07-12 06:06:16,1538.4432,1.724,32.7643
470,2022-07-12 06:07:45,1538.4320,1.723,32.7488
471,2022-07-12 06:09:14,1538.4183,1.724,32.7643
472,2022-07-12 06:10:43,1538.4080,1.723,32.7488
473,2022-07-12 06:12:12,1538.3975,1.721,32.7178
474,2022-07-12 06:13:42,1538.3813,1.722,32.7333
475,2022-07-12 06:15:11,1538.3743,1.721,32.7178
476,2022-07-12 06:16:40,1538.3643,1.722,32.7333
477,2022-07-12 06:18:09,1538.3485,1.723,32.7488
478,2022-07-12 06:19:38,1538.3394,1.725,32.7798
479,2022-07-12 06:21:07,1538.3300,1.722,32.7333
480,2022-07-12 06:22:36,1538.3151,1.722,32.7333
481,2022-07-12 06:24:05,1538.3067,1.722,32.7333
482,2022-07-12 06:25:38,1538.2953,1.723,32.7488
483,2022-07-12 06:27:07,1538.2834,1.723,32.7488
484,2022-07-12 06:28:36,1538.2738,1.722,32.7333
485,2022-07-12 06:30:05,1538.2617,1.722,32.7333
486,2022-07-12 06:31:34,1538.2513,1.72,32.7023
487,2022-07-12 06:33:03,1538.2423,1.719,32.6868
488,2022-07-12 06:34:33,1538.2288,1.717,32.6558
489,2022-07-12 06:36:02,1538.2204,1.718,32.6713
490,2022-07-12 06:37:31,1538.2101,1.718,32.6713
491,2022-07-12 06:39:00,1538.1978,1.719,32.6868
492,2022-07-12 06:40:29,1538.1895,1.718,32.6713
493,2022-07-12 06:41:58,1538.1802,1.72,32.7023
494,2022-07-12 06:43:27,1538.1672,1.718,32.6713
495,2022-07-12 06:44:57,1538.1608,1.719,32.6868
496,2022-07-12 06:46:26,1538.1520,1.718,32.6713
497,2022-07-12 06:47:55,1538.1385,1.718,32.6713
498,2022-07-12 06:49:24,1538.1307,1.719,32.6868
499,2022-07-12 06:50:53,1538.1232,1.722,32.7333
500,2022-07-12 06:52:22,1538.1097,1.715,32.6248
501,2022-07-12 06:53:51,1538.1017,1.718,32.6713
502,2022-07-12 06:55:21,1538.0954,1.721,32.7178
503,2022-07-12 06:56:50,1538.0818,1.72,32.7023
504,2022-07-12 06:58:19,1538.0741,1.72,32.7023
505,2022-07-12 06:59:48,1538.0687,1.723,32.7488
506,2022-07-12 07:01:17,1538.0543,1.721,32.7178
507,2022-07-12 07:02:46,1538.0463,1.721,32.7178
508,2022-07-12 07:04:15,1538.0376,1.718,32.6713
509,2022-07-12 07:05:45,1538.0261,1.719,32.6868
510,2022-07-12 07:07:14,1538.0160,1.722,32.7333
511,2022-07-12 07:08:43,1538.0066,1.719,32.6868
512,2022-07-12 07:10:12,1537.9990,1.723,32.7488
513,2022-07-12 07:11:41,1537.9898,1.719,32.6868
514,2022-07-12 07:13:10,1537.9799,1.718,32.6713
515,2022-07-12 07:14:39,1537.9725,1.718,32.6713
516,2022-07-12 07:16:09,1537.9623,1.72,32.7023
517,2022-07-12 07:17:38,1537.9514,1.719,32.6868
518,2022-07-12 07:19:07,1537.9457,1.717,32.6558
519,2022-07-12 07:20:36,1537.9375,1.717,32.6558
520,2022-07-12 07:22:05,1537.9244,1.719,32.6868
521,2022-07-12 07:23:34,1537.9192,1.72,32.7023
522,2022-07-12 07:25:03,1537.9110,1.719,32.6868
523,2022-07-12 07:26:33,1537.9002,1.718,32.6713
524,2022-07-12 07:28:02,1537.8930,1.715,32.6248
525,2022-07-12 07:29:31,1537.8874,1.718,32.6713
526,2022-07-12 07:31:00,1537.8741,1.716,32.6403
527,2022-07-12 07:32:29,1537.8680,1.718,32.6713
528,2022-07-12 07:33:58,1537.8631,1.716,32.6403
529,2022-07-12 07:35:28,1537.8499,1.715,32.6248
530,2022-07-12 07:36:57,1537.8435,1.717,32.6558
531,2022-07-12 07:38:26,1537.8369,1.717,32.6558
532,2022-07-12 07:39:55,1537.8245,1.714,32.6093
533,2022-07-12 07:41:24,1537.8167,1.715,32.6248
534,2022-07-12 07:42:54,1537.8100,1.716,32.6403
535,2022-07-12 07:44:23,1537.8017,1.716,32.6403
536,2022-07-12 07:45:52,1537.7931,1.716,32.6403
537,2022-07-12 07:47:21,1537.7837,1.716,32.6403
538,2022-07-12 07:48:50,1537.7773,1.714,32.6093
539,2022-07-12 07:50:19,1537.7681,1.713,32.5938
540,2022-07-12 07:51:49,1537.7582,1.714,32.6093
541,2022-07-12 07:53:18,1537.7536,1.713,32.5938
542,2022-07-12 07:54:47,1537.7458,1.709,32.5317
543,2022-07-12 07:56:16,1537.7357,1.712,32.5783
544,2022-07-12 07:57:46,1537.7311,1.713,32.5938
545,2022-07-12 07:59:15,1537.7242,1.711,32.5627
546,2022-07-12 08:00:44,1537.7151,1.71,32.5472
547,2022-07-12 08:02:13,1537.7091,1.709,32.5317
548,2022-07-12 08:03:42,1537.7051,1.712,32.5783
549,2022-07-12 08:05:11,1537.6918,1.714,32.6093
550,2022-07-12 08:06:40,1537.6869,1.713,32.5938
551,2022-07-12 08:08:10,1537.6821,1.715,32.6248
552,2022-07-12 08:09:39,1537.6721,1.715,32.6248
553,2022-07-12 08:11:08,1537.6654,1.712,32.5783
554,2022-07-12 08:12:37,1537.6609,1.713,32.5938
555,2022-07-12 08:14:06,1537.6502,1.715,32.6248
556,2022-07-12 08:15:36,1537.6432,1.713,32.5938
557,2022-07-12 08:17:05,1537.6398,1.715,32.6248
558,2022-07-12 08:18:34,1537.6295,1.714,32.6093
559,2022-07-12 08:20:03,1537.6200,1.715,32.6248
560,2022-07-12 08:21:33,1537.6131,1.714,32.6093
561,2022-07-12 08:23:02,1537.6093,1.712,32.5783
562,2022-07-12 08:24:31,1537.6037,1.714,32.6093
563,2022-07-12 08:26:00,1537.5948,1.712,32.5783
564,2022-07-12 08:27:29,1537.5903,1.713,32.5938
565,2022-07-12 08:28:59,1537.5856,1.713,32.5938
566,2022-07-12 08:30:28,1537.5744,1.714,32.6093
567,2022-07-12 08:31:57,1537.5701,1.714,32.6093
568,2022-07-12 08:33:26,1537.5647,1.713,32.5938
569,2022-07-12 08:34:55,1537.5534,1.718,32.6713
570,2022-07-12 08:36:24,1537.5494,1.716,32.6403
571,2022-07-12 08:37:54,1537.5457,1.718,32.6713
572,2022-07-12 08:39:23,1537.5359,1.716,32.6403
573,2022-07-12 08:40:52,1537.5309,1.717,32.6558
574,2022-07-12 08:42:21,1537.5266,1.717,32.6558
575,2022-07-12 08:43:51,1537.5176,1.715,32.6248
576,2022-07-12 08:45:20,1537.5105,1.714,32.6093
577,2022-07-12 08:46:49,1537.5059,1.714,32.6093
578,2022-07-12 08:48:18,1537.4976,1.715,32.6248
579,2022-07-12 08:49:48,1537.4939,1.713,32.5938
580,2022-07-12 08:51:17,1537.4847,1.715,32.6248
581,2022-07-12 08:52:46,1537.4805,1.715,32.6248
582,2022-07-12 08:54:15,1537.4746,1.711,32.5627
583,2022-07-12 08:55:44,1537.4676,1.712,32.5783
584,2022-07-12 08:57:13,1537.4640,1.713,32.5938
585,2022-07-12 08:58:43,1537.4587,1.713,32.5938
586,2022-07-12 09:00:12,1537.4483,1.713,32.5938
587,2022-07-12 09:01:42,1537.4455,1.712,32.5783
588,2022-07-12 09:03:11,1537.4412,1.715,32.6248
589,2022-07-12 09:04:40,1537.4323,1.715,32.6248
590,2022-07-12 09:06:09,1537.4285,1.714,32.6093
591,2022-07-12 09:07:38,1537.4246,1.715,32.6248
592,2022-07-12 09:09:07,1537.4157,1.714,32.6093
593,2022-07-12 09:10:37,1537.4127,1.711,32.5627
594,2022-07-12 09:12:06,1537.4093,1.71,32.5472
595,2022-07-12 09:13:35,1537.4023,1.712,32.5783
596,2022-07-12 09:15:04,1537.3974,1.71,32.5472
597,2022-07-12 09:16:34,1537.4003,1.712,32.5783
598,2022-07-12 09:18:03,1537.3918,1.711,32.5627
599,2022-07-12 09:19:32,1537.3843,1.709,32.5317
600,2022-07-12 09:21:02,1537.3808,1.709,32.5317
601,2022-07-12 09:22:31,1537.3745,1.711,32.5627
602,2022-07-12 09:24:00,1537.3694,1.709,32.5317
603,2022-07-12 09:25:29,1537.3596,1.709,32.5317
604,2022-07-12 09:26:58,1537.3588,1.708,32.5161
605,2022-07-12 09:28:27,1537.3528,1.707,32.5006
606,2022-07-12 09:29:57,1537.3433,1.708,32.5161
607,2022-07-12 09:31:26,1537.3431,1.708,32.5161
608,2022-07-12 09:32:55,1537.3386,1.708,32.5161
609,2022-07-12 09:34:25,1537.3303,1.709,32.5317
610,2022-07-12 09:35:54,1537.3282,1.708,32.5161
611,2022-07-12 09:37:23,1537.3258,1.711,32.5627
612,2022-07-12 09:38:52,1537.3146,1.707,32.5006
613,2022-07-12 09:40:21,1537.3169,1.707,32.5006
614,2022-07-12 09:41:51,1537.3132,1.709,32.5317
615,2022-07-12 09:43:20,1537.3049,1.707,32.5006
616,2022-07-12 09:44:49,1537.3007,1.713,32.5938
617,2022-07-12 09:46:19,1537.2958,1.709,32.5317
618,2022-07-12 09:47:48,1537.2907,1.71,32.5472
619,2022-07-12 09:49:17,1537.2848,1.71,32.5472
620,2022-07-12 09:50:46,1537.2803,1.713,32.5938
621,2022-07-12 09:52:16,1537.2757,1.711,32.5627
622,2022-07-12 09:53:45,1537.2726,1.709,32.5317
623,2022-07-12 09:55:14,1537.2625,1.713,32.5938
624,2022-07-12 09:56:43,1537.2613,1.71,32.5472
625,2022-07-12 09:58:13,1537.2563,1.708,32.5161
626,2022-07-12 09:59:42,1537.2476,1.709,32.5317
627,2022-07-12 10:01:11,1537.2460,1.712,32.5783
628,2022-07-12 10:02:41,1537.2430,1.714,32.6093
629,2022-07-12 10:04:10,1537.2354,1.712,32.5783
630,2022-07-12 10:05:39,1537.2323,1.711,32.5627
631,2022-07-12 10:07:12,1537.2255,1.711,32.5627
632,2022-07-12 10:08:41,1537.2223,1.709,32.5317
633,2022-07-12 10:10:10,1537.2189,1.71,32.5472
634,2022-07-12 10:11:47,1537.2132,1.708,32.5161
635,2022-07-12 10:13:16,1537.2120,1.709,32.5317
636,2022-07-12 10:14:45,1537.2260,1.708,32.5161
637,2022-07-12 10:16:14,1537.2247,1.708,32.5161
638,2022-07-12 10:17:44,1537.2175,1.708,32.5161
639,2022-07-12 10:19:13,1537.2051,1.703,32.4384
640,2022-07-12 10:20:42,1537.2056,1.705,32.4695
641,2022-07-12 10:22:11,1537.2042,1.705,32.4695
642,2022-07-12 10:23:41,1537.1947,1.707,32.5006
643,2022-07-12 10:25:10,1537.1904,1.707,32.5006
644,2022-07-12 10:26:39,1537.1895,1.709,32.5317
645,2022-07-12 10:28:08,1537.1803,1.709,32.5317
646,2022-07-12 10:29:38,1537.1766,1.709,32.5317
647,2022-07-12 10:31:07,1537.1773,1.71,32.5472
648,2022-07-12 10:32:36,1537.1693,1.71,32.5472
649,2022-07-12 10:34:05,1537.1652,1.709,32.5317
650,2022-07-12 10:35:35,1537.1629,1.711,32.5627
651,2022-07-12 10:37:04,1537.1557,1.706,32.4850
652,2022-07-12 10:38:33,1537.1552,1.707,32.5006
653,2022-07-12 10:40:02,1537.1430,1.702,32.4228
654,2022-07-12 10:41:32,1537.1417,1.702,32.4228
655,2022-07-12 10:43:01,1537.1399,1.702,32.4228
656,2022-07-12 10:44:31,1537.1293,1.701,32.4073
657,2022-07-12 10:46:00,1537.1330,1.702,32.4228
658,2022-07-12 10:47:29,1537.1310,1.701,32.4073
659,2022-07-12 10:48:58,1537.1231,1.701,32.4073
660,2022-07-12 10:50:28,1537.1172,1.7,32.3917
661,2022-07-12 10:51:57,1537.1211,1.701,32.4073
662,2022-07-12 10:53:26,1537.1097,1.702,32.4228
663,2022-07-12 10:54:56,1537.1074,1.701,32.4073
664,2022-07-12 10:56:25,1537.1057,1.702,32.4228
665,2022-07-12 10:57:54,1537.0990,1.701,32.4073
666,2022-07-12 10:59:24,1537.0948,1.701,32.4073
667,2022-07-12 11:00:53,1537.0907,1.703,32.4384
668,2022-07-12 11:02:22,1537.0872,1.703,32.4384
669,2022-07-12 11:03:52,1537.0855,1.703,32.4384
670,2022-07-12 11:05:21,1537.0753,1.703,32.4384
671,2022-07-12 11:06:50,1537.0767,1.701,32.4073
672,2022-07-12 11:08:20,1537.0718,1.704,32.4539
673,2022-07-12 11:09:49,1537.0621,1.704,32.4539
674,2022-07-12 11:11:18,1537.0631,1.703,32.4384
675,2022-07-12 11:12:47,1537.0647,1.703,32.4384
676,2022-07-12 11:14:17,1537.0551,1.704,32.4539
677,2022-07-12 11:15:46,1537.0489,1.699,32.3761
678,2022-07-12 11:17:19,1537.0440,1.702,32.4228
679,2022-07-12 11:18:48,1537.0451,1.7,32.3917
680,2022-07-12 11:20:17,1537.0470,1.701,32.4073
681,2022-07-12 11:21:50,1537.0408,1.7,32.3917
682,2022-07-12 11:23:23,1537.0387,1.7,32.3917
683,2022-07-12 11:24:55,1537.0332,1.7,32.3917
684,2022-07-12 11:26:25,1537.0319,1.7,32.3917
685,2022-07-12 11:27:54,1537.0247,1.699,32.3761
686,2022-07-12 11:29:23,1537.0267,1.698,32.3606
687,2022-07-12 11:30:52,1537.0242,1.698,32.3606
688,2022-07-12 11:32:22,1537.0118,1.698,32.3606
689,2022-07-12 11:33:51,1537.0142,1.698,32.3606
690,2022-07-12 11:35:20,1537.0108,1.697,32.3450
691,2022-07-12 11:36:50,1537.0029,1.699,32.3761
692,2022-07-12 11:38:19,1536.9996,1.696,32.3294
693,2022-07-12 11:39:48,1537.0033,1.697,32.3450
694,2022-07-12 11:41:17,1536.9933,1.696,32.3294
695,2022-07-12 11:42:47,1536.9921,1.697,32.3450
696,2022-07-12 11:44:20,1536.9826,1.695,32.3138
697,2022-07-12 11:45:49,1536.9848,1.701,32.4073
698,2022-07-12 11:47:18,1536.9824,1.7,32.3917
699,2022-07-12 11:48:47,1536.9765,1.701,32.4073
700,2022-07-12 11:50:17,1536.9756,1.7,32.3917
701,2022-07-12 11:51:46,1536.9754,1.699,32.3761
702,2022-07-12 11:53:15,1536.9681,1.7,32.3917
703,2022-07-12 11:54:45,1536.9645,1.702,32.4228
704,2022-07-12 11:56:14,1536.9676,1.701,32.4073
705,2022-07-12 11:57:44,1536.9598,1.701,32.4073
706,2022-07-12 11:59:13,1536.9579,1.701,32.4073
707,2022-07-12 12:00:42,1536.9538,1.701,32.4073
708,2022-07-12 12:02:11,1536.9497,1.699,32.3761
709,2022-07-12 12:03:41,1536.9485,1.698,32.3606
710,2022-07-12 12:05:10,1536.9398,1.695,32.3138
711,2022-07-12 12:06:40,1536.9401,1.696,32.3294
712,2022-07-12 12:08:09,1536.9367,1.696,32.3294
713,2022-07-12 12:09:38,1536.9284,1.698,32.3606
714,2022-07-12 12:11:08,1536.9288,1.696,32.3294
715,2022-07-12 12:12:37,1536.9317,1.696,32.3294
716,2022-07-12 12:14:06,1536.9244,1.699,32.3761
717,2022-07-12 12:15:36,1536.9219,1.697,32.3450
718,2022-07-12 12:17:05,1536.9223,1.697,32.3450
719,2022-07-12 12:18:35,1536.9196,1.698,32.3606
720,2022-07-12 12:20:11,1536.9219,1.696,32.3294
721,2022-07-12 12:21:43,1536.9136,1.696,32.3294
722,2022-07-12 12:23:16,1536.9118,1.697,32.3450
723,2022-07-12 12:24:46,1536.9071,1.696,32.3294
724,2022-07-12 12:26:18,1536.9089,1.7,32.3917
725,2022-07-12 12:27:48,1536.9019,1.695,32.3138
726,2022-07-12 12:29:17,1536.8989,1.698,32.3606
727,2022-07-12 12:30:46,1536.9014,1.696,32.3294
728,2022-07-12 12:32:15,1536.8943,1.699,32.3761
729,2022-07-12 12:33:45,1536.8917,1.7,32.3917
730,2022-07-12 12:35:18,1536.8877,1.697,32.3450
731,2022-07-12 12:36:47,1536.8857,1.7,32.3917
732,2022-07-12 12:38:16,1536.8862,1.698,32.3606
733,2022-07-12 12:39:46,1536.8804,1.701,32.4073
734,2022-07-12 12:41:15,1536.8788,1.7,32.3917
735,2022-07-12 12:42:44,1536.8783,1.702,32.4228
736,2022-07-12 12:44:14,1536.8727,1.701,32.4073
737,2022-07-12 12:45:43,1536.8701,1.701,32.4073
738,2022-07-12 12:47:13,1536.8634,1.698,32.3606
739,2022-07-12 12:48:42,1536.8645,1.7,32.3917
740,2022-07-12 12:50:11,1536.8631,1.699,32.3761
741,2022-07-12 12:51:41,1536.8339,1.697,32.3450
742,2022-07-12 12:53:10,1536.8343,1.7,32.3917
743,2022-07-12 12:54:39,1536.8316,1.698,32.3606
744,2022-07-12 12:56:09,1536.8266,1.699,32.3761
745,2022-07-12 12:57:38,1536.8241,1.698,32.3606
746,2022-07-12 12:59:08,1536.8243,1.698,32.3606
747,2022-07-12 13:00:37,1536.8200,1.698,32.3606
748,2022-07-12 13:02:06,1536.8167,1.698,32.3606
749,2022-07-12 13:03:36,1536.8155,1.697,32.3450
750,2022-07-12 13:05:05,1536.8116,1.698,32.3606
751,2022-07-12 13:06:35,1536.8108,1.696,32.3294
752,2022-07-12 13:08:04,1536.8049,1.695,32.3138
753,2022-07-12 13:09:33,1536.8047,1.699,32.3761
754,2022-07-12 13:11:03,1536.8024,1.696,32.3294
755,2022-07-12 13:12:32,1536.7974,1.699,32.3761
756,2022-07-12 13:14:01,1536.7970,1.698,32.3606
757,2022-07-12 13:15:31,1536.7961,1.699,32.3761
758,2022-07-12 13:17:01,1536.7919,1.698,32.3606
759,2022-07-12 13:18:30,1536.7888,1.699,32.3761
760,2022-07-12 13:19:59,1536.7898,1.699,32.3761
761,2022-07-12 13:21:29,1536.7866,1.7,32.3917
762,2022-07-12 13:22:58,1536.7836,1.7,32.3917
763,2022-07-12 13:24:27,1536.7813,1.699,32.3761
764,2022-07-12 13:25:57,1536.7785,1.701,32.4073
765,2022-07-12 13:27:26,1536.7779,1.698,32.3606
766,2022-07-12 13:28:56,1536.7725,1.698,32.3606
767,2022-07-12 13:30:25,1536.7731,1.698,32.3606
768,2022-07-12 13:31:54,1536.7716,1.698,32.3606
769,2022-07-12 13:33:24,1536.7686,1.698,32.3606
770,2022-07-12 13:34:53,1536.7701,1.696,32.3294
771,2022-07-12 13:36:22,1536.7688,1.698,32.3606
772,2022-07-12 13:37:52,1536.7668,1.695,32.3138
773,2022-07-12 13:39:22,1536.7631,1.698,32.3606
774,2022-07-12 13:40:51,1536.7653,1.699,32.3761
775,2022-07-12 13:42:20,1536.7608,1.696,32.3294
776,2022-07-12 13:43:50,1536.7595,1.699,32.3761
777,2022-07-12 13:45:19,1536.7568,1.694,32.2982
778,2022-07-12 13:46:48,1536.7540,1.697,32.3450
779,2022-07-12 13:48:18,1536.7527,1.696,32.3294
780,2022-07-12 13:49:47,1536.7466,1.696,32.3294
781,2022-07-12 13:51:17,1536.7485,1.696,32.3294
782,2022-07-12 13:52:46,1536.7459,1.693,32.2826
783,2022-07-12 13:54:16,1536.7334,1.695,32.3138
784,2022-07-12 13:55:45,1536.7411,1.696,32.3294
785,2022-07-12 13:57:14,1536.7415,1.692,32.2670
786,2022-07-12 13:58:44,1536.7338,1.692,32.2670
787,2022-07-12 14:00:14,1536.7301,1.69,32.2358
788,2022-07-12 14:01:43,1536.7308,1.691,32.2515
789,2022-07-12 14:03:12,1536.7280,1.692,32.2670
790,2022-07-12 14:04:42,1536.7255,1.694,32.2982
791,2022-07-12 14:06:11,1536.7187,1.693,32.2826
792,2022-07-12 14:07:40,1536.7231,1.694,32.2982
793,2022-07-12 14:09:10,1536.7229,1.693,32.2826
794,2022-07-12 14:10:40,1536.7193,1.694,32.2982
795,2022-07-12 14:12:09,1536.7172,1.693,32.2826
796,2022-07-12 14:13:38,1536.7194,1.694,32.2982
797,2022-07-12 14:15:08,1536.7155,1.693,32.2826
798,2022-07-12 14:16:37,1536.7149,1.695,32.3138
799,2022-07-12 14:18:07,1536.7113,1.696,32.3294
800,2022-07-12 14:19:36,1536.7000,1.696,32.3294
801,2022-07-12 14:21:06,1536.7060,1.695,32.3138
802,2022-07-12 14:22:35,1536.7080,1.696,32.3294
803,2022-07-12 14:24:05,1536.7118,1.696,32.3294
804,2022-07-12 14:25:34,1536.7112,1.697,32.3450
805,2022-07-12 14:27:03,1536.7056,1.698,32.3606
806,2022-07-12 14:28:33,1536.7084,1.694,32.2982
807,2022-07-12 14:30:03,1536.7014,1.696,32.3294
808,2022-07-12 14:31:32,1536.7051,1.696,32.3294
809,2022-07-12 14:33:01,1536.7032,1.695,32.3138
810,2022-07-12 14:34:31,1536.6948,1.695,32.3138
811,2022-07-12 14:36:00,1536.6926,1.696,32.3294
812,2022-07-12 14:37:29,1536.6909,1.694,32.2982
813,2022-07-12 14:38:59,1536.6885,1.694,32.2982
814,2022-07-12 14:40:29,1536.6867,1.692,32.2670
815,2022-07-12 14:41:58,1536.6853,1.693,32.2826
816,2022-07-12 14:43:28,1536.6835,1.691,32.2515
817,2022-07-12 14:44:57,1536.6822,1.691,32.2515
818,2022-07-12 14:46:26,1536.6812,1.694,32.2982
819,2022-07-12 14:47:56,1536.6778,1.692,32.2670
820,2022-07-12 14:49:25,1536.6762,1.692,32.2670
821,2022-07-12 14:50:55,1536.6738,1.692,32.2670
822,2022-07-12 14:52:25,1536.6725,1.694,32.2982
823,2022-07-12 14:53:54,1536.6704,1.693,32.2826
824,2022-07-12 14:55:23,1536.6670,1.691,32.2515
825,2022-07-12 14:56:53,1536.6650,1.689,32.2202
826,2022-07-12 14:58:22,1536.6643,1.69,32.2358
827,2022-07-12 14:59:52,1536.6606,1.691,32.2515
828,2022-07-12 15:01:21,1536.6600,1.69,32.2358
829,2022-07-12 15:02:51,1536.6584,1.689,32.2202
830,2022-07-12 15:04:20,1536.6552,1.689,32.2202
831,2022-07-12 15:05:50,1536.6551,1.691,32.2515
832,2022-07-12 15:07:19,1536.6540,1.691,32.2515
833,2022-07-12 15:08:48,1536.6511,1.691,32.2515
834,2022-07-12 15:10:18,1536.6492,1.688,32.2046
835,2022-07-12 15:11:48,1536.6470,1.688,32.2046
836,2022-07-12 15:13:17,1536.6449,1.689,32.2202
837,2022-07-12 15:14:47,1536.6452,1.688,32.2046
838,2022-07-12 15:16:16,1536.6424,1.688,32.2046
839,2022-07-12 15:17:46,1536.6409,1.691,32.2515
840,2022-07-12 15:19:15,1536.6412,1.689,32.2202
841,2022-07-12 15:20:44,1536.6378,1.688,32.2046
842,2022-07-12 15:22:14,1536.6364,1.69,32.2358
843,2022-07-12 15:23:44,1536.6348,1.688,32.2046
844,2022-07-12 15:25:13,1536.6327,1.688,32.2046
845,2022-07-12 15:26:43,1536.6309,1.688,32.2046
846,2022-07-12 15:28:12,1536.6285,1.691,32.2515
847,2022-07-12 15:29:41,1536.6267,1.69,32.2358
848,2022-07-12 15:31:11,1536.6262,1.687,32.1890
849,2022-07-12 15:32:41,1536.6237,1.689,32.2202
850,2022-07-12 15:34:10,1536.6230,1.69,32.2358
851,2022-07-12 15:35:40,1536.6234,1.69,32.2358
852,2022-07-12 15:37:09,1536.6196,1.689,32.2202
853,2022-07-12 15:38:38,1536.6183,1.689,32.2202
854,2022-07-12 15:40:08,1536.6180,1.688,32.2046
855,2022-07-12 15:41:37,1536.6146,1.691,32.2515
856,2022-07-12 15:43:07,1536.6138,1.69,32.2358
857,2022-07-12 15:44:37,1536.6116,1.691,32.2515
858,2022-07-12 15:46:06,1536.6095,1.69,32.2358
859,2022-07-12 15:47:36,1536.6093,1.692,32.2670
860,2022-07-12 15:49:05,1536.6070,1.692,32.2670
861,2022-07-12 15:50:34,1536.6061,1.691,32.2515
862,2022-07-12 15:52:04,1536.6055,1.69,32.2358
863,2022-07-12 15:53:34,1536.6029,1.693,32.2826
864,2022-07-12 15:55:03,1536.6008,1.692,32.2670
865,2022-07-12 15:56:33,1536.5999,1.692,32.2670
866,2022-07-12 15:58:02,1536.5983,1.692,32.2670
867,2022-07-12 15:59:32,1536.5974,1.692,32.2670
868,2022-07-12 16:01:01,1536.5953,1.693,32.2826
869,2022-07-12 16:02:31,1536.5949,1.693,32.2826
870,2022-07-12 16:04:00,1536.5944,1.693,32.2826
871,2022-07-12 16:05:30,1536.5918,1.694,32.2982
872,2022-07-12 16:06:59,1536.5914,1.695,32.3138
873,2022-07-12 16:08:29,1536.5991,1.694,32.2982
874,2022-07-12 16:09:58,1536.5955,1.694,32.2982
875,2022-07-12 16:11:28,1536.5957,1.692,32.2670
876,2022-07-12 16:12:57,1536.5163,1.694,32.2982
877,2022-07-12 16:14:27,1536.5149,1.694,32.2982
878,2022-07-12 16:15:57,1536.5193,1.694,32.2982
879,2022-07-12 16:17:26,1536.5164,1.696,32.3294
880,2022-07-12 16:18:56,1536.5142,1.694,32.2982
881,2022-07-12 16:20:25,1536.5119,1.693,32.2826
882,2022-07-12 16:21:54,1536.5076,1.692,32.2670
883,2022-07-12 16:23:24,1536.4997,1.69,32.2358
884,2022-07-12 16:24:54,1536.4981,1.689,32.2202
885,2022-07-12 16:26:23,1536.4896,1.692,32.2670
886,2022-07-12 16:27:53,1536.4945,1.693,32.2826
887,2022-07-12 16:29:22,1536.4911,1.693,32.2826
888,2022-07-12 16:30:52,1536.4838,1.691,32.2515
889,2022-07-12 16:32:21,1536.4889,1.693,32.2826
890,2022-07-12 16:33:51,1536.4819,1.69,32.2358
891,2022-07-12 16:35:21,1536.4822,1.691,32.2515
892,2022-07-12 16:36:50,1536.4825,1.693,32.2826
893,2022-07-12 16:38:20,1536.4768,1.692,32.2670
894,2022-07-12 16:39:52,1536.4792,1.692,32.2670
895,2022-07-12 16:41:25,1536.4720,1.693,32.2826
896,2022-07-12 16:42:55,1536.4767,1.695,32.3138
897,2022-07-12 16:44:26,1536.4698,1.689,32.2202
898,2022-07-12 16:45:56,1536.4676,1.691,32.2515
899,2022-07-12 16:47:28,1536.4692,1.69,32.2358
900,2022-07-12 16:48:58,1536.4640,1.69,32.2358
901,2022-07-12 16:50:27,1536.4668,1.689,32.2202
902,2022-07-12 16:51:57,1536.4623,1.692,32.2670
903,2022-07-12 16:53:26,1536.4588,1.69,32.2358
904,2022-07-12 16:54:56,1536.4611,1.692,32.2670
905,2022-07-12 16:56:25,1536.4563,1.691,32.2515
906,2022-07-12 16:57:55,1536.4579,1.693,32.2826
907,2022-07-12 16:59:24,1536.4592,1.693,32.2826
908,2022-07-12 17:00:54,1536.4514,1.692,32.2670
909,2022-07-12 17:02:23,1536.4553,1.692,32.2670
910,2022-07-12 17:03:53,1536.4542,1.691,32.2515
911,2022-07-12 17:05:26,1536.4504,1.691,32.2515
912,2022-07-12 17:06:56,1536.4512,1.693,32.2826
913,2022-07-12 17:08:25,1536.4477,1.692,32.2670
914,2022-07-12 17:09:55,1536.4494,1.691,32.2515
915,2022-07-12 17:11:24,1536.4473,1.693,32.2826
916,2022-07-12 17:12:54,1536.4419,1.692,32.2670
917,2022-07-12 17:14:28,1536.4448,1.694,32.2982
918,2022-07-12 17:15:58,1536.4382,1.693,32.2826
919,2022-07-12 17:17:27,1536.4427,1.693,32.2826
920,2022-07-12 17:18:57,1536.4396,1.695,32.3138
921,2022-07-12 17:20:26,1536.4390,1.695,32.3138
922,2022-07-12 17:21:56,1536.4418,1.695,32.3138
923,2022-07-12 17:23:25,1536.4355,1.696,32.3294
924,2022-07-12 17:24:55,1536.4359,1.693,32.2826
925,2022-07-12 17:26:25,1536.4359,1.696,32.3294
926,2022-07-12 17:27:54,1536.4295,1.694,32.2982
927,2022-07-12 17:29:24,1536.4342,1.693,32.2826
928,2022-07-12 17:30:53,1536.4343,1.693,32.2826
929,2022-07-12 17:32:23,1536.4275,1.696,32.3294
930,2022-07-12 17:33:52,1536.4319,1.695,32.3138
931,2022-07-12 17:35:22,1536.4288,1.693,32.2826
932,2022-07-12 17:36:51,1536.4293,1.693,32.2826
933,2022-07-12 17:38:21,1536.4278,1.695,32.3138
934,2022-07-12 17:39:50,1536.4257,1.694,32.2982
935,2022-07-12 17:41:20,1536.4254,1.696,32.3294
936,2022-07-12 17:42:53,1536.4246,1.694,32.2982
937,2022-07-12 17:44:29,1536.4267,1.696,32.3294
938,2022-07-12 17:45:58,1536.4210,1.694,32.2982
939,2022-07-12 17:47:28,1536.4460,1.696,32.3294
940,2022-07-12 17:49:01,1536.4493,1.692,32.2670
941,2022-07-12 17:50:30,1536.4461,1.692,32.2670
942,2022-07-12 17:52:00,1536.4484,1.693,32.2826
943,2022-07-12 17:53:33,1536.4445,1.695,32.3138
944,2022-07-12 17:55:06,1536.4460,1.693,32.2826
945,2022-07-12 17:56:39,1536.4405,1.694,32.2982
946,2022-07-12 17:58:11,1536.4462,1.694,32.2982
947,2022-07-12 17:59:44,1536.4421,1.694,32.2982
948,2022-07-12 18:01:14,1536.4438,1.697,32.3450
949,2022-07-12 18:02:43,1536.4402,1.696,32.3294
950,2022-07-12 18:04:13,1536.4382,1.697,32.3450
951,2022-07-12 18:05:43,1536.4393,1.697,32.3450
952,2022-07-12 18:07:13,1536.4387,1.695,32.3138
953,2022-07-12 18:08:42,1536.4405,1.696,32.3294
954,2022-07-12 18:10:12,1536.4391,1.694,32.2982
955,2022-07-12 18:11:41,1536.4351,1.694,32.2982
956,2022-07-12 18:13:11,1536.4363,1.695,32.3138
957,2022-07-12 18:14:40,1536.4347,1.696,32.3294
958,2022-07-12 18:16:10,1536.4327,1.695,32.3138
959,2022-07-12 18:17:40,1536.4322,1.692,32.2670
960,2022-07-12 18:19:09,1536.4289,1.694,32.2982
961,2022-07-12 18:20:39,1536.4325,1.694,32.2982
962,2022-07-12 18:22:08,1536.4313,1.698,32.3606
963,2022-07-12 18:23:38,1536.4251,1.693,32.2826
964,2022-07-12 18:25:08,1536.4309,1.695,32.3138
965,2022-07-12 18:26:38,1536.4279,1.697,32.3450
966,2022-07-12 18:28:07,1536.4251,1.696,32.3294
967,2022-07-12 18:29:37,1536.4280,1.696,32.3294
968,2022-07-12 18:31:06,1536.4263,1.694,32.2982
969,2022-07-12 18:32:36,1536.4255,1.694,32.2982
970,2022-07-12 18:34:05,1536.4250,1.694,32.2982
971,2022-07-12 18:35:35,1536.4244,1.696,32.3294
972,2022-07-12 18:37:05,1536.4249,1.697,32.3450
973,2022-07-12 18:38:34,1536.4232,1.697,32.3450
974,2022-07-12 18:40:04,1536.4199,1.695,32.3138
975,2022-07-12 18:41:34,1536.4226,1.696,32.3294
976,2022-07-12 18:43:03,1536.4188,1.696,32.3294
977,2022-07-12 18:44:33,1536.4195,1.696,32.3294
978,2022-07-12 18:46:02,1536.4214,1.696,32.3294
979,2022-07-12 18:47:32,1536.4163,1.695,32.3138
980,2022-07-12 18:49:02,1536.4176,1.696,32.3294
981,2022-07-12 18:50:32,1536.4188,1.698,32.3606
982,2022-07-12 18:52:01,1536.4144,1.696,32.3294
983,2022-07-12 18:53:31,1536.4165,1.695,32.3138
984,2022-07-12 18:55:00,1536.4152,1.697,32.3450
985,2022-07-12 18:56:30,1536.4149,1.697,32.3450
986,2022-07-12 18:58:00,1536.4162,1.693,32.2826
987,2022-07-12 18:59:29,1536.4125,1.696,32.3294
988,2022-07-12 19:00:59,1536.4152,1.696,32.3294
989,2022-07-12 19:02:29,1536.4144,1.697,32.3450
990,2022-07-12 19:03:58,1536.4100,1.694,32.2982
991,2022-07-12 19:05:28,1536.4150,1.697,32.3450
992,2022-07-12 19:06:57,1536.4141,1.696,32.3294
993,2022-07-12 19:08:28,1536.4131,1.696,32.3294
994,2022-07-12 19:09:57,1536.4126,1.697,32.3450
995,2022-07-12 19:11:27,1536.4116,1.697,32.3450
996,2022-07-12 19:12:56,1536.4112,1.698,32.3606
997,2022-07-12 19:14:26,1536.4118,1.697,32.3450
998,2022-07-12 19:15:55,1536.4087,1.694,32.2982
999,2022-07-12 19:17:25,1536.4095,1.695,32.3138
1000,2022-07-12 19:18:55,1536.4105,1.696,32.3294
1001,2022-07-12 19:20:25,1536.4078,1.695,32.3138
1002,2022-07-12 19:21:54,1536.4075,1.696,32.3294
1003,2022-07-12 19:23:24,1536.4056,1.696,32.3294
1004,2022-07-12 19:24:53,1536.4049,1.699,32.3761
1005,2022-07-12 19:26:23,1536.4057,1.694,32.2982
1006,2022-07-12 19:27:53,1536.4037,1.695,32.3138
1007,2022-07-12 19:29:23,1536.4061,1.693,32.2826
1008,2022-07-12 19:30:52,1536.4050,1.696,32.3294
1009,2022-07-12 19:32:22,1536.4016,1.694,32.2982
1010,2022-07-12 19:33:52,1536.4018,1.692,32.2670
1011,2022-07-12 19:35:21,1536.4011,1.693,32.2826
1012,2022-07-12 19:36:51,1536.3995,1.695,32.3138
1013,2022-07-12 19:38:20,1536.4023,1.695,32.3138
1014,2022-07-12 19:39:50,1536.3959,1.695,32.3138
1015,2022-07-12 19:41:20,1536.3998,1.695,32.3138
1016,2022-07-12 19:42:50,1536.3990,1.694,32.2982
1017,2022-07-12 19:44:19,1536.3956,1.694,32.2982
1018,2022-07-12 19:45:49,1536.3975,1.695,32.3138
1019,2022-07-12 19:47:18,1536.3971,1.694,32.2982
1020,2022-07-12 19:48:48,1536.3925,1.694,32.2982
1021,2022-07-12 19:50:18,1536.3955,1.696,32.3294
1022,2022-07-12 19:51:48,1536.3919,1.694,32.2982
1023,2022-07-12 19:53:17,1536.3928,1.694,32.2982
1024,2022-07-12 19:54:47,1536.3934,1.695,32.3138
1025,2022-07-12 19:56:17,1536.3908,1.694,32.2982
1026,2022-07-12 19:57:46,1536.3904,1.696,32.3294
1027,2022-07-12 19:59:16,1536.3880,1.693,32.2826
1028,2022-07-12 20:00:46,1536.3835,1.694,32.2982
1029,2022-07-12 20:02:16,1536.3866,1.695,32.3138
1030,2022-07-12 20:03:46,1536.3821,1.695,32.3138
1031,2022-07-12 20:05:15,1536.3821,1.694,32.2982
1032,2022-07-12 20:06:45,1536.3844,1.694,32.2982
1033,2022-07-12 20:08:14,1536.3824,1.694,32.2982
1034,2022-07-12 20:09:44,1536.3820,1.692,32.2670
1035,2022-07-12 20:11:14,1536.3794,1.693,32.2826
1036,2022-07-12 20:12:44,1536.3792,1.692,32.2670
1037,2022-07-12 20:14:13,1536.3792,1.691,32.2515
1038,2022-07-12 20:15:43,1536.3762,1.692,32.2670
1039,2022-07-12 20:17:13,1536.3768,1.691,32.2515
1040,2022-07-12 20:18:42,1536.3792,1.693,32.2826
1041,2022-07-12 20:20:12,1536.3763,1.695,32.3138
1042,2022-07-12 20:21:42,1536.3762,1.694,32.2982
1043,2022-07-12 20:23:12,1536.3763,1.693,32.2826
1044,2022-07-12 20:24:41,1536.3751,1.693,32.2826
1045,2022-07-12 20:26:11,1536.3753,1.691,32.2515
1046,2022-07-12 20:27:40,1536.3738,1.69,32.2358
1047,2022-07-12 20:29:10,1536.3750,1.692,32.2670
1048,2022-07-12 20:30:40,1536.3757,1.691,32.2515
1049,2022-07-12 20:32:10,1536.3747,1.691,32.2515
1050,2022-07-12 20:33:40,1536.3746,1.692,32.2670
1051,2022-07-12 20:35:09,1536.3738,1.692,32.2670
1052,2022-07-12 20:36:39,1536.3726,1.692,32.2670
1053,2022-07-12 20:38:08,1536.3726,1.692,32.2670
1054,2022-07-12 20:39:38,1536.3720,1.692,32.2670
1055,2022-07-12 20:41:08,1536.3719,1.694,32.2982
1056,2022-07-12 20:42:38,1536.3728,1.693,32.2826
1057,2022-07-12 20:44:08,1536.3715,1.692,32.2670
1058,2022-07-12 20:45:37,1536.3718,1.693,32.2826
1059,2022-07-12 20:47:07,1536.3721,1.694,32.2982
1060,2022-07-12 20:48:36,1536.3706,1.692,32.2670
1061,2022-07-12 20:50:06,1536.3702,1.691,32.2515
1062,2022-07-12 20:51:36,1536.3697,1.691,32.2515
1063,2022-07-12 20:53:06,1536.3699,1.691,32.2515
1064,2022-07-12 20:54:36,1536.3705,1.691,32.2515
1065,2022-07-12 20:56:05,1536.3690,1.691,32.2515
1066,2022-07-12 20:57:35,1536.3687,1.693,32.2826
1067,2022-07-12 20:59:05,1536.3693,1.693,32.2826
1068,2022-07-12 21:00:34,1536.3671,1.693,32.2826
1069,2022-07-12 21:02:04,1536.3678,1.692,32.2670
1070,2022-07-12 21:03:34,1536.3673,1.692,32.2670
1071,2022-07-12 21:05:04,1536.3676,1.691,32.2515
1072,2022-07-12 21:06:33,1536.3682,1.693,32.2826
1073,2022-07-12 21:08:03,1536.3658,1.692,32.2670
1074,2022-07-12 21:09:33,1536.3657,1.694,32.2982
1075,2022-07-12 21:11:02,1536.3670,1.691,32.2515
1076,2022-07-12 21:12:32,1536.3644,1.695,32.3138
1077,2022-07-12 21:14:02,1536.3646,1.693,32.2826
1078,2022-07-12 21:15:32,1536.3647,1.692,32.2670
1079,2022-07-12 21:17:01,1536.3647,1.693,32.2826
1080,2022-07-12 21:18:31,1536.3646,1.693,32.2826
1081,2022-07-12 21:20:01,1536.3634,1.693,32.2826
1082,2022-07-12 21:21:30,1536.3624,1.695,32.3138
1083,2022-07-12 21:23:00,1536.3632,1.694,32.2982
1084,2022-07-12 21:24:30,1536.3607,1.694,32.2982
1085,2022-07-12 21:26:00,1536.3602,1.692,32.2670
1086,2022-07-12 21:27:30,1536.3602,1.693,32.2826
1087,2022-07-12 21:28:59,1536.3598,1.694,32.2982
1088,2022-07-12 21:30:29,1536.3594,1.694,32.2982
1089,2022-07-12 21:31:59,1536.3574,1.695,32.3138
1090,2022-07-12 21:33:28,1536.3569,1.696,32.3294
1091,2022-07-12 21:34:59,1536.3577,1.696,32.3294
1092,2022-07-12 21:36:28,1536.3563,1.697,32.3450
1093,2022-07-12 21:37:58,1536.3559,1.695,32.3138
1094,2022-07-12 21:39:28,1536.3558,1.697,32.3450
1095,2022-07-12 21:40:57,1536.3552,1.697,32.3450
1096,2022-07-12 21:42:27,1536.3550,1.694,32.2982
1097,2022-07-12 21:43:57,1536.3532,1.696,32.3294
1098,2022-07-12 21:45:27,1536.3526,1.696,32.3294
1099,2022-07-12 21:46:57,1536.3532,1.697,32.3450
1100,2022-07-12 21:48:26,1536.3520,1.698,32.3606
1101,2022-07-12 21:49:56,1536.3518,1.697,32.3450
1102,2022-07-12 21:51:26,1536.3513,1.696,32.3294
1103,2022-07-12 21:52:55,1536.3516,1.697,32.3450
1104,2022-07-12 21:54:25,1536.3513,1.697,32.3450
1105,2022-07-12 21:55:55,1536.3502,1.696,32.3294
1106,2022-07-12 21:57:25,1536.3492,1.696,32.3294
1107,2022-07-12 21:58:55,1536.3497,1.696,32.3294
1108,2022-07-12 22:00:24,1536.3484,1.698,32.3606
1109,2022-07-12 22:01:54,1536.3475,1.697,32.3450
1110,2022-07-12 22:03:24,1536.3477,1.696,32.3294
1111,2022-07-12 22:05:01,1536.3475,1.695,32.3138
1112,2022-07-12 22:06:30,1536.3465,1.695,32.3138
1113,2022-07-12 22:08:00,1536.3460,1.696,32.3294
1114,2022-07-12 22:09:30,1536.3467,1.698,32.3606
1115,2022-07-12 22:10:59,1536.3446,1.696,32.3294
1116,2022-07-12 22:12:29,1536.3446,1.696,32.3294
1117,2022-07-12 22:13:59,1536.3446,1.695,32.3138
1118,2022-07-12 22:15:29,1536.3438,1.694,32.2982
1119,2022-07-12 22:16:58,1536.3433,1.696,32.3294
1120,2022-07-12 22:18:28,1536.3417,1.696,32.3294
1121,2022-07-12 22:19:58,1536.3414,1.696,32.3294
1122,2022-07-12 22:21:27,1536.3420,1.697,32.3450
1123,2022-07-12 22:22:57,1536.3405,1.696,32.3294
1124,2022-07-12 22:24:27,1536.3404,1.696,32.3294
1125,2022-07-12 22:25:57,1536.3400,1.697,32.3450
1126,2022-07-12 22:27:27,1536.3398,1.696,32.3294
1127,2022-07-12 22:28:57,1536.3398,1.696,32.3294
1128,2022-07-12 22:30:26,1536.3384,1.695,32.3138
1129,2022-07-12 22:31:56,1536.3375,1.696,32.3294
1130,2022-07-12 22:33:26,1536.3382,1.696,32.3294
1131,2022-07-12 22:35:02,1536.3371,1.697,32.3450
1132,2022-07-12 22:36:32,1536.3379,1.695,32.3138
1133,2022-07-12 22:38:01,1536.3377,1.695,32.3138
1134,2022-07-12 22:39:31,1536.3363,1.697,32.3450
1135,2022-07-12 22:41:01,1536.3351,1.697,32.3450
1136,2022-07-12 22:42:31,1536.3351,1.699,32.3761
1137,2022-07-12 22:44:00,1536.3359,1.698,32.3606
1138,2022-07-12 22:45:30,1536.3335,1.696,32.3294
1139,2022-07-12 22:47:00,1536.3338,1.696,32.3294
1140,2022-07-12 22:48:30,1536.3346,1.697,32.3450
1141,2022-07-12 22:49:59,1536.3340,1.696,32.3294
1142,2022-07-12 22:51:29,1536.3331,1.696,32.3294
1143,2022-07-12 22:52:59,1536.3320,1.701,32.4073
1144,2022-07-12 22:54:29,1536.3318,1.699,32.3761
1145,2022-07-12 22:55:59,1536.3323,1.698,32.3606
1146,2022-07-12 22:57:29,1536.3309,1.699,32.3761
1147,2022-07-12 22:58:58,1536.3304,1.698,32.3606
1148,2022-07-12 23:00:28,1536.3309,1.699,32.3761
1149,2022-07-12 23:01:58,1536.3307,1.698,32.3606
1150,2022-07-12 23:03:28,1536.3295,1.697,32.3450
1151,2022-07-12 23:05:04,1536.3283,1.7,32.3917
1152,2022-07-12 23:06:34,1536.3295,1.699,32.3761
1153,2022-07-12 23:08:03,1536.3275,1.7,32.3917
1154,2022-07-12 23:09:33,1536.3276,1.698,32.3606
1155,2022-07-12 23:11:03,1536.3287,1.697,32.3450
1156,2022-07-12 23:12:32,1536.3273,1.698,32.3606
1157,2022-07-12 23:14:02,1536.3270,1.699,32.3761
1158,2022-07-12 23:15:32,1536.3252,1.698,32.3606
1159,2022-07-12 23:17:02,1536.3252,1.699,32.3761
1160,2022-07-12 23:18:32,1536.3264,1.698,32.3606
1161,2022-07-12 23:20:01,1536.3250,1.698,32.3606
1162,2022-07-12 23:21:34,1536.3247,1.7,32.3917
1163,2022-07-12 23:23:04,1536.3244,1.697,32.3450
1164,2022-07-12 23:24:34,1536.3238,1.699,32.3761
1165,2022-07-12 23:26:04,1536.3244,1.7,32.3917
1166,2022-07-12 23:27:34,1536.3228,1.698,32.3606
1167,2022-07-12 23:29:04,1536.3220,1.699,32.3761
1168,2022-07-12 23:30:37,1536.3218,1.698,32.3606
1169,2022-07-12 23:32:07,1536.3220,1.698,32.3606
1170,2022-07-12 23:33:36,1536.3223,1.699,32.3761
1171,2022-07-12 23:35:09,1536.3215,1.698,32.3606
1172,2022-07-12 23:36:39,1536.3225,1.699,32.3761
1173,2022-07-12 23:38:09,1536.3210,1.697,32.3450
1174,2022-07-12 23:39:39,1536.3196,1.697,32.3450
1175,2022-07-12 23:41:08,1536.3195,1.698,32.3606
1176,2022-07-12 23:42:38,1536.3201,1.699,32.3761
1177,2022-07-12 23:44:08,1536.3190,1.697,32.3450
1178,2022-07-12 23:45:38,1536.3189,1.698,32.3606
1179,2022-07-12 23:47:08,1536.3182,1.697,32.3450
1180,2022-07-12 23:48:37,1536.3193,1.697,32.3450
1181,2022-07-12 23:50:07,1536.3175,1.697,32.3450
1182,2022-07-12 23:51:37,1536.3164,1.697,32.3450
1183,2022-07-12 23:53:07,1536.3170,1.697,32.3450
1184,2022-07-12 23:54:36,1536.3167,1.698,32.3606
1185,2022-07-12 23:56:07,1536.3167,1.698,32.3606
1186,2022-07-12 23:57:37,1536.3159,1.697,32.3450
1187,2022-07-12 23:59:06,1536.3151,1.699,32.3761
1188,2022-07-13 00:00:36,1536.3159,1.699,32.3761
1189,2022-07-13 00:02:06,1536.3143,1.697,32.3450
1190,2022-07-13 00:03:36,1536.3138,1.698,32.3606
1191,2022-07-13 00:05:12,1536.3140,1.698,32.3606
1192,2022-07-13 00:06:41,1536.3135,1.697,32.3450
1193,2022-07-13 00:08:11,1536.3138,1.699,32.3761
1194,2022-07-13 00:09:41,1536.3133,1.699,32.3761
1195,2022-07-13 00:11:11,1536.3135,1.698,32.3606
1196,2022-07-13 00:12:40,1536.3117,1.699,32.3761
1197,2022-07-13 00:14:10,1536.3110,1.7,32.3917
1198,2022-07-13 00:15:40,1536.3115,1.698,32.3606
1199,2022-07-13 00:17:10,1536.3113,1.699,32.3761
1200,2022-07-13 00:18:40,1536.3112,1.698,32.3606
1201,2022-07-13 00:20:09,1536.3105,1.699,32.3761
1202,2022-07-13 00:21:39,1536.3103,1.7,32.3917
1203,2022-07-13 00:23:09,1536.3110,1.7,32.3917
1204,2022-07-13 00:24:39,1536.3088,1.699,32.3761
1205,2022-07-13 00:26:09,1536.3085,1.698,32.3606
1206,2022-07-13 00:27:39,1536.3088,1.699,32.3761
1207,2022-07-13 00:29:09,1536.3088,1.698,32.3606
1208,2022-07-13 00:30:38,1536.3099,1.699,32.3761
1209,2022-07-13 00:32:08,1536.3081,1.697,32.3450
1210,2022-07-13 00:33:38,1536.3076,1.698,32.3606
1211,2022-07-13 00:35:14,1536.3065,1.698,32.3606
1212,2022-07-13 00:36:44,1536.3062,1.697,32.3450
1213,2022-07-13 00:38:14,1536.3064,1.699,32.3761
1214,2022-07-13 00:39:43,1536.3062,1.698,32.3606
1215,2022-07-13 00:41:13,1536.3061,1.699,32.3761
1216,2022-07-13 00:42:43,1536.3058,1.698,32.3606
1217,2022-07-13 00:44:13,1536.3050,1.699,32.3761
1218,2022-07-13 00:45:43,1536.3058,1.696,32.3294
1219,2022-07-13 00:47:13,1536.3039,1.697,32.3450
1220,2022-07-13 00:48:42,1536.3034,1.698,32.3606
1221,2022-07-13 00:50:12,1536.3034,1.698,32.3606
1222,2022-07-13 00:51:42,1536.3037,1.699,32.3761
1223,2022-07-13 00:53:12,1536.3041,1.697,32.3450
1224,2022-07-13 00:54:42,1536.3029,1.698,32.3606
1225,2022-07-13 00:56:12,1536.3023,1.698,32.3606
1226,2022-07-13 00:57:45,1536.3029,1.698,32.3606
1227,2022-07-13 00:59:15,1536.3016,1.698,32.3606
1228,2022-07-13 01:00:45,1536.3027,1.698,32.3606
1229,2022-07-13 01:02:15,1536.3002,1.699,32.3761
1230,2022-07-13 01:03:45,1536.3010,1.699,32.3761
1231,2022-07-13 01:05:17,1536.3012,1.697,32.3450
1232,2022-07-13 01:06:47,1536.3008,1.698,32.3606
1233,2022-07-13 01:08:16,1536.3020,1.697,32.3450
1234,2022-07-13 01:09:46,1536.2998,1.696,32.3294
1235,2022-07-13 01:11:16,1536.2994,1.698,32.3606
1236,2022-07-13 01:12:46,1536.2997,1.698,32.3606
1237,2022-07-13 01:14:16,1536.3000,1.697,32.3450
1238,2022-07-13 01:15:46,1536.2991,1.697,32.3450
1239,2022-07-13 01:17:15,1536.2992,1.698,32.3606
1240,2022-07-13 01:18:45,1536.2986,1.695,32.3138
1241,2022-07-13 01:20:15,1536.2993,1.698,32.3606
1242,2022-07-13 01:21:45,1536.2980,1.698,32.3606
1243,2022-07-13 01:23:15,1536.2968,1.698,32.3606
1244,2022-07-13 01:24:45,1536.2963,1.698,32.3606
1245,2022-07-13 01:26:15,1536.2964,1.7,32.3917
1246,2022-07-13 01:27:45,1536.2970,1.697,32.3450
1247,2022-07-13 01:29:15,1536.2959,1.699,32.3761
1248,2022-07-13 01:30:44,1536.2950,1.698,32.3606
1249,2022-07-13 01:32:14,1536.2957,1.697,32.3450
1250,2022-07-13 01:33:44,1536.2954,1.697,32.3450
1251,2022-07-13 01:35:20,1536.2948,1.698,32.3606
1252,2022-07-13 01:36:50,1536.2948,1.698,32.3606
1253,2022-07-13 01:38:19,1536.2949,1.699,32.3761
1254,2022-07-13 01:39:49,1536.2946,1.698,32.3606
1255,2022-07-13 01:41:19,1536.2937,1.696,32.3294
1256,2022-07-13 01:42:49,1536.2946,1.698,32.3606
1257,2022-07-13 01:44:19,1536.2930,1.698,32.3606
1258,2022-07-13 01:45:49,1536.2922,1.697,32.3450
1259,2022-07-13 01:47:18,1536.2921,1.698,32.3606
1260,2022-07-13 01:48:48,1536.2924,1.698,32.3606
1261,2022-07-13 01:50:18,1536.2938,1.698,32.3606
1262,2022-07-13 01:51:48,1536.2920,1.698,32.3606
1263,2022-07-13 01:53:18,1536.2916,1.697,32.3450
1264,2022-07-13 01:54:48,1536.2922,1.697,32.3450
1265,2022-07-13 01:56:18,1536.2913,1.699,32.3761
1266,2022-07-13 01:57:48,1536.2912,1.697,32.3450
1267,2022-07-13 01:59:18,1536.2905,1.698,32.3606
1268,2022-07-13 02:00:48,1536.2900,1.698,32.3606
1269,2022-07-13 02:02:17,1536.2917,1.698,32.3606
1270,2022-07-13 02:03:47,1536.2899,1.697,32.3450
1271,2022-07-13 02:05:23,1536.2904,1.698,32.3606
1272,2022-07-13 02:06:53,1536.2895,1.698,32.3606
1273,2022-07-13 02:08:22,1536.2888,1.7,32.3917
1274,2022-07-13 02:09:56,1536.2880,1.7,32.3917
1275,2022-07-13 02:11:26,1536.2878,1.698,32.3606
1276,2022-07-13 02:12:55,1536.2888,1.699,32.3761
1277,2022-07-13 02:14:25,1536.2889,1.698,32.3606
1278,2022-07-13 02:15:55,1536.2888,1.699,32.3761
1279,2022-07-13 02:17:25,1536.2877,1.698,32.3606
1280,2022-07-13 02:18:55,1536.2867,1.697,32.3450
1281,2022-07-13 02:20:25,1536.2876,1.699,32.3761
1282,2022-07-13 02:21:55,1536.2863,1.698,32.3606
1283,2022-07-13 02:23:25,1536.2866,1.698,32.3606
1284,2022-07-13 02:24:55,1536.2863,1.698,32.3606
1285,2022-07-13 02:26:25,1536.2866,1.698,32.3606
1286,2022-07-13 02:27:55,1536.2875,1.698,32.3606
1287,2022-07-13 02:29:25,1536.2859,1.696,32.3294
1288,2022-07-13 02:30:54,1536.2848,1.697,32.3450
1289,2022-07-13 02:32:24,1536.2849,1.697,32.3450
1290,2022-07-13 02:33:55,1536.2860,1.698,32.3606
1291,2022-07-13 02:35:30,1536.2852,1.697,32.3450
1292,2022-07-13 02:36:59,1536.2851,1.696,32.3294
1293,2022-07-13 02:38:29,1536.2855,1.696,32.3294
1294,2022-07-13 02:39:59,1536.2845,1.698,32.3606
1295,2022-07-13 02:41:29,1536.2840,1.698,32.3606
1296,2022-07-13 02:42:59,1536.2845,1.699,32.3761
1297,2022-07-13 02:44:29,1536.2835,1.699,32.3761
1298,2022-07-13 02:45:59,1536.2837,1.698,32.3606
1299,2022-07-13 02:47:29,1536.2836,1.697,32.3450
1300,2022-07-13 02:48:59,1536.2828,1.697,32.3450
1301,2022-07-13 02:50:28,1536.2843,1.699,32.3761
1302,2022-07-13 02:51:58,1536.2828,1.698,32.3606
1303,2022-07-13 02:53:28,1536.2819,1.697,32.3450
1304,2022-07-13 02:54:58,1536.2819,1.697,32.3450
1305,2022-07-13 02:56:29,1536.2821,1.697,32.3450
1306,2022-07-13 02:57:59,1536.2824,1.697,32.3450
1307,2022-07-13 02:59:29,1536.2808,1.697,32.3450
1308,2022-07-13 03:00:58,1536.2810,1.698,32.3606
1309,2022-07-13 03:02:28,1536.2816,1.699,32.3761
1310,2022-07-13 03:03:58,1536.2809,1.696,32.3294
1311,2022-07-13 03:05:33,1536.2815,1.699,32.3761
1312,2022-07-13 03:07:03,1536.2804,1.697,32.3450
1313,2022-07-13 03:08:33,1536.2801,1.697,32.3450
1314,2022-07-13 03:10:03,1536.2797,1.698,32.3606
1315,2022-07-13 03:11:33,1536.2794,1.7,32.3917
1316,2022-07-13 03:13:03,1536.2800,1.7,32.3917
1317,2022-07-13 03:14:33,1536.2794,1.698,32.3606
1318,2022-07-13 03:16:03,1536.2779,1.698,32.3606
1319,2022-07-13 03:17:33,1536.2790,1.697,32.3450
1320,2022-07-13 03:19:03,1536.2787,1.698,32.3606
1321,2022-07-13 03:20:32,1536.2794,1.7,32.3917
1322,2022-07-13 03:22:02,1536.2773,1.698,32.3606
1323,2022-07-13 03:23:32,1536.2770,1.697,32.3450
1324,2022-07-13 03:25:02,1536.2782,1.699,32.3761
1325,2022-07-13 03:26:33,1536.2773,1.698,32.3606
1326,2022-07-13 03:28:03,1536.2781,1.697,32.3450
1327,2022-07-13 03:29:33,1536.2769,1.699,32.3761
1328,2022-07-13 03:31:02,1536.2771,1.698,32.3606
1329,2022-07-13 03:32:32,1536.2777,1.697,32.3450
1330,2022-07-13 03:34:02,1536.2768,1.699,32.3761
1331,2022-07-13 03:35:37,1536.2769,1.699,32.3761
1332,2022-07-13 03:37:07,1536.2761,1.7,32.3917
1333,2022-07-13 03:38:37,1536.2753,1.699,32.3761
1334,2022-07-13 03:40:07,1536.2762,1.702,32.4228
1335,2022-07-13 03:41:37,1536.2744,1.699,32.3761
1336,2022-07-13 03:43:07,1536.2764,1.699,32.3761
1337,2022-07-13 03:44:37,1536.2750,1.7,32.3917
1338,2022-07-13 03:46:07,1536.2743,1.698,32.3606
1339,2022-07-13 03:47:37,1536.2746,1.699,32.3761
1340,2022-07-13 03:49:07,1536.2753,1.698,32.3606
1341,2022-07-13 03:50:37,1536.2754,1.699,32.3761
1342,2022-07-13 03:52:06,1536.2743,1.698,32.3606
1343,2022-07-13 03:53:36,1536.2736,1.697,32.3450
1344,2022-07-13 03:55:06,1536.2747,1.701,32.4073
1345,2022-07-13 03:56:37,1536.2745,1.698,32.3606
1346,2022-07-13 03:58:07,1536.2740,1.699,32.3761
1347,2022-07-13 03:59:37,1536.2732,1.697,32.3450
1348,2022-07-13 04:01:07,1536.2730,1.7,32.3917
1349,2022-07-13 04:02:37,1536.2745,1.698,32.3606
1350,2022-07-13 04:04:06,1536.2738,1.699,32.3761
1351,2022-07-13 04:05:42,1536.2744,1.699,32.3761
1352,2022-07-13 04:07:12,1536.2730,1.699,32.3761
1353,2022-07-13 04:08:42,1536.2720,1.7,32.3917
1354,2022-07-13 04:10:11,1536.2720,1.699,32.3761
1355,2022-07-13 04:11:41,1536.2726,1.7,32.3917
1356,2022-07-13 04:13:11,1536.2727,1.697,32.3450
1357,2022-07-13 04:14:41,1536.2716,1.701,32.4073
1358,2022-07-13 04:16:11,1536.2714,1.7,32.3917
1359,2022-07-13 04:17:41,1536.2719,1.699,32.3761
1360,2022-07-13 04:19:11,1536.2716,1.699,32.3761
1361,2022-07-13 04:20:41,1536.2714,1.7,32.3917
1362,2022-07-13 04:22:11,1536.2698,1.698,32.3606
1363,2022-07-13 04:23:41,1536.2699,1.698,32.3606
1364,2022-07-13 04:25:11,1536.2717,1.699,32.3761
1365,2022-07-13 04:26:42,1536.2709,1.698,32.3606
1366,2022-07-13 04:28:12,1536.2709,1.698,32.3606
1367,2022-07-13 04:29:42,1536.2704,1.701,32.4073
1368,2022-07-13 04:31:12,1536.2694,1.703,32.4384
1369,2022-07-13 04:32:41,1536.2708,1.698,32.3606
1370,2022-07-13 04:34:11,1536.2694,1.7,32.3917
1371,2022-07-13 04:35:46,1536.2704,1.698,32.3606
1372,2022-07-13 04:37:16,1536.2694,1.699,32.3761
1373,2022-07-13 04:38:46,1536.2688,1.699,32.3761
1374,2022-07-13 04:40:16,1536.2687,1.699,32.3761
1375,2022-07-13 04:41:46,1536.2685,1.7,32.3917
1376,2022-07-13 04:43:16,1536.2691,1.7,32.3917
1377,2022-07-13 04:44:46,1536.2679,1.701,32.4073
1378,2022-07-13 04:46:16,1536.2673,1.7,32.3917
1379,2022-07-13 04:47:46,1536.2686,1.7,32.3917
1380,2022-07-13 04:49:16,1536.2691,1.699,32.3761
1381,2022-07-13 04:50:46,1536.2680,1.7,32.3917
1382,2022-07-13 04:52:16,1536.2678,1.702,32.4228
1383,2022-07-13 04:53:46,1536.2671,1.701,32.4073
1384,2022-07-13 04:55:16,1536.2680,1.7,32.3917
1385,2022-07-13 04:56:46,1536.2671,1.7,32.3917
1386,2022-07-13 04:58:16,1536.2671,1.701,32.4073
1387,2022-07-13 04:59:46,1536.2673,1.701,32.4073
1388,2022-07-13 05:01:16,1536.2672,1.699,32.3761
1389,2022-07-13 05:02:46,1536.2680,1.7,32.3917
1390,2022-07-13 05:04:16,1536.2667,1.701,32.4073
1391,2022-07-13 05:05:51,1536.2667,1.699,32.3761
1392,2022-07-13 05:07:21,1536.2657,1.701,32.4073
1393,2022-07-13 05:08:51,1536.2654,1.7,32.3917
1394,2022-07-13 05:10:21,1536.2657,1.7,32.3917
1395,2022-07-13 05:11:51,1536.2659,1.699,32.3761
1396,2022-07-13 05:13:21,1536.2667,1.699,32.3761
1397,2022-07-13 05:14:51,1536.2651,1.701,32.4073
1398,2022-07-13 05:16:21,1536.2642,1.7,32.3917
1399,2022-07-13 05:17:55,1536.2646,1.7,32.3917
1400,2022-07-13 05:19:25,1536.2641,1.701,32.4073
1401,2022-07-13 05:20:55,1536.2653,1.7,32.3917
1402,2022-07-13 05:22:25,1536.2656,1.7,32.3917
1403,2022-07-13 05:23:54,1536.2639,1.701,32.4073
1404,2022-07-13 05:25:25,1536.2642,1.701,32.4073
1405,2022-07-13 05:26:55,1536.2639,1.703,32.4384
1406,2022-07-13 05:28:25,1536.2645,1.702,32.4228
1407,2022-07-13 05:29:55,1536.2632,1.702,32.4228
1408,2022-07-13 05:31:25,1536.2630,1.7,32.3917
1409,2022-07-13 05:32:55,1536.2629,1.699,32.3761
1410,2022-07-13 05:34:25,1536.2633,1.7,32.3917
1411,2022-07-13 05:36:00,1536.2631,1.7,32.3917
1412,2022-07-13 05:37:30,1536.2631,1.702,32.4228
1413,2022-07-13 05:39:00,1536.2644,1.702,32.4228
1414,2022-07-13 05:40:30,1536.2626,1.7,32.3917
1415,2022-07-13 05:42:00,1536.2627,1.699,32.3761
1416,2022-07-13 05:43:30,1536.2631,1.701,32.4073
1417,2022-07-13 05:45:00,1536.2633,1.7,32.3917
1418,2022-07-13 05:46:30,1536.2635,1.702,32.4228
1419,2022-07-13 05:48:00,1536.2628,1.7,32.3917
1420,2022-07-13 05:49:30,1536.2620,1.7,32.3917
1421,2022-07-13 05:51:00,1536.2628,1.702,32.4228
1422,2022-07-13 05:52:30,1536.2622,1.699,32.3761
1423,2022-07-13 05:54:00,1536.2619,1.701,32.4073
1424,2022-07-13 05:55:30,1536.2620,1.701,32.4073
1425,2022-07-13 05:57:01,1536.2612,1.7,32.3917
1426,2022-07-13 05:58:31,1536.2632,1.7,32.3917
1427,2022-07-13 06:00:01,1536.2616,1.703,32.4384
1428,2022-07-13 06:01:31,1536.2604,1.702,32.4228
1429,2022-07-13 06:03:01,1536.2605,1.701,32.4073
1430,2022-07-13 06:04:31,1536.2603,1.702,32.4228
1431,2022-07-13 06:06:05,1536.2608,1.701,32.4073
1432,2022-07-13 06:07:35,1536.2612,1.7,32.3917
1433,2022-07-13 06:09:05,1536.2621,1.701,32.4073
1434,2022-07-13 06:10:35,1536.2607,1.703,32.4384
1435,2022-07-13 06:12:05,1536.2603,1.701,32.4073
1436,2022-07-13 06:13:35,1536.2602,1.701,32.4073
1437,2022-07-13 06:15:05,1536.2603,1.701,32.4073
1438,2022-07-13 06:16:35,1536.2606,1.7,32.3917
1439,2022-07-13 06:18:05,1536.2596,1.7,32.3917
1440,2022-07-13 06:19:35,1536.2592,1.702,32.4228
1441,2022-07-13 06:21:05,1536.2601,1.702,32.4228
1442,2022-07-13 06:22:35,1536.2597,1.7,32.3917
1443,2022-07-13 06:24:05,1536.2592,1.701,32.4073
1444,2022-07-13 06:25:35,1536.2588,1.7,32.3917
1445,2022-07-13 06:27:06,1536.2576,1.701,32.4073
1446,2022-07-13 06:28:36,1536.2589,1.7,32.3917
1447,2022-07-13 06:30:06,1536.2589,1.701,32.4073
1448,2022-07-13 06:31:36,1536.2584,1.702,32.4228
1449,2022-07-13 06:33:06,1536.2575,1.701,32.4073
1450,2022-07-13 06:34:39,1536.2576,1.702,32.4228
1451,2022-07-13 06:36:11,1536.2580,1.699,32.3761
1452,2022-07-13 06:37:41,1536.2583,1.701,32.4073
1453,2022-07-13 06:39:11,1536.2594,1.701,32.4073
1454,2022-07-13 06:40:41,1536.2578,1.7,32.3917
1455,2022-07-13 06:42:11,1536.2577,1.701,32.4073
1456,2022-07-13 06:43:41,1536.2578,1.701,32.4073
1457,2022-07-13 06:45:11,1536.2588,1.699,32.3761
1458,2022-07-13 06:46:41,1536.2595,1.702,32.4228
1459,2022-07-13 06:48:11,1536.2580,1.701,32.4073
1460,2022-07-13 06:49:41,1536.2578,1.701,32.4073
1461,2022-07-13 06:51:11,1536.2581,1.702,32.4228
1462,2022-07-13 06:52:41,1536.2574,1.702,32.4228
1463,2022-07-13 06:54:11,1536.2586,1.701,32.4073
1464,2022-07-13 06:55:41,1536.2570,1.7,32.3917
1465,2022-07-13 06:57:12,1536.2566,1.701,32.4073
1466,2022-07-13 06:58:42,1536.2574,1.699,32.3761
1467,2022-07-13 07:00:12,1536.2578,1.7,32.3917
1468,2022-07-13 07:01:42,1536.2586,1.7,32.3917
1469,2022-07-13 07:03:12,1536.2571,1.699,32.3761
1470,2022-07-13 07:04:42,1536.2566,1.702,32.4228
1471,2022-07-13 07:06:16,1536.2561,1.702,32.4228
1472,2022-07-13 07:07:46,1536.2554,1.702,32.4228
1473,2022-07-13 07:09:16,1536.2570,1.702,32.4228
1474,2022-07-13 07:10:46,1536.2570,1.702,32.4228
1475,2022-07-13 07:12:16,1536.2565,1.702,32.4228
1476,2022-07-13 07:13:46,1536.2563,1.701,32.4073
1477,2022-07-13 07:15:17,1536.2566,1.702,32.4228
1478,2022-07-13 07:16:47,1536.2561,1.701,32.4073
1479,2022-07-13 07:18:17,1536.2553,1.702,32.4228
1480,2022-07-13 07:19:47,1536.2551,1.7,32.3917
1481,2022-07-13 07:21:17,1536.2551,1.701,32.4073
1482,2022-07-13 07:22:47,1536.2553,1.7,32.3917
1483,2022-07-13 07:24:17,1536.2567,1.7,32.3917
1484,2022-07-13 07:25:47,1536.2558,1.701,32.4073
1485,2022-07-13 07:27:18,1536.2552,1.702,32.4228
1486,2022-07-13 07:28:48,1536.2535,1.701,32.4073
1487,2022-07-13 07:30:18,1536.2533,1.7,32.3917
1488,2022-07-13 07:31:48,1536.2530,1.7,32.3917
1489,2022-07-13 07:33:18,1536.2524,1.701,32.4073
1490,2022-07-13 07:34:48,1536.2533,1.7,32.3917
1491,2022-07-13 07:36:22,1536.2542,1.7,32.3917
1492,2022-07-13 07:37:52,1536.2540,1.701,32.4073
1493,2022-07-13 07:39:22,1536.2542,1.7,32.3917
1494,2022-07-13 07:40:52,1536.2545,1.699,32.3761
1495,2022-07-13 07:42:22,1536.2726,1.699,32.3761
1496,2022-07-13 07:43:52,1536.2723,1.7,32.3917
1497,2022-07-13 07:45:23,1536.2718,1.7,32.3917
1498,2022-07-13 07:46:53,1536.2713,1.699,32.3761
1499,2022-07-13 07:48:23,1536.2706,1.698,32.3606
1500,2022-07-13 07:49:53,1536.2714,1.699,32.3761
1501,2022-07-13 07:51:23,1536.2693,1.699,32.3761
