,time,ctwl/nm,notch/dB,reflection/%,t-depth/dB,n_ac
0,2022-07-11 18:31:22,1536.7369,,99.91,30.6455,1.348576E-7
1,2022-07-11 18:32:51,1536.116,,100.00,47.3650,1.348031E-7
2,2022-07-11 18:34:20,1537.3396,,100.00,47.4920,1.349105E-7
3,2022-07-11 18:35:48,1538.2758,,100.00,45.1795,1.349926E-7
4,2022-07-11 18:37:17,1539.6261,,99.98,37.7765,1.351111E-7
5,2022-07-11 18:38:46,1541.3766,,99.90,29.8845,1.352647E-7
6,2022-07-11 18:40:14,1543.1995,,99.60,23.9500,1.354247E-7
7,2022-07-11 18:41:43,1544.985,,97.14,15.4330,1.355814E-7
8,2022-07-11 18:43:11,1546.1263,,95.19,13.1750,1.356815E-7
9,2022-07-11 18:44:40,1546.4921,,91.93,10.9290,1.357136E-7
10,2022-07-11 18:46:09,1546.6462,,89.64,9.8460,1.357272E-7
11,2022-07-11 18:47:37,1546.7489,,86.96,8.8460,1.357362E-7
12,2022-07-11 18:49:06,1546.7652,,84.46,8.0845,1.357376E-7
13,2022-07-11 18:50:35,1546.7801,,80.23,7.0395,1.357389E-7
14,2022-07-11 18:52:03,1546.788,,79.46,6.8740,1.357396E-7
15,2022-07-11 18:53:32,1546.7901,,72.92,5.6740,1.357398E-7
16,2022-07-11 18:55:01,1546.7925,,71.63,5.4710,1.357400E-7
17,2022-07-11 18:56:29,1546.7961,,72.05,5.5355,1.357403E-7
18,2022-07-11 18:57:58,1546.9034,,69.61,5.1730,1.357497E-7
19,2022-07-11 18:59:27,1546.8568,,67.12,4.8310,1.357456E-7
20,2022-07-11 19:00:55,1546.864,,64.42,4.4875,1.357463E-7
21,2022-07-11 19:02:24,1546.8708,,62.00,4.2020,1.357469E-7
22,2022-07-11 19:03:53,1546.8831,,59.38,3.9125,1.357480E-7
23,2022-07-11 19:05:21,1546.8871,,56.83,3.6485,1.357483E-7
24,2022-07-11 19:06:50,1546.896,,46.93,2.7515,1.357491E-7
25,2022-07-11 19:08:18,1546.9047,,51.51,3.1435,1.357499E-7
26,2022-07-11 19:09:47,1546.8853,,48.91,2.9170,1.357481E-7
27,2022-07-11 19:11:16,1546.8922,,46.40,2.7080,1.357488E-7
28,2022-07-11 19:12:44,1546.9049,,43.68,2.4930,1.357499E-7
29,2022-07-11 19:14:13,1546.9152,,41.14,2.3020,1.357508E-7
30,2022-07-11 19:15:42,1546.9225,,38.57,2.1165,1.357514E-7
31,2022-07-11 19:17:10,1546.9323,,36.09,1.9440,1.357523E-7
32,2022-07-11 19:18:39,1546.9582,,25.11,1.2560,1.357545E-7
33,2022-07-11 19:20:08,1546.983,,28.22,1.4400,1.357567E-7
34,2022-07-11 19:21:36,1546.9894,,28.94,1.4840,1.357573E-7
35,2022-07-11 19:23:05,1546.9991,,26.56,1.3405,1.357581E-7
36,2022-07-11 19:24:34,1547.0105,,23.04,1.1375,1.357591E-7
37,2022-07-11 19:26:02,1547.0216,,22.14,1.0870,1.357601E-7
38,2022-07-11 19:27:31,1547.0319,,20.26,0.9830,1.357610E-7
39,2022-07-11 19:29:00,1547.0446,,14.37,0.6735,1.357621E-7
40,2022-07-11 19:30:29,1547.0499,,16.41,0.7785,1.357626E-7
41,2022-07-11 19:31:57,1547.0501,,14.66,0.6885,1.357626E-7
42,2022-07-11 19:33:26,1547.0678,,9.17,0.4175,1.357642E-7
43,2022-07-11 19:34:54,1547.0825,,11.13,0.5125,1.357655E-7
44,2022-07-11 19:36:23,1547.1101,,9.92,0.4535,1.357679E-7
45,2022-07-11 19:37:52,1547.1224,,8.61,0.3910,1.357690E-7
46,2022-07-11 19:39:21,1547.1315,,7.31,0.3295,1.357698E-7
47,2022-07-11 19:40:49,1547.14,,6.24,0.2800,1.357705E-7
48,2022-07-11 19:42:18,1547.1481,,4.73,0.2105,1.357712E-7
49,2022-07-11 19:43:47,1547.152,,3.17,0.1400,1.357716E-7
50,2022-07-11 19:45:15,1547.1549,,3.33,0.1470,1.357718E-7
51,2022-07-11 19:46:44,1547.1589,,1.19,0.0520,1.357722E-7
52,2022-07-11 19:48:13,1547.1467,,1.05,0.0460,1.357711E-7
53,2022-07-11 19:49:41,1547.1411,,1.13,0.0495,1.357706E-7
54,2022-07-11 19:51:10,1547.0362,,1.19,0.0520,1.357614E-7
55,2022-07-11 19:52:39,1546.7268,,0.34,0.0150,3.42144E-8
56,2022-07-11 19:54:07,1546.4309,,0.68,0.0295,6.00481E-8
57,2022-07-11 19:55:36,1546.9573,,0.41,0.0180,3.89161E-8
58,2022-07-11 19:57:05,1547.0956,,0.36,0.0155,3.55567E-8
59,2022-07-11 19:58:33,1548.6311,,0.20,0.0085,2.47095E-8
60,2022-07-11 20:00:02,1548.6233,,0.26,0.0115,2.88883E-8
61,2022-07-11 20:01:31,1549.5258,,0.33,0.0145,3.36089E-8
62,2022-07-11 20:03:00,1548.6138,,0.14,0.0060,2.01930E-8
63,2022-07-11 20:04:28,1548.6013,,0.07,0.0030,1.39163E-8
64,2022-07-11 20:05:57,1547.96,,0.15,0.0065,2.09728E-8
65,2022-07-11 20:07:25,1547.9631,,0.06,0.0025,1.28332E-8
66,2022-07-11 20:08:54,1547.2213,,0.76,0.0330,6.87672E-8
67,2022-07-11 20:10:23,1547.2476,,1.38,0.0605,1.357799E-7
68,2022-07-11 20:11:52,1547.2741,,1.50,0.0655,1.357823E-7
69,2022-07-11 20:13:20,1547.2916,,1.98,0.0870,1.357838E-7
70,2022-07-11 20:14:49,1547.3237,,2.46,0.1080,1.357866E-7
71,2022-07-11 20:16:18,1547.3395,,2.75,0.1210,1.357880E-7
72,2022-07-11 20:17:46,1547.355,,3.28,0.1450,1.357894E-7
73,2022-07-11 20:19:15,1547.3703,,3.86,0.1710,1.357907E-7
74,2022-07-11 20:20:44,1547.3791,,4.02,0.1780,1.357915E-7
75,2022-07-11 20:22:13,1547.3854,,4.64,0.2065,1.357920E-7
76,2022-07-11 20:23:41,1547.3914,,3.26,0.1440,1.357926E-7
77,2022-07-11 20:25:10,1547.3945,,3.24,0.1430,1.357928E-7
78,2022-07-11 20:26:39,1547.4065,,6.88,0.3095,1.357939E-7
79,2022-07-11 20:28:07,1547.4144,,7.38,0.3330,1.357946E-7
80,2022-07-11 20:29:36,1547.4186,,6.79,0.3055,1.357949E-7
81,2022-07-11 20:31:05,1547.4234,,8.69,0.3950,1.357954E-7
82,2022-07-11 20:32:34,1547.4434,,6.70,0.3010,1.357971E-7
83,2022-07-11 20:34:02,1547.4414,,9.51,0.4340,1.357969E-7
84,2022-07-11 20:35:31,1547.4659,,6.99,0.3145,1.357991E-7
85,2022-07-11 20:37:00,1547.4802,,5.75,0.2570,1.358004E-7
86,2022-07-11 20:38:28,1547.4894,,7.39,0.3335,1.358012E-7
87,2022-07-11 20:39:57,1547.4951,,12.27,0.5685,1.358017E-7
88,2022-07-11 20:41:26,1547.5003,,12.93,0.6015,1.358021E-7
89,2022-07-11 20:42:55,1547.5075,,13.17,0.6135,1.358028E-7
90,2022-07-11 20:44:23,1547.5138,,14.19,0.6645,1.358033E-7
91,2022-07-11 20:45:52,1547.5184,,14.36,0.6730,1.358037E-7
92,2022-07-11 20:47:21,1547.5212,,11.65,0.5380,1.358040E-7
93,2022-07-11 20:48:49,1547.501,,15.90,0.7520,1.358022E-7
94,2022-07-11 20:50:18,1547.5084,,15.15,0.7135,1.358028E-7
95,2022-07-11 20:51:47,1547.5178,,17.03,0.8110,1.358037E-7
96,2022-07-11 20:53:16,1547.5279,,17.65,0.8435,1.358045E-7
97,2022-07-11 20:54:44,1547.5369,,11.93,0.5515,1.358053E-7
98,2022-07-11 20:56:13,1547.543,,14.67,0.6890,1.358059E-7
99,2022-07-11 20:57:42,1547.5384,,19.17,0.9245,1.358055E-7
100,2022-07-11 20:59:10,1547.5458,,19.61,0.9480,1.358061E-7
101,2022-07-11 21:00:39,1547.5519,,19.91,0.9640,1.358066E-7
102,2022-07-11 21:02:08,1547.5566,,20.50,0.9965,1.358071E-7
103,2022-07-11 21:03:37,1547.5633,,20.56,0.9995,1.358076E-7
104,2022-07-11 21:05:06,1547.5658,,21.47,1.0495,1.358079E-7
105,2022-07-11 21:06:34,1547.5827,,21.81,1.0685,1.358093E-7
106,2022-07-11 21:08:03,1547.5832,,22.30,1.0960,1.358094E-7
107,2022-07-11 21:09:32,1547.5927,,22.93,1.1310,1.358102E-7
108,2022-07-11 21:11:00,1547.5974,,12.78,0.5940,1.358106E-7
109,2022-07-11 21:12:29,1547.5645,,23.63,1.1710,1.358078E-7
110,2022-07-11 21:13:58,1547.566,,23.95,1.1890,1.358079E-7
111,2022-07-11 21:15:27,1547.5572,,24.40,1.2150,1.358071E-7
112,2022-07-11 21:16:55,1547.5602,,24.72,1.2330,1.358074E-7
113,2022-07-11 21:18:24,1547.5017,,25.20,1.2610,1.358022E-7
114,2022-07-11 21:19:53,1547.7138,,25.74,1.2925,1.358209E-7
115,2022-07-11 21:21:22,1547.7531,,26.10,1.3135,1.358243E-7
116,2022-07-11 21:22:50,1547.7756,,26.46,1.3350,1.358263E-7
117,2022-07-11 21:24:19,1547.7333,,16.71,0.7940,1.358226E-7
118,2022-07-11 21:25:48,1547.6963,,27.15,1.3760,1.358193E-7
119,2022-07-11 21:27:17,1547.7081,,27.56,1.4000,1.358204E-7
120,2022-07-11 21:28:45,1547.695,,27.79,1.4140,1.358192E-7
121,2022-07-11 21:30:14,1547.6963,,28.09,1.4320,1.358193E-7
122,2022-07-11 21:31:43,1547.7141,,16.28,0.7715,1.358209E-7
123,2022-07-11 21:33:12,1547.7138,,28.54,1.4595,1.358209E-7
124,2022-07-11 21:34:40,1547.724,,21.27,1.0385,1.358217E-7
125,2022-07-11 21:36:09,1547.7287,,22.99,1.1345,1.358222E-7
126,2022-07-11 21:37:38,1547.7274,,29.29,1.5050,1.358220E-7
127,2022-07-11 21:39:07,1547.7276,,25.07,1.2535,1.358221E-7
128,2022-07-11 21:40:35,1547.7352,,20.30,0.9855,1.358227E-7
129,2022-07-11 21:42:04,1547.7354,,30.00,1.5490,1.358227E-7
130,2022-07-11 21:43:33,1547.7349,,30.18,1.5600,1.358227E-7
131,2022-07-11 21:45:02,1547.7495,,30.43,1.5755,1.358240E-7
132,2022-07-11 21:46:31,1547.7496,,30.51,1.5810,1.358240E-7
133,2022-07-11 21:47:59,1547.7504,,30.76,1.5965,1.358241E-7
134,2022-07-11 21:49:28,1547.7522,,29.33,1.5075,1.358242E-7
135,2022-07-11 21:50:57,1547.7531,,31.06,1.6155,1.358243E-7
136,2022-07-11 21:52:25,1547.7521,,24.73,1.2335,1.358242E-7
137,2022-07-11 21:53:54,1547.7584,,17.22,0.8205,1.358248E-7
138,2022-07-11 21:55:23,1547.7587,,31.61,1.6500,1.358248E-7
139,2022-07-11 21:56:52,1547.7614,,31.77,1.6605,1.358250E-7
140,2022-07-11 21:58:21,1547.7661,,31.81,1.6630,1.358254E-7
141,2022-07-11 21:59:49,1547.7664,,31.99,1.6745,1.358255E-7
142,2022-07-11 22:01:18,1547.7664,,28.93,1.4830,1.358255E-7
143,2022-07-11 22:02:47,1547.7716,,32.29,1.6935,1.358259E-7
144,2022-07-11 22:04:16,1547.7716,,30.85,1.6020,1.358259E-7
145,2022-07-11 22:05:45,1547.775,,32.68,1.7185,1.358262E-7
146,2022-07-11 22:07:13,1547.7768,,32.72,1.7210,1.358264E-7
147,2022-07-11 22:08:42,1547.7775,,32.76,1.7235,1.358264E-7
148,2022-07-11 22:10:11,1547.7772,,32.95,1.7360,1.358264E-7
149,2022-07-11 22:11:40,1547.7813,,32.27,1.6925,1.358268E-7
150,2022-07-11 22:13:08,1547.7832,,33.16,1.7495,1.358269E-7
151,2022-07-11 22:14:37,1547.7822,,32.59,1.7130,1.358269E-7
152,2022-07-11 22:16:06,1547.787,,29.97,1.5470,1.358273E-7
153,2022-07-11 22:17:35,1547.7909,,33.47,1.7700,1.358276E-7
154,2022-07-11 22:19:04,1547.7904,,33.59,1.7775,1.358276E-7
155,2022-07-11 22:20:32,1547.7916,,33.60,1.7780,1.358277E-7
156,2022-07-11 22:22:01,1547.795,,28.29,1.4445,1.358280E-7
157,2022-07-11 22:23:30,1547.7953,,33.74,1.7875,1.358280E-7
158,2022-07-11 22:24:59,1547.7989,,33.79,1.7905,1.358283E-7
159,2022-07-11 22:26:28,1547.8005,,26.56,1.3405,1.358285E-7
160,2022-07-11 22:27:57,1547.8001,,33.98,1.8035,1.358284E-7
161,2022-07-11 22:29:25,1547.8016,,34.03,1.8065,1.358286E-7
162,2022-07-11 22:30:54,1547.8058,,34.01,1.8050,1.358289E-7
163,2022-07-11 22:32:23,1547.8046,,29.56,1.5220,1.358288E-7
164,2022-07-11 22:33:52,1547.8062,,34.19,1.8170,1.358290E-7
165,2022-07-11 22:35:20,1547.8105,,18.89,0.9095,1.358293E-7
166,2022-07-11 22:36:49,1547.8073,,32.73,1.7215,1.358291E-7
167,2022-07-11 22:38:18,1547.8112,,30.72,1.5940,1.358294E-7
168,2022-07-11 22:39:47,1547.8123,,33.34,1.7615,1.358295E-7
169,2022-07-11 22:41:16,1547.8116,,31.21,1.6245,1.358294E-7
170,2022-07-11 22:42:44,1547.8133,,34.08,1.8100,1.358296E-7
171,2022-07-11 22:44:13,1547.8152,,34.43,1.8330,1.358298E-7
172,2022-07-11 22:45:42,1547.8145,,34.46,1.8350,1.358297E-7
173,2022-07-11 22:47:11,1547.8191,,28.67,1.4670,1.358301E-7
174,2022-07-11 22:48:40,1547.8235,,34.36,1.8285,1.358305E-7
175,2022-07-11 22:50:08,1547.8169,,34.56,1.8415,1.358299E-7
176,2022-07-11 22:51:37,1547.8234,,28.98,1.4860,1.358305E-7
177,2022-07-11 22:53:06,1547.8254,,34.45,1.8345,1.358306E-7
178,2022-07-11 22:54:35,1547.8235,,32.83,1.7280,1.358305E-7
179,2022-07-11 22:56:04,1547.8253,,34.56,1.8415,1.358306E-7
180,2022-07-11 22:57:33,1547.8413,,32.39,1.7000,1.358320E-7
181,2022-07-11 22:59:01,1547.8262,,34.55,1.8410,1.358307E-7
182,2022-07-11 23:00:30,1547.8414,,31.15,1.6210,1.358321E-7
183,2022-07-11 23:01:59,1547.8532,,34.58,1.8430,1.358331E-7
184,2022-07-11 23:03:28,1547.844,,34.58,1.8430,1.358323E-7
185,2022-07-11 23:04:56,1547.85,,34.69,1.8500,1.358328E-7
186,2022-07-11 23:06:25,1547.858,,34.62,1.8455,1.358335E-7
187,2022-07-11 23:07:54,1547.8567,,34.56,1.8415,1.358334E-7
188,2022-07-11 23:09:23,1547.858,,34.68,1.8495,1.358335E-7
189,2022-07-11 23:10:52,1547.8587,,34.42,1.8320,1.358336E-7
190,2022-07-11 23:12:20,1547.8588,,34.67,1.8490,1.358336E-7
191,2022-07-11 23:13:49,1547.8618,,33.60,1.7785,1.358338E-7
192,2022-07-11 23:15:18,1547.8725,,33.50,1.7715,1.358348E-7
193,2022-07-11 23:16:47,1547.8652,,34.58,1.8430,1.358341E-7
194,2022-07-11 23:18:16,1547.8727,,34.66,1.8480,1.358348E-7
195,2022-07-11 23:19:45,1547.8765,,34.69,1.8500,1.358351E-7
196,2022-07-11 23:21:13,1547.8743,,28.07,1.4310,1.358349E-7
197,2022-07-11 23:22:42,1547.8825,,32.51,1.7075,1.358357E-7
198,2022-07-11 23:24:11,1547.8829,,34.26,1.8215,1.358357E-7
199,2022-07-11 23:25:40,1547.8829,,34.69,1.8500,1.358357E-7
200,2022-07-11 23:27:09,1547.8835,,34.69,1.8505,1.358357E-7
201,2022-07-11 23:28:38,1547.8857,,34.75,1.8540,1.358359E-7
202,2022-07-11 23:30:06,1547.8854,,19.32,0.9325,1.358359E-7
203,2022-07-11 23:31:35,1547.8855,,34.56,1.8415,1.358359E-7
204,2022-07-11 23:33:04,1547.887,,34.68,1.8495,1.358361E-7
205,2022-07-11 23:34:33,1547.8864,,34.67,1.8490,1.358360E-7
206,2022-07-11 23:36:02,1547.8871,,34.27,1.8225,1.358361E-7
207,2022-07-11 23:37:30,1547.8914,,23.16,1.1440,1.358364E-7
208,2022-07-11 23:38:59,1547.8906,,34.54,1.8400,1.358364E-7
209,2022-07-11 23:40:28,1547.8923,,34.68,1.8495,1.358365E-7
210,2022-07-11 23:41:57,1547.895,,34.77,1.8555,1.358368E-7
211,2022-07-11 23:43:26,1547.8918,,34.60,1.8445,1.358365E-7
212,2022-07-11 23:44:55,1547.8961,,34.67,1.8490,1.358369E-7
213,2022-07-11 23:46:23,1547.8966,,25.46,1.2760,1.358369E-7
214,2022-07-11 23:47:52,1547.8963,,25.37,1.2710,1.358369E-7
215,2022-07-11 23:49:21,1547.8974,,25.79,1.2955,1.358370E-7
216,2022-07-11 23:50:50,1547.8983,,34.52,1.8390,1.358370E-7
217,2022-07-11 23:52:19,1547.8983,,30.90,1.6050,1.358370E-7
218,2022-07-11 23:53:48,1547.8986,,34.57,1.8425,1.358371E-7
219,2022-07-11 23:55:17,1547.902,,27.99,1.4260,1.358374E-7
220,2022-07-11 23:56:45,1547.9014,,34.51,1.8385,1.358373E-7
221,2022-07-11 23:58:14,1547.902,,32.20,1.6875,1.358374E-7
222,2022-07-11 23:59:43,1547.9059,,34.42,1.8325,1.358377E-7
223,2022-07-12 00:01:12,1547.9047,,33.07,1.7435,1.358376E-7
224,2022-07-12 00:02:41,1547.9059,,34.33,1.8265,1.358377E-7
225,2022-07-12 00:04:10,1547.9101,,34.29,1.8240,1.358381E-7
226,2022-07-12 00:05:38,1547.9096,,34.37,1.8290,1.358380E-7
227,2022-07-12 00:07:07,1547.9098,,34.17,1.8155,1.358381E-7
228,2022-07-12 00:08:36,1547.9114,,34.17,1.8155,1.358382E-7
229,2022-07-12 00:10:05,1547.9112,,34.21,1.8185,1.358382E-7
230,2022-07-12 00:11:34,1547.9143,,33.33,1.7605,1.358384E-7
231,2022-07-12 00:13:03,1547.9161,,20.52,0.9975,1.358386E-7
232,2022-07-12 00:14:32,1547.9143,,34.12,1.8125,1.358384E-7
233,2022-07-12 00:16:00,1547.9148,,34.12,1.8125,1.358385E-7
234,2022-07-12 00:17:29,1547.9162,,32.30,1.6940,1.358386E-7
235,2022-07-12 00:18:58,1547.8822,,33.93,1.8000,1.358356E-7
236,2022-07-12 00:20:27,1547.6333,,34.06,1.8085,1.358138E-7
237,2022-07-12 00:21:56,1547.3169,,27.60,1.4025,1.357860E-7
238,2022-07-12 00:23:25,1547.0382,,34.08,1.8100,1.357616E-7
239,2022-07-12 00:24:54,1546.7861,,34.01,1.8050,1.357394E-7
240,2022-07-12 00:26:23,1546.5505,,33.82,1.7930,1.357188E-7
241,2022-07-12 00:27:51,1546.3632,,25.09,1.2545,1.357023E-7
242,2022-07-12 00:29:20,1546.1613,,32.45,1.7040,1.356846E-7
243,2022-07-12 00:30:49,1546.0093,,27.36,1.3885,1.356713E-7
244,2022-07-12 00:32:18,1545.8622,,33.75,1.7880,1.356584E-7
245,2022-07-12 00:33:47,1545.7156,,33.68,1.7835,1.356455E-7
246,2022-07-12 00:35:16,1545.5862,,20.33,0.9870,1.356341E-7
247,2022-07-12 00:36:45,1545.4631,,33.60,1.7785,1.356233E-7
248,2022-07-12 00:38:14,1545.339,,32.76,1.7240,1.356125E-7
249,2022-07-12 00:39:42,1545.2264,,33.03,1.7415,1.356026E-7
250,2022-07-12 00:41:12,1545.1162,,33.56,1.7755,1.355929E-7
251,2022-07-12 00:42:40,1545.0026,,31.88,1.6670,1.355829E-7
252,2022-07-12 00:44:09,1544.9321,,33.57,1.7765,1.355767E-7
253,2022-07-12 00:45:38,1544.8285,,33.54,1.7745,1.355677E-7
254,2022-07-12 00:47:07,1544.7313,,33.53,1.7740,1.355591E-7
255,2022-07-12 00:48:36,1544.6519,,33.34,1.7615,1.355522E-7
256,2022-07-12 00:50:05,1544.5685,,19.02,0.9160,1.355448E-7
257,2022-07-12 00:51:34,1544.4775,,33.40,1.7655,1.355369E-7
258,2022-07-12 00:53:03,1544.4082,,32.44,1.7030,1.355308E-7
259,2022-07-12 00:54:31,1544.3274,,33.37,1.7630,1.355237E-7
260,2022-07-12 00:56:00,1544.2402,,33.37,1.7630,1.355160E-7
261,2022-07-12 00:57:29,1544.1837,,33.40,1.7655,1.355111E-7
262,2022-07-12 00:58:58,1544.0984,,33.38,1.7640,1.355036E-7
263,2022-07-12 01:00:27,1544.0457,,29.12,1.4945,1.354990E-7
264,2022-07-12 01:01:56,1543.9661,,33.38,1.7640,1.354920E-7
265,2022-07-12 01:03:25,1543.9133,,33.40,1.7655,1.354873E-7
266,2022-07-12 01:04:54,1543.8347,,33.28,1.7575,1.354804E-7
267,2022-07-12 01:06:23,1543.7847,,33.26,1.7560,1.354761E-7
268,2022-07-12 01:07:51,1543.7114,,33.27,1.7565,1.354696E-7
269,2022-07-12 01:09:20,1543.6615,,33.24,1.7550,1.354652E-7
270,2022-07-12 01:10:49,1543.585,,25.95,1.3045,1.354585E-7
271,2022-07-12 01:12:18,1543.5431,,33.19,1.7515,1.354549E-7
272,2022-07-12 01:13:47,1543.4641,,33.20,1.7525,1.354479E-7
273,2022-07-12 01:15:16,1543.4193,,33.16,1.7495,1.354440E-7
274,2022-07-12 01:16:45,1543.3464,,19.11,0.9210,1.354376E-7
275,2022-07-12 01:18:14,1543.3059,,32.84,1.7290,1.354340E-7
276,2022-07-12 01:19:43,1543.2538,,32.76,1.7235,1.354295E-7
277,2022-07-12 01:21:11,1543.1968,,20.53,0.9980,1.354245E-7
278,2022-07-12 01:22:40,1543.1549,,32.59,1.7130,1.354208E-7
279,2022-07-12 01:24:09,1543.0859,,18.25,0.8750,1.354147E-7
280,2022-07-12 01:25:38,1543.0504,,33.07,1.7440,1.354116E-7
281,2022-07-12 01:27:07,1542.9988,,32.66,1.7170,1.354071E-7
282,2022-07-12 01:28:36,1542.9457,,30.71,1.5935,1.354024E-7
283,2022-07-12 01:30:05,1542.9078,,32.67,1.7180,1.353991E-7
284,2022-07-12 01:31:34,1542.8538,,33.04,1.7420,1.353944E-7
285,2022-07-12 01:33:03,1542.8046,,33.08,1.7445,1.353900E-7
286,2022-07-12 01:34:32,1542.7732,,32.85,1.7295,1.353873E-7
287,2022-07-12 01:36:01,1542.7056,,33.03,1.7415,1.353814E-7
288,2022-07-12 01:37:30,1542.6664,,31.53,1.6450,1.353779E-7
289,2022-07-12 01:38:58,1542.6339,,32.76,1.7240,1.353751E-7
290,2022-07-12 01:40:27,1542.5677,,32.98,1.7380,1.353693E-7
291,2022-07-12 01:41:56,1542.5321,,18.56,0.8915,1.353661E-7
292,2022-07-12 01:43:25,1542.4877,,32.96,1.7365,1.353622E-7
293,2022-07-12 01:44:54,1542.437,,26.29,1.3245,1.353578E-7
294,2022-07-12 01:46:23,1542.4019,,32.93,1.7345,1.353547E-7
295,2022-07-12 01:47:52,1542.3615,,32.96,1.7365,1.353512E-7
296,2022-07-12 01:49:21,1542.3092,,32.93,1.7350,1.353466E-7
297,2022-07-12 01:50:50,1542.2766,,21.02,1.0250,1.353437E-7
298,2022-07-12 01:52:19,1542.2464,,32.95,1.7360,1.353411E-7
299,2022-07-12 01:53:48,1542.1851,,32.84,1.7290,1.353357E-7
300,2022-07-12 01:55:17,1542.1536,,32.45,1.7035,1.353329E-7
301,2022-07-12 01:56:46,1542.1248,,32.24,1.6905,1.353304E-7
302,2022-07-12 01:58:15,1542.0652,,32.86,1.7305,1.353252E-7
303,2022-07-12 01:59:44,1542.035,,25.66,1.2880,1.353225E-7
304,2022-07-12 02:01:12,1542.0054,,31.55,1.6460,1.353199E-7
305,2022-07-12 02:02:41,1541.9668,,32.90,1.7325,1.353165E-7
306,2022-07-12 02:04:11,1541.9168,,32.90,1.7325,1.353121E-7
307,2022-07-12 02:05:39,1541.8912,,32.90,1.7325,1.353099E-7
308,2022-07-12 02:07:08,1541.8625,,32.94,1.7355,1.353074E-7
309,2022-07-12 02:08:37,1541.8028,,32.87,1.7310,1.353021E-7
310,2022-07-12 02:10:06,1541.775,,32.90,1.7330,1.352997E-7
311,2022-07-12 02:11:35,1541.7492,,20.46,0.9940,1.352974E-7
312,2022-07-12 02:13:04,1541.6985,,32.68,1.7185,1.352930E-7
313,2022-07-12 02:14:33,1541.6658,,30.56,1.5840,1.352901E-7
314,2022-07-12 02:16:02,1541.6371,,32.76,1.7235,1.352876E-7
315,2022-07-12 02:17:31,1541.6082,,32.24,1.6900,1.352851E-7
316,2022-07-12 02:19:00,1541.5558,,32.79,1.7255,1.352805E-7
317,2022-07-12 02:20:29,1541.5327,,28.96,1.4850,1.352784E-7
318,2022-07-12 02:21:58,1541.5038,,32.84,1.7290,1.352759E-7
319,2022-07-12 02:23:27,1541.4795,,32.76,1.7240,1.352738E-7
320,2022-07-12 02:24:56,1541.4233,,30.02,1.5505,1.352688E-7
321,2022-07-12 02:26:25,1541.4002,,20.75,1.0100,1.352668E-7
322,2022-07-12 02:27:54,1541.3763,,32.71,1.7205,1.352647E-7
323,2022-07-12 02:29:23,1541.3516,,32.76,1.7240,1.352625E-7
324,2022-07-12 02:30:51,1541.2952,,32.77,1.7245,1.352576E-7
325,2022-07-12 02:32:20,1541.2741,,32.66,1.7170,1.352557E-7
326,2022-07-12 02:33:49,1541.249,,32.74,1.7225,1.352535E-7
327,2022-07-12 02:35:19,1541.224,,25.31,1.2675,1.352513E-7
328,2022-07-12 02:36:47,1541.1719,,18.60,0.8935,1.352468E-7
329,2022-07-12 02:38:16,1541.1497,,32.72,1.7210,1.352448E-7
330,2022-07-12 02:39:45,1541.1258,,32.69,1.7195,1.352427E-7
331,2022-07-12 02:41:14,1541.1021,,31.46,1.6405,1.352406E-7
332,2022-07-12 02:42:43,1541.0611,,32.73,1.7220,1.352370E-7
333,2022-07-12 02:44:12,1541.0243,,32.68,1.7185,1.352338E-7
334,2022-07-12 02:45:41,1541.0043,,32.63,1.7155,1.352321E-7
335,2022-07-12 02:47:10,1540.9799,,32.63,1.7155,1.352299E-7
336,2022-07-12 02:48:39,1540.9465,,32.70,1.7200,1.352270E-7
337,2022-07-12 02:50:08,1540.9073,,31.86,1.6660,1.352235E-7
338,2022-07-12 02:51:37,1540.8849,,32.36,1.6980,1.352216E-7
339,2022-07-12 02:53:06,1540.8617,,32.76,1.7240,1.352195E-7
340,2022-07-12 02:54:35,1540.8436,,32.64,1.7160,1.352180E-7
341,2022-07-12 02:56:04,1540.7866,,32.65,1.7165,1.352130E-7
342,2022-07-12 02:57:33,1540.7709,,32.67,1.7180,1.352116E-7
343,2022-07-12 02:59:02,1540.7515,,32.69,1.7195,1.352099E-7
344,2022-07-12 03:00:31,1540.7253,,32.64,1.7160,1.352076E-7
345,2022-07-12 03:02:00,1540.6977,,32.64,1.7160,1.352052E-7
346,2022-07-12 03:03:29,1540.6575,,32.48,1.7055,1.352016E-7
347,2022-07-12 03:04:58,1540.639,,32.69,1.7190,1.352000E-7
348,2022-07-12 03:06:27,1540.6163,,32.67,1.7180,1.351980E-7
349,2022-07-12 03:07:56,1540.5971,,30.85,1.6020,1.351963E-7
350,2022-07-12 03:09:25,1540.5697,,32.65,1.7165,1.351939E-7
351,2022-07-12 03:10:54,1540.5282,,23.94,1.1885,1.351903E-7
352,2022-07-12 03:12:23,1540.5117,,32.69,1.7190,1.351888E-7
353,2022-07-12 03:13:52,1540.4877,,32.67,1.7180,1.351867E-7
354,2022-07-12 03:15:21,1540.4684,,32.61,1.7140,1.351850E-7
355,2022-07-12 03:16:50,1540.4529,,17.19,0.8190,1.351837E-7
356,2022-07-12 03:18:19,1540.4041,,32.64,1.7160,1.351794E-7
357,2022-07-12 03:19:48,1540.3842,,32.59,1.7125,1.351776E-7
358,2022-07-12 03:21:17,1540.365,,20.15,0.9770,1.351760E-7
359,2022-07-12 03:22:46,1540.3452,,32.53,1.7090,1.351742E-7
360,2022-07-12 03:24:15,1540.3283,,32.58,1.7120,1.351727E-7
361,2022-07-12 03:25:44,1540.2906,,32.32,1.6955,1.351694E-7
362,2022-07-12 03:27:16,1540.2597,,32.55,1.7100,1.351667E-7
363,2022-07-12 03:28:45,1540.2413,,32.55,1.7105,1.351651E-7
364,2022-07-12 03:30:14,1540.2229,,32.52,1.7085,1.351635E-7
365,2022-07-12 03:31:43,1540.2046,,32.50,1.7070,1.351619E-7
366,2022-07-12 03:33:12,1540.1748,,32.50,1.7070,1.351593E-7
367,2022-07-12 03:34:41,1540.1395,,32.42,1.7020,1.351562E-7
368,2022-07-12 03:36:10,1540.1218,,25.32,1.2680,1.351546E-7
369,2022-07-12 03:37:39,1540.104,,32.35,1.6975,1.351531E-7
370,2022-07-12 03:39:08,1540.0909,,31.40,1.6365,1.351519E-7
371,2022-07-12 03:40:37,1540.069,,32.40,1.7005,1.351500E-7
372,2022-07-12 03:42:06,1540.0346,,31.92,1.6700,1.351470E-7
373,2022-07-12 03:43:35,1540.0079,,32.49,1.7065,1.351446E-7
374,2022-07-12 03:45:04,1539.9896,,31.46,1.6405,1.351430E-7
375,2022-07-12 03:46:33,1539.9741,,32.49,1.7060,1.351417E-7
376,2022-07-12 03:48:02,1539.9525,,32.52,1.7085,1.351398E-7
377,2022-07-12 03:49:31,1539.9305,,32.49,1.7060,1.351378E-7
378,2022-07-12 03:51:00,1539.8911,,28.85,1.4780,1.351344E-7
379,2022-07-12 03:52:29,1539.8781,,31.67,1.6540,1.351332E-7
380,2022-07-12 03:53:58,1539.8616,,32.48,1.7055,1.351318E-7
381,2022-07-12 03:55:27,1539.8464,,26.32,1.3265,1.351304E-7
382,2022-07-12 03:56:56,1539.8276,,32.51,1.7075,1.351288E-7
383,2022-07-12 03:58:26,1539.8145,,32.44,1.7030,1.351276E-7
384,2022-07-12 03:59:55,1539.7785,,31.90,1.6685,1.351245E-7
385,2022-07-12 04:01:23,1539.7496,,32.51,1.7075,1.351219E-7
386,2022-07-12 04:02:52,1539.7374,,32.48,1.7055,1.351209E-7
387,2022-07-12 04:04:21,1539.7236,,31.51,1.6435,1.351197E-7
388,2022-07-12 04:05:50,1539.7044,,28.94,1.4840,1.351180E-7
389,2022-07-12 04:07:19,1539.6895,,32.44,1.7030,1.351167E-7
390,2022-07-12 04:08:49,1539.6658,,17.87,0.8550,1.351146E-7
391,2022-07-12 04:10:18,1539.6303,,32.42,1.7020,1.351115E-7
392,2022-07-12 04:11:47,1539.6182,,26.77,1.3530,1.351104E-7
393,2022-07-12 04:13:16,1539.6038,,32.38,1.6995,1.351092E-7
394,2022-07-12 04:14:45,1539.5851,,29.12,1.4945,1.351075E-7
395,2022-07-12 04:16:14,1539.5708,,32.48,1.7055,1.351063E-7
396,2022-07-12 04:17:43,1539.5593,,32.52,1.7080,1.351052E-7
397,2022-07-12 04:19:12,1539.5237,,32.33,1.6960,1.351021E-7
398,2022-07-12 04:20:41,1539.4983,,32.42,1.7015,1.350999E-7
399,2022-07-12 04:22:10,1539.4842,,32.45,1.7040,1.350987E-7
400,2022-07-12 04:23:39,1539.4683,,21.69,1.0620,1.350973E-7
401,2022-07-12 04:25:08,1539.4567,,32.42,1.7020,1.350962E-7
402,2022-07-12 04:26:37,1539.4437,,32.42,1.7020,1.350951E-7
403,2022-07-12 04:28:06,1539.4175,,21.71,1.0630,1.350928E-7
404,2022-07-12 04:29:35,1539.3941,,32.41,1.7010,1.350908E-7
405,2022-07-12 04:31:04,1539.3712,,30.99,1.6110,1.350887E-7
406,2022-07-12 04:32:33,1539.3576,,32.38,1.6990,1.350875E-7
407,2022-07-12 04:34:02,1539.341,,32.34,1.6970,1.350861E-7
408,2022-07-12 04:35:31,1539.3302,,32.33,1.6960,1.350851E-7
409,2022-07-12 04:37:00,1539.3118,,32.38,1.6995,1.350835E-7
410,2022-07-12 04:38:29,1539.3031,,31.60,1.6495,1.350828E-7
411,2022-07-12 04:39:59,1539.2774,,32.44,1.7030,1.350805E-7
412,2022-07-12 04:41:28,1539.2459,,16.98,0.8080,1.350777E-7
413,2022-07-12 04:42:57,1539.2343,,32.34,1.6970,1.350767E-7
414,2022-07-12 04:44:26,1539.2207,,32.40,1.7005,1.350755E-7
415,2022-07-12 04:45:55,1539.2063,,31.80,1.6620,1.350743E-7
416,2022-07-12 04:47:24,1539.193,,32.42,1.7020,1.350731E-7
417,2022-07-12 04:48:53,1539.1815,,32.34,1.6970,1.350721E-7
418,2022-07-12 04:50:22,1539.1605,,32.35,1.6975,1.350703E-7
419,2022-07-12 04:51:51,1539.1402,,23.09,1.1400,1.350685E-7
420,2022-07-12 04:53:20,1539.1142,,32.31,1.6950,1.350662E-7
421,2022-07-12 04:54:49,1539.1029,,32.39,1.7000,1.350652E-7
422,2022-07-12 04:56:18,1539.0892,,32.36,1.6980,1.350640E-7
423,2022-07-12 04:57:47,1539.0779,,22.68,1.1170,1.350630E-7
424,2022-07-12 04:59:16,1539.0649,,32.42,1.7015,1.350619E-7
425,2022-07-12 05:00:46,1539.054,,32.42,1.7015,1.350609E-7
426,2022-07-12 05:02:15,1539.0302,,32.41,1.7010,1.350588E-7
427,2022-07-12 05:03:44,1539.0128,,32.36,1.6980,1.350573E-7
428,2022-07-12 05:05:13,1538.9883,,32.22,1.6890,1.350551E-7
429,2022-07-12 05:06:42,1538.9787,,29.44,1.5145,1.350543E-7
430,2022-07-12 05:08:11,1538.9683,,32.19,1.6870,1.350534E-7
431,2022-07-12 05:09:40,1538.9564,,32.33,1.6960,1.350523E-7
432,2022-07-12 05:11:09,1538.9385,,17.80,0.8515,1.350508E-7
433,2022-07-12 05:12:38,1538.9313,,32.27,1.6920,1.350501E-7
434,2022-07-12 05:14:07,1538.9212,,32.37,1.6985,1.350493E-7
435,2022-07-12 05:15:36,1538.8978,,32.35,1.6975,1.350472E-7
436,2022-07-12 05:17:05,1538.8662,,32.24,1.6900,1.350444E-7
437,2022-07-12 05:18:34,1538.8589,,32.41,1.7010,1.350438E-7
438,2022-07-12 05:20:03,1538.8467,,32.34,1.6965,1.350427E-7
439,2022-07-12 05:21:33,1538.8368,,32.37,1.6985,1.350418E-7
440,2022-07-12 05:23:02,1538.8266,,32.30,1.6940,1.350410E-7
441,2022-07-12 05:24:31,1538.8131,,32.35,1.6975,1.350398E-7
442,2022-07-12 05:26:00,1538.8033,,19.81,0.9590,1.350389E-7
443,2022-07-12 05:27:29,1538.7968,,32.11,1.6820,1.350383E-7
444,2022-07-12 05:28:58,1538.7697,,32.34,1.6965,1.350360E-7
445,2022-07-12 05:30:27,1538.7392,,32.35,1.6975,1.350333E-7
446,2022-07-12 05:31:56,1538.7315,,32.37,1.6985,1.350326E-7
447,2022-07-12 05:33:25,1538.7202,,20.13,0.9760,1.350316E-7
448,2022-07-12 05:34:54,1538.7098,,32.32,1.6955,1.350307E-7
449,2022-07-12 05:36:23,1538.7002,,32.33,1.6960,1.350299E-7
450,2022-07-12 05:37:52,1538.6892,,32.13,1.6835,1.350289E-7
451,2022-07-12 05:39:21,1538.6771,,32.31,1.6945,1.350278E-7
452,2022-07-12 05:40:50,1538.6698,,32.30,1.6940,1.350272E-7
453,2022-07-12 05:42:20,1538.6495,,32.30,1.6940,1.350254E-7
454,2022-07-12 05:43:49,1538.6379,,32.29,1.6935,1.350244E-7
455,2022-07-12 05:45:18,1538.6075,,22.24,1.0925,1.350217E-7
456,2022-07-12 05:46:47,1538.598,,32.29,1.6935,1.350209E-7
457,2022-07-12 05:48:16,1538.5878,,32.32,1.6955,1.350200E-7
458,2022-07-12 05:49:45,1538.5773,,32.24,1.6905,1.350191E-7
459,2022-07-12 05:51:18,1538.5683,,32.31,1.6945,1.350183E-7
460,2022-07-12 05:52:47,1538.5591,,32.31,1.6945,1.350175E-7
461,2022-07-12 05:54:16,1538.5479,,31.77,1.6600,1.350165E-7
462,2022-07-12 05:55:45,1538.5409,,14.58,0.6845,1.350159E-7
463,2022-07-12 05:57:14,1538.519,,32.32,1.6955,1.350140E-7
464,2022-07-12 05:58:43,1538.5019,,31.30,1.6305,1.350125E-7
465,2022-07-12 06:00:12,1538.4773,,31.76,1.6595,1.350103E-7
466,2022-07-12 06:01:45,1538.4703,,32.20,1.6875,1.350097E-7
467,2022-07-12 06:03:14,1538.4634,,31.66,1.6535,1.350091E-7
468,2022-07-12 06:04:43,1538.4566,,19.41,0.9370,1.350085E-7
469,2022-07-12 06:06:16,1538.4438,,32.27,1.6920,1.350074E-7
470,2022-07-12 06:07:45,1538.4345,,28.25,1.4415,1.350065E-7
471,2022-07-12 06:09:14,1538.4244,,31.21,1.6250,1.350057E-7
472,2022-07-12 06:10:43,1538.4153,,28.41,1.4515,1.350049E-7
473,2022-07-12 06:12:12,1538.4085,,17.75,0.8485,1.350043E-7
474,2022-07-12 06:13:42,1538.383,,15.31,0.7215,1.350020E-7
475,2022-07-12 06:15:11,1538.3732,,32.27,1.6920,1.350012E-7
476,2022-07-12 06:16:40,1538.3526,,32.24,1.6900,1.349994E-7
477,2022-07-12 06:18:09,1538.3413,,32.25,1.6910,1.349984E-7
478,2022-07-12 06:19:38,1538.3352,,32.34,1.6970,1.349978E-7
479,2022-07-12 06:21:07,1538.3266,,24.12,1.1985,1.349971E-7
480,2022-07-12 06:22:36,1538.3159,,32.25,1.6910,1.349961E-7
481,2022-07-12 06:24:05,1538.3101,,32.27,1.6925,1.349956E-7
482,2022-07-12 06:25:38,1538.2983,,32.27,1.6920,1.349946E-7
483,2022-07-12 06:27:07,1538.289,,32.26,1.6915,1.349938E-7
484,2022-07-12 06:28:36,1538.2823,,32.27,1.6920,1.349932E-7
485,2022-07-12 06:30:05,1538.2657,,32.29,1.6935,1.349917E-7
486,2022-07-12 06:31:34,1538.2541,,32.26,1.6915,1.349907E-7
487,2022-07-12 06:33:03,1538.2271,,32.24,1.6900,1.349883E-7
488,2022-07-12 06:34:33,1538.2192,,32.22,1.6890,1.349876E-7
489,2022-07-12 06:36:02,1538.2134,,32.20,1.6880,1.349871E-7
490,2022-07-12 06:37:31,1538.2044,,23.95,1.1890,1.349863E-7
491,2022-07-12 06:39:00,1538.1969,,32.24,1.6900,1.349857E-7
492,2022-07-12 06:40:29,1538.1886,,32.26,1.6915,1.349850E-7
493,2022-07-12 06:41:58,1538.1827,,32.31,1.6945,1.349844E-7
494,2022-07-12 06:43:27,1538.1701,,26.87,1.3590,1.349833E-7
495,2022-07-12 06:44:57,1538.1653,,32.27,1.6920,1.349829E-7
496,2022-07-12 06:46:26,1538.1592,,25.36,1.2705,1.349824E-7
497,2022-07-12 06:47:55,1538.1492,,32.21,1.6885,1.349815E-7
498,2022-07-12 06:49:24,1538.1317,,23.10,1.1410,1.349800E-7
499,2022-07-12 06:50:53,1538.1262,,32.26,1.6915,1.349795E-7
500,2022-07-12 06:52:22,1538.0968,,32.21,1.6885,1.349769E-7
501,2022-07-12 06:53:51,1538.0911,,32.23,1.6895,1.349764E-7
502,2022-07-12 06:55:21,1538.0863,,32.27,1.6925,1.349760E-7
503,2022-07-12 06:56:50,1538.0781,,32.28,1.6930,1.349753E-7
504,2022-07-12 06:58:19,1538.0728,,32.25,1.6910,1.349748E-7
505,2022-07-12 06:59:48,1538.0683,,24.70,1.2320,1.349744E-7
506,2022-07-12 07:01:17,1538.0551,,32.06,1.6790,1.349732E-7
507,2022-07-12 07:02:46,1538.0493,,20.15,0.9770,1.349727E-7
508,2022-07-12 07:04:15,1538.0412,,32.19,1.6870,1.349720E-7
509,2022-07-12 07:05:45,1538.0319,,30.23,1.5635,1.349712E-7
510,2022-07-12 07:07:14,1538.0254,,32.27,1.6925,1.349706E-7
511,2022-07-12 07:08:43,1538.0094,,18.31,0.8785,1.349692E-7
512,2022-07-12 07:10:12,1538.0015,,32.28,1.6930,1.349685E-7
513,2022-07-12 07:11:41,1537.9859,,32.20,1.6880,1.349672E-7
514,2022-07-12 07:13:10,1537.9656,,32.20,1.6875,1.349654E-7
515,2022-07-12 07:14:39,1537.9625,,32.25,1.6910,1.349651E-7
516,2022-07-12 07:16:09,1537.9561,,21.35,1.0430,1.349646E-7
517,2022-07-12 07:17:38,1537.9466,,22.80,1.1240,1.349637E-7
518,2022-07-12 07:19:07,1537.9422,,32.20,1.6875,1.349633E-7
519,2022-07-12 07:20:36,1537.9364,,32.14,1.6840,1.349628E-7
520,2022-07-12 07:22:05,1537.9261,,32.22,1.6890,1.349619E-7
521,2022-07-12 07:23:34,1537.9218,,7.98,0.3610,1.349615E-7
522,2022-07-12 07:25:03,1537.9135,,32.24,1.6905,1.349608E-7
523,2022-07-12 07:26:33,1537.9069,,32.23,1.6895,1.349602E-7
524,2022-07-12 07:28:02,1537.8993,,31.51,1.6440,1.349596E-7
525,2022-07-12 07:29:31,1537.897,,29.87,1.5410,1.349594E-7
526,2022-07-12 07:31:00,1537.875,,31.47,1.6415,1.349574E-7
527,2022-07-12 07:32:29,1537.8701,,17.79,0.8505,1.349570E-7
528,2022-07-12 07:33:58,1537.8586,,32.24,1.6905,1.349560E-7
529,2022-07-12 07:35:28,1537.8366,,26.18,1.3185,1.349541E-7
530,2022-07-12 07:36:57,1537.8317,,32.21,1.6885,1.349536E-7
531,2022-07-12 07:38:26,1537.8292,,32.22,1.6890,1.349534E-7
532,2022-07-12 07:39:55,1537.8192,,32.20,1.6875,1.349525E-7
533,2022-07-12 07:41:24,1537.8142,,32.24,1.6900,1.349521E-7
534,2022-07-12 07:42:54,1537.809,,32.24,1.6905,1.349517E-7
535,2022-07-12 07:44:23,1537.8007,,32.24,1.6905,1.349509E-7
536,2022-07-12 07:45:52,1537.7973,,32.24,1.6900,1.349506E-7
537,2022-07-12 07:47:21,1537.7864,,32.19,1.6870,1.349497E-7
538,2022-07-12 07:48:50,1537.7838,,32.21,1.6885,1.349494E-7
539,2022-07-12 07:50:19,1537.7756,,32.14,1.6840,1.349487E-7
540,2022-07-12 07:51:49,1537.7668,,32.22,1.6890,1.349479E-7
541,2022-07-12 07:53:18,1537.7648,,32.17,1.6860,1.349478E-7
542,2022-07-12 07:54:47,1537.7477,,32.20,1.6880,1.349463E-7
543,2022-07-12 07:56:16,1537.7341,,31.83,1.6640,1.349451E-7
544,2022-07-12 07:57:46,1537.7179,,19.29,0.9305,1.349437E-7
545,2022-07-12 07:59:15,1537.713,,32.20,1.6875,1.349432E-7
546,2022-07-12 08:00:44,1537.7069,,32.18,1.6865,1.349427E-7
547,2022-07-12 08:02:13,1537.7019,,32.18,1.6865,1.349423E-7
548,2022-07-12 08:03:42,1537.7005,,32.17,1.6860,1.349421E-7
549,2022-07-12 08:05:11,1537.6903,,30.32,1.5690,1.349412E-7
550,2022-07-12 08:06:40,1537.6858,,17.95,0.8590,1.349408E-7
551,2022-07-12 08:08:10,1537.6815,,32.22,1.6890,1.349405E-7
552,2022-07-12 08:09:39,1537.6726,,32.09,1.6805,1.349397E-7
553,2022-07-12 08:11:08,1537.6699,,32.15,1.6845,1.349394E-7
554,2022-07-12 08:12:37,1537.6661,,32.17,1.6860,1.349391E-7
555,2022-07-12 08:14:06,1537.6567,,32.22,1.6890,1.349383E-7
556,2022-07-12 08:15:36,1537.6492,,32.19,1.6870,1.349376E-7
557,2022-07-12 08:17:05,1537.6477,,32.22,1.6890,1.349375E-7
558,2022-07-12 08:18:34,1537.6413,,32.20,1.6880,1.349369E-7
559,2022-07-12 08:20:03,1537.6256,,32.13,1.6835,1.349356E-7
560,2022-07-12 08:21:33,1537.6158,,23.95,1.1890,1.349347E-7
561,2022-07-12 08:23:02,1537.6141,,19.28,0.9300,1.349345E-7
562,2022-07-12 08:24:31,1537.5907,,32.17,1.6855,1.349325E-7
563,2022-07-12 08:26:00,1537.5847,,31.60,1.6495,1.349320E-7
564,2022-07-12 08:27:29,1537.5826,,32.17,1.6860,1.349318E-7
565,2022-07-12 08:28:59,1537.5785,,32.18,1.6865,1.349314E-7
566,2022-07-12 08:30:28,1537.5716,,29.71,1.5310,1.349308E-7
567,2022-07-12 08:31:57,1537.5675,,32.05,1.6780,1.349305E-7
568,2022-07-12 08:33:26,1537.5631,,32.19,1.6870,1.349301E-7
569,2022-07-12 08:34:55,1537.5539,,25.66,1.2875,1.349293E-7
570,2022-07-12 08:36:24,1537.5497,,26.32,1.3265,1.349289E-7
571,2022-07-12 08:37:54,1537.5484,,32.22,1.6890,1.349288E-7
572,2022-07-12 08:39:23,1537.5395,,32.24,1.6905,1.349280E-7
573,2022-07-12 08:40:52,1537.5349,,32.24,1.6900,1.349276E-7
574,2022-07-12 08:42:21,1537.5313,,32.29,1.6935,1.349273E-7
575,2022-07-12 08:43:51,1537.5252,,32.24,1.6900,1.349267E-7
576,2022-07-12 08:45:20,1537.5198,,32.24,1.6900,1.349263E-7
577,2022-07-12 08:46:49,1537.5181,,32.19,1.6870,1.349261E-7
578,2022-07-12 08:48:18,1537.5031,,32.28,1.6930,1.349248E-7
579,2022-07-12 08:49:48,1537.4992,,32.24,1.6905,1.349245E-7
580,2022-07-12 08:51:17,1537.4887,,18.17,0.8710,1.349235E-7
581,2022-07-12 08:52:46,1537.4797,,32.29,1.6935,1.349228E-7
582,2022-07-12 08:54:15,1537.4607,,31.79,1.6615,1.349211E-7
583,2022-07-12 08:55:44,1537.4555,,32.21,1.6885,1.349206E-7
584,2022-07-12 08:57:13,1537.454,,32.22,1.6890,1.349205E-7
585,2022-07-12 08:58:43,1537.4519,,31.96,1.6725,1.349203E-7
586,2022-07-12 09:00:12,1537.4455,,32.10,1.6810,1.349198E-7
587,2022-07-12 09:01:42,1537.4445,,19.41,0.9370,1.349197E-7
588,2022-07-12 09:03:11,1537.44,,32.27,1.6925,1.349193E-7
589,2022-07-12 09:04:40,1537.4342,,18.52,0.8895,1.349188E-7
590,2022-07-12 09:06:09,1537.4303,,32.29,1.6935,1.349184E-7
591,2022-07-12 09:07:38,1537.4262,,32.22,1.6890,1.349181E-7
592,2022-07-12 09:09:07,1537.4181,,22.51,1.1075,1.349173E-7
593,2022-07-12 09:10:37,1537.4168,,32.14,1.6840,1.349172E-7
594,2022-07-12 09:12:06,1537.4133,,32.17,1.6860,1.349169E-7
595,2022-07-12 09:13:35,1537.4079,,32.17,1.6860,1.349165E-7
596,2022-07-12 09:15:04,1537.4034,,31.32,1.6315,1.349161E-7
597,2022-07-12 09:16:34,1537.4047,,32.26,1.6915,1.349162E-7
598,2022-07-12 09:18:03,1537.3988,,24.52,1.2215,1.349157E-7
599,2022-07-12 09:19:32,1537.3937,,30.98,1.6100,1.349152E-7
600,2022-07-12 09:21:02,1537.3921,,19.90,0.9635,1.349151E-7
601,2022-07-12 09:22:31,1537.3875,,31.73,1.6580,1.349147E-7
602,2022-07-12 09:24:00,1537.3733,,32.24,1.6900,1.349134E-7
603,2022-07-12 09:25:29,1537.3646,,17.76,0.8490,1.349127E-7
604,2022-07-12 09:26:58,1537.3644,,32.13,1.6835,1.349126E-7
605,2022-07-12 09:28:27,1537.3599,,32.25,1.6910,1.349122E-7
606,2022-07-12 09:29:57,1537.332,,32.21,1.6885,1.349098E-7
607,2022-07-12 09:31:26,1537.3319,,32.23,1.6895,1.349098E-7
608,2022-07-12 09:32:55,1537.33,,32.17,1.6860,1.349096E-7
609,2022-07-12 09:34:25,1537.324,,32.24,1.6900,1.349091E-7
610,2022-07-12 09:35:54,1537.3206,,20.46,0.9940,1.349088E-7
611,2022-07-12 09:37:23,1537.32,,32.06,1.6790,1.349087E-7
612,2022-07-12 09:38:52,1537.3131,,32.23,1.6895,1.349081E-7
613,2022-07-12 09:40:21,1537.3139,,32.24,1.6900,1.349082E-7
614,2022-07-12 09:41:51,1537.3123,,32.20,1.6875,1.349081E-7
615,2022-07-12 09:43:20,1537.3066,,32.22,1.6890,1.349076E-7
616,2022-07-12 09:44:49,1537.3027,,32.26,1.6915,1.349072E-7
617,2022-07-12 09:46:19,1537.2982,,29.80,1.5365,1.349068E-7
618,2022-07-12 09:47:48,1537.2938,,32.23,1.6895,1.349064E-7
619,2022-07-12 09:49:17,1537.2892,,32.25,1.6910,1.349060E-7
620,2022-07-12 09:50:46,1537.2851,,29.61,1.5250,1.349057E-7
621,2022-07-12 09:52:16,1537.2806,,25.31,1.2675,1.349053E-7
622,2022-07-12 09:53:45,1537.2794,,32.23,1.6895,1.349052E-7
623,2022-07-12 09:55:14,1537.2705,,32.24,1.6900,1.349044E-7
624,2022-07-12 09:56:43,1537.2698,,29.93,1.5445,1.349043E-7
625,2022-07-12 09:58:13,1537.2661,,32.20,1.6875,1.349040E-7
626,2022-07-12 09:59:42,1537.2599,,32.25,1.6910,1.349035E-7
627,2022-07-12 10:01:11,1537.2592,,31.59,1.6490,1.349034E-7
628,2022-07-12 10:02:41,1537.2579,,32.29,1.6935,1.349033E-7
629,2022-07-12 10:04:10,1537.2382,,32.30,1.6940,1.349016E-7
630,2022-07-12 10:05:39,1537.237,,19.21,0.9265,1.349015E-7
631,2022-07-12 10:07:12,1537.2248,,32.22,1.6890,1.349004E-7
632,2022-07-12 10:08:41,1537.2235,,31.66,1.6535,1.349003E-7
633,2022-07-12 10:10:10,1537.2056,,32.24,1.6900,1.348987E-7
634,2022-07-12 10:11:47,1537.2036,,32.25,1.6910,1.348985E-7
635,2022-07-12 10:13:16,1537.2027,,13.75,0.6425,1.348984E-7
636,2022-07-12 10:14:45,1537.2321,,32.27,1.6920,1.349010E-7
637,2022-07-12 10:16:14,1537.2241,,32.24,1.6900,1.349003E-7
638,2022-07-12 10:17:44,1537.2052,,32.27,1.6920,1.348987E-7
639,2022-07-12 10:19:13,1537.1977,,31.98,1.6735,1.348980E-7
640,2022-07-12 10:20:42,1537.1977,,24.13,1.1995,1.348980E-7
641,2022-07-12 10:22:11,1537.1969,,32.20,1.6880,1.348979E-7
642,2022-07-12 10:23:41,1537.1883,,32.21,1.6885,1.348972E-7
643,2022-07-12 10:25:10,1537.1867,,31.81,1.6630,1.348970E-7
644,2022-07-12 10:26:39,1537.1861,,31.95,1.6715,1.348970E-7
645,2022-07-12 10:28:08,1537.18,,32.23,1.6895,1.348965E-7
646,2022-07-12 10:29:38,1537.1791,,32.22,1.6890,1.348964E-7
647,2022-07-12 10:31:07,1537.1792,,32.21,1.6885,1.348964E-7
648,2022-07-12 10:32:36,1537.1709,,32.25,1.6910,1.348957E-7
649,2022-07-12 10:34:05,1537.1672,,32.26,1.6915,1.348953E-7
650,2022-07-12 10:35:35,1537.1665,,32.21,1.6885,1.348953E-7
651,2022-07-12 10:37:04,1537.1611,,31.77,1.6600,1.348948E-7
652,2022-07-12 10:38:33,1537.1605,,31.70,1.6560,1.348947E-7
653,2022-07-12 10:40:02,1537.1485,,32.17,1.6860,1.348937E-7
654,2022-07-12 10:41:32,1537.1483,,32.10,1.6815,1.348937E-7
655,2022-07-12 10:43:01,1537.1475,,24.96,1.2470,1.348936E-7
656,2022-07-12 10:44:31,1537.1382,,31.02,1.6130,1.348928E-7
657,2022-07-12 10:46:00,1537.1401,,31.66,1.6535,1.348930E-7
658,2022-07-12 10:47:29,1537.139,,31.73,1.6580,1.348929E-7
659,2022-07-12 10:48:58,1537.1334,,29.32,1.5070,1.348924E-7
660,2022-07-12 10:50:28,1537.1313,,32.17,1.6855,1.348922E-7
661,2022-07-12 10:51:57,1537.1326,,32.16,1.6850,1.348923E-7
662,2022-07-12 10:53:26,1537.1136,,32.16,1.6850,1.348906E-7
663,2022-07-12 10:54:56,1537.1127,,32.18,1.6865,1.348905E-7
664,2022-07-12 10:56:25,1537.11,,31.34,1.6330,1.348903E-7
665,2022-07-12 10:57:54,1537.1046,,32.18,1.6865,1.348898E-7
666,2022-07-12 10:59:24,1537.0958,,32.16,1.6850,1.348891E-7
667,2022-07-12 11:00:53,1537.0777,,22.00,1.0790,1.348875E-7
668,2022-07-12 11:02:22,1537.0762,,23.06,1.1385,1.348873E-7
669,2022-07-12 11:03:52,1537.0755,,32.23,1.6895,1.348873E-7
670,2022-07-12 11:05:21,1537.0667,,32.15,1.6845,1.348865E-7
671,2022-07-12 11:06:50,1537.0696,,32.17,1.6860,1.348868E-7
672,2022-07-12 11:08:20,1537.0655,,23.24,1.1485,1.348864E-7
673,2022-07-12 11:09:49,1537.0589,,32.21,1.6885,1.348858E-7
674,2022-07-12 11:11:18,1537.0618,,32.20,1.6875,1.348861E-7
675,2022-07-12 11:12:47,1537.0599,,32.19,1.6870,1.348859E-7
676,2022-07-12 11:14:17,1537.0564,,32.22,1.6890,1.348856E-7
677,2022-07-12 11:15:46,1537.0495,,32.06,1.6790,1.348850E-7
678,2022-07-12 11:17:19,1537.0447,,32.14,1.6840,1.348846E-7
679,2022-07-12 11:18:48,1537.045,,32.18,1.6865,1.348846E-7
680,2022-07-12 11:20:17,1537.0483,,32.18,1.6865,1.348849E-7
681,2022-07-12 11:21:50,1537.0431,,25.17,1.2590,1.348844E-7
682,2022-07-12 11:23:23,1537.04,,32.19,1.6870,1.348842E-7
683,2022-07-12 11:24:55,1537.0378,,31.58,1.6480,1.348840E-7
684,2022-07-12 11:26:25,1537.035,,32.20,1.6875,1.348837E-7
685,2022-07-12 11:27:54,1537.0297,,32.14,1.6840,1.348833E-7
686,2022-07-12 11:29:23,1537.0328,,32.17,1.6860,1.348835E-7
687,2022-07-12 11:30:52,1537.0292,,29.73,1.5320,1.348832E-7
688,2022-07-12 11:32:22,1537.0197,,32.13,1.6835,1.348824E-7
689,2022-07-12 11:33:51,1537.0207,,18.34,0.8800,1.348825E-7
690,2022-07-12 11:35:20,1537.0194,,32.19,1.6870,1.348824E-7
691,2022-07-12 11:36:50,1537.0137,,32.18,1.6865,1.348819E-7
692,2022-07-12 11:38:19,1537.01,,32.13,1.6835,1.348815E-7
693,2022-07-12 11:39:48,1537.0114,,32.16,1.6850,1.348817E-7
694,2022-07-12 11:41:17,1537.0051,,32.18,1.6865,1.348811E-7
695,2022-07-12 11:42:47,1537.0046,,32.18,1.6865,1.348811E-7
696,2022-07-12 11:44:20,1536.9887,,32.13,1.6830,1.348797E-7
697,2022-07-12 11:45:49,1536.9898,,32.15,1.6845,1.348798E-7
698,2022-07-12 11:47:18,1536.989,,32.17,1.6860,1.348797E-7
699,2022-07-12 11:48:47,1536.9815,,31.96,1.6725,1.348790E-7
700,2022-07-12 11:50:17,1536.9813,,32.17,1.6860,1.348790E-7
701,2022-07-12 11:51:46,1536.9811,,32.17,1.6860,1.348790E-7
702,2022-07-12 11:53:15,1536.9686,,32.12,1.6825,1.348779E-7
703,2022-07-12 11:54:45,1536.953,,30.85,1.6020,1.348765E-7
704,2022-07-12 11:56:14,1536.9685,,32.20,1.6880,1.348779E-7
705,2022-07-12 11:57:44,1536.951,,17.86,0.8545,1.348764E-7
706,2022-07-12 11:59:13,1536.9505,,32.20,1.6880,1.348763E-7
707,2022-07-12 12:00:42,1536.9464,,32.11,1.6820,1.348760E-7
708,2022-07-12 12:02:11,1536.9422,,23.65,1.1720,1.348756E-7
709,2022-07-12 12:03:41,1536.9413,,20.37,0.9890,1.348755E-7
710,2022-07-12 12:05:10,1536.9357,,32.12,1.6825,1.348750E-7
711,2022-07-12 12:06:40,1536.9357,,26.58,1.3420,1.348750E-7
712,2022-07-12 12:08:09,1536.9344,,32.13,1.6830,1.348749E-7
713,2022-07-12 12:09:38,1536.9261,,30.14,1.5580,1.348742E-7
714,2022-07-12 12:11:08,1536.9262,,32.13,1.6830,1.348742E-7
715,2022-07-12 12:12:37,1536.9297,,29.42,1.5130,1.348745E-7
716,2022-07-12 12:14:06,1536.9243,,32.16,1.6850,1.348740E-7
717,2022-07-12 12:15:36,1536.9236,,32.08,1.6800,1.348740E-7
718,2022-07-12 12:17:05,1536.9239,,28.29,1.4440,1.348740E-7
719,2022-07-12 12:18:35,1536.92,,32.17,1.6860,1.348736E-7
720,2022-07-12 12:20:11,1536.9211,,32.14,1.6840,1.348737E-7
721,2022-07-12 12:21:43,1536.9154,,32.13,1.6830,1.348732E-7
722,2022-07-12 12:23:16,1536.9122,,32.17,1.6860,1.348730E-7
723,2022-07-12 12:24:46,1536.9102,,32.13,1.6830,1.348728E-7
724,2022-07-12 12:26:18,1536.9109,,32.21,1.6885,1.348728E-7
725,2022-07-12 12:27:48,1536.9055,,29.07,1.4915,1.348724E-7
726,2022-07-12 12:29:17,1536.9019,,19.93,0.9655,1.348720E-7
727,2022-07-12 12:30:46,1536.9056,,32.12,1.6825,1.348724E-7
728,2022-07-12 12:32:15,1536.9,,32.15,1.6845,1.348719E-7
729,2022-07-12 12:33:45,1536.8971,,32.19,1.6870,1.348716E-7
730,2022-07-12 12:35:18,1536.8953,,31.29,1.6295,1.348715E-7
731,2022-07-12 12:36:47,1536.8919,,32.10,1.6810,1.348712E-7
732,2022-07-12 12:38:16,1536.8923,,15.15,0.7135,1.348712E-7
733,2022-07-12 12:39:46,1536.8871,,32.17,1.6860,1.348707E-7
734,2022-07-12 12:41:15,1536.8869,,25.15,1.2580,1.348707E-7
735,2022-07-12 12:42:44,1536.8866,,32.19,1.6870,1.348707E-7
736,2022-07-12 12:44:14,1536.8817,,31.96,1.6725,1.348703E-7
737,2022-07-12 12:45:43,1536.8807,,29.08,1.4925,1.348702E-7
738,2022-07-12 12:47:13,1536.8758,,26.21,1.3200,1.348698E-7
739,2022-07-12 12:48:42,1536.8761,,32.11,1.6820,1.348698E-7
740,2022-07-12 12:50:11,1536.8755,,32.20,1.6875,1.348697E-7
741,2022-07-12 12:51:41,1536.8206,,32.12,1.6825,1.348649E-7
742,2022-07-12 12:53:10,1536.8255,,32.11,1.6820,1.348653E-7
743,2022-07-12 12:54:39,1536.8219,,32.17,1.6855,1.348650E-7
744,2022-07-12 12:56:09,1536.8177,,32.14,1.6840,1.348647E-7
745,2022-07-12 12:57:38,1536.8167,,32.19,1.6870,1.348646E-7
746,2022-07-12 12:59:08,1536.8145,,32.17,1.6855,1.348644E-7
747,2022-07-12 13:00:37,1536.8102,,32.17,1.6855,1.348640E-7
748,2022-07-12 13:02:06,1536.8113,,32.15,1.6845,1.348641E-7
749,2022-07-12 13:03:36,1536.8083,,32.07,1.6795,1.348638E-7
750,2022-07-12 13:05:05,1536.8066,,32.19,1.6870,1.348637E-7
751,2022-07-12 13:06:35,1536.8037,,32.14,1.6840,1.348634E-7
752,2022-07-12 13:08:04,1536.8016,,32.13,1.6835,1.348632E-7
753,2022-07-12 13:09:33,1536.8014,,32.23,1.6895,1.348632E-7
754,2022-07-12 13:11:03,1536.8005,,31.89,1.6680,1.348631E-7
755,2022-07-12 13:12:32,1536.7961,,23.66,1.1725,1.348628E-7
756,2022-07-12 13:14:01,1536.7958,,25.50,1.2785,1.348627E-7
757,2022-07-12 13:15:31,1536.7954,,31.76,1.6595,1.348627E-7
758,2022-07-12 13:17:01,1536.7916,,32.22,1.6890,1.348624E-7
759,2022-07-12 13:18:30,1536.7878,,24.80,1.2380,1.348620E-7
760,2022-07-12 13:19:59,1536.7907,,30.43,1.5755,1.348623E-7
761,2022-07-12 13:21:29,1536.7871,,32.22,1.6890,1.348620E-7
762,2022-07-12 13:22:58,1536.783,,22.68,1.1170,1.348616E-7
763,2022-07-12 13:24:27,1536.7823,,32.13,1.6835,1.348616E-7
764,2022-07-12 13:25:57,1536.7812,,32.20,1.6880,1.348615E-7
765,2022-07-12 13:27:26,1536.7808,,32.19,1.6870,1.348614E-7
766,2022-07-12 13:28:56,1536.776,,32.19,1.6870,1.348610E-7
767,2022-07-12 13:30:25,1536.7762,,32.15,1.6845,1.348610E-7
768,2022-07-12 13:31:54,1536.7756,,32.20,1.6880,1.348610E-7
769,2022-07-12 13:33:24,1536.7726,,32.01,1.6755,1.348607E-7
770,2022-07-12 13:34:53,1536.7728,,19.36,0.9345,1.348607E-7
771,2022-07-12 13:36:22,1536.775,,32.19,1.6870,1.348609E-7
772,2022-07-12 13:37:52,1536.7715,,31.99,1.6740,1.348606E-7
773,2022-07-12 13:39:22,1536.7678,,32.19,1.6870,1.348603E-7
774,2022-07-12 13:40:51,1536.771,,18.67,0.8975,1.348606E-7
775,2022-07-12 13:42:20,1536.7642,,24.55,1.2235,1.348600E-7
776,2022-07-12 13:43:50,1536.7634,,32.21,1.6885,1.348599E-7
777,2022-07-12 13:45:19,1536.7624,,32.13,1.6830,1.348598E-7
778,2022-07-12 13:46:48,1536.7589,,32.13,1.6830,1.348595E-7
779,2022-07-12 13:48:18,1536.7585,,26.76,1.3525,1.348595E-7
780,2022-07-12 13:49:47,1536.7536,,32.18,1.6865,1.348590E-7
781,2022-07-12 13:51:17,1536.7567,,32.16,1.6850,1.348593E-7
782,2022-07-12 13:52:46,1536.7534,,30.97,1.6095,1.348590E-7
783,2022-07-12 13:54:16,1536.7462,,32.17,1.6860,1.348584E-7
784,2022-07-12 13:55:45,1536.7514,,31.34,1.6330,1.348588E-7
785,2022-07-12 13:57:14,1536.7517,,31.44,1.6395,1.348589E-7
786,2022-07-12 13:58:44,1536.7453,,32.19,1.6870,1.348583E-7
787,2022-07-12 14:00:14,1536.7398,,32.05,1.6780,1.348578E-7
788,2022-07-12 14:01:43,1536.7472,,32.06,1.6790,1.348585E-7
789,2022-07-12 14:03:12,1536.7313,,29.79,1.5360,1.348571E-7
790,2022-07-12 14:04:42,1536.7278,,23.80,1.1805,1.348568E-7
791,2022-07-12 14:06:11,1536.7206,,31.22,1.6255,1.348561E-7
792,2022-07-12 14:07:40,1536.7249,,31.14,1.6205,1.348565E-7
793,2022-07-12 14:09:10,1536.727,,32.20,1.6875,1.348567E-7
794,2022-07-12 14:10:40,1536.7233,,32.06,1.6790,1.348564E-7
795,2022-07-12 14:12:09,1536.7201,,32.17,1.6855,1.348561E-7
796,2022-07-12 14:13:38,1536.7233,,32.16,1.6850,1.348564E-7
797,2022-07-12 14:15:08,1536.7194,,31.92,1.6695,1.348560E-7
798,2022-07-12 14:16:37,1536.7145,,31.50,1.6430,1.348556E-7
799,2022-07-12 14:18:07,1536.6948,,22.86,1.1270,1.348539E-7
800,2022-07-12 14:19:36,1536.6814,,32.21,1.6885,1.348527E-7
801,2022-07-12 14:21:06,1536.6921,,32.20,1.6875,1.348536E-7
802,2022-07-12 14:22:35,1536.6953,,32.18,1.6865,1.348539E-7
803,2022-07-12 14:24:05,1536.7111,,28.97,1.4855,1.348553E-7
804,2022-07-12 14:25:34,1536.7084,,29.32,1.5070,1.348551E-7
805,2022-07-12 14:27:03,1536.6848,,31.04,1.6140,1.348530E-7
806,2022-07-12 14:28:33,1536.6931,,32.21,1.6885,1.348537E-7
807,2022-07-12 14:30:03,1536.6899,,28.19,1.4380,1.348534E-7
808,2022-07-12 14:31:32,1536.6917,,28.05,1.4295,1.348536E-7
809,2022-07-12 14:33:01,1536.691,,32.19,1.6870,1.348535E-7
810,2022-07-12 14:34:31,1536.6849,,32.17,1.6860,1.348530E-7
811,2022-07-12 14:36:00,1536.6815,,18.07,0.8655,1.348527E-7
812,2022-07-12 14:37:29,1536.6832,,20.51,0.9970,1.348529E-7
813,2022-07-12 14:38:59,1536.68,,24.43,1.2165,1.348526E-7
814,2022-07-12 14:40:29,1536.6788,,31.46,1.6405,1.348525E-7
815,2022-07-12 14:41:58,1536.6786,,32.15,1.6845,1.348525E-7
816,2022-07-12 14:43:28,1536.6753,,30.76,1.5965,1.348522E-7
817,2022-07-12 14:44:57,1536.6749,,32.07,1.6795,1.348521E-7
818,2022-07-12 14:46:26,1536.6767,,20.91,1.0190,1.348523E-7
819,2022-07-12 14:47:56,1536.6728,,27.30,1.3845,1.348519E-7
820,2022-07-12 14:49:25,1536.6722,,28.93,1.4830,1.348519E-7
821,2022-07-12 14:50:55,1536.6716,,29.94,1.5455,1.348518E-7
822,2022-07-12 14:52:25,1536.6709,,32.16,1.6850,1.348518E-7
823,2022-07-12 14:53:54,1536.6675,,27.26,1.3825,1.348515E-7
824,2022-07-12 14:55:23,1536.666,,32.18,1.6865,1.348513E-7
825,2022-07-12 14:56:53,1536.665,,20.76,1.0105,1.348513E-7
826,2022-07-12 14:58:22,1536.6625,,31.78,1.6610,1.348510E-7
827,2022-07-12 14:59:52,1536.6611,,18.67,0.8975,1.348509E-7
828,2022-07-12 15:01:21,1536.658,,32.11,1.6820,1.348506E-7
829,2022-07-12 15:02:51,1536.6577,,32.10,1.6815,1.348506E-7
830,2022-07-12 15:04:20,1536.6541,,32.16,1.6850,1.348503E-7
831,2022-07-12 15:05:50,1536.6537,,32.13,1.6830,1.348503E-7
832,2022-07-12 15:07:19,1536.6537,,31.98,1.6735,1.348503E-7
833,2022-07-12 15:08:48,1536.6525,,32.12,1.6825,1.348502E-7
834,2022-07-12 15:10:18,1536.6516,,28.55,1.4600,1.348501E-7
835,2022-07-12 15:11:48,1536.6479,,32.12,1.6825,1.348498E-7
836,2022-07-12 15:13:17,1536.6474,,32.00,1.6750,1.348497E-7
837,2022-07-12 15:14:47,1536.6472,,32.12,1.6825,1.348497E-7
838,2022-07-12 15:16:16,1536.6463,,32.06,1.6785,1.348496E-7
839,2022-07-12 15:17:46,1536.6431,,31.40,1.6370,1.348493E-7
840,2022-07-12 15:19:15,1536.6436,,21.32,1.0415,1.348494E-7
841,2022-07-12 15:20:44,1536.6421,,32.06,1.6785,1.348492E-7
842,2022-07-12 15:22:14,1536.639,,32.13,1.6830,1.348490E-7
843,2022-07-12 15:23:44,1536.6384,,32.09,1.6805,1.348489E-7
844,2022-07-12 15:25:13,1536.6351,,32.09,1.6805,1.348486E-7
845,2022-07-12 15:26:43,1536.6342,,32.10,1.6815,1.348486E-7
846,2022-07-12 15:28:12,1536.6332,,32.13,1.6830,1.348485E-7
847,2022-07-12 15:29:41,1536.6328,,29.45,1.5150,1.348484E-7
848,2022-07-12 15:31:11,1536.6325,,19.22,0.9270,1.348484E-7
849,2022-07-12 15:32:41,1536.6291,,32.11,1.6820,1.348481E-7
850,2022-07-12 15:34:10,1536.629,,28.65,1.4660,1.348481E-7
851,2022-07-12 15:35:40,1536.629,,32.10,1.6810,1.348481E-7
852,2022-07-12 15:37:09,1536.625,,32.10,1.6810,1.348477E-7
853,2022-07-12 15:38:38,1536.6243,,32.10,1.6815,1.348477E-7
854,2022-07-12 15:40:08,1536.6246,,32.12,1.6825,1.348477E-7
855,2022-07-12 15:41:37,1536.6232,,31.95,1.6715,1.348476E-7
856,2022-07-12 15:43:07,1536.6203,,32.15,1.6845,1.348473E-7
857,2022-07-12 15:44:37,1536.6194,,32.15,1.6845,1.348473E-7
858,2022-07-12 15:46:06,1536.6186,,28.38,1.4495,1.348472E-7
859,2022-07-12 15:47:36,1536.6185,,20.72,1.0085,1.348472E-7
860,2022-07-12 15:49:05,1536.6172,,32.14,1.6840,1.348471E-7
861,2022-07-12 15:50:34,1536.617,,32.12,1.6825,1.348470E-7
862,2022-07-12 15:52:04,1536.6167,,32.13,1.6830,1.348470E-7
863,2022-07-12 15:53:34,1536.6156,,32.12,1.6825,1.348469E-7
864,2022-07-12 15:55:03,1536.6052,,32.16,1.6850,1.348460E-7
865,2022-07-12 15:56:33,1536.6027,,32.20,1.6875,1.348458E-7
866,2022-07-12 15:58:02,1536.6022,,32.16,1.6850,1.348457E-7
867,2022-07-12 15:59:32,1536.5995,,32.14,1.6840,1.348455E-7
868,2022-07-12 16:01:01,1536.5983,,32.18,1.6865,1.348454E-7
869,2022-07-12 16:02:31,1536.5981,,32.17,1.6860,1.348454E-7
870,2022-07-12 16:04:00,1536.5956,,32.16,1.6850,1.348452E-7
871,2022-07-12 16:05:30,1536.5947,,19.93,0.9655,1.348451E-7
872,2022-07-12 16:06:59,1536.5919,,32.17,1.6860,1.348448E-7
873,2022-07-12 16:08:29,1536.6025,,32.18,1.6865,1.348458E-7
874,2022-07-12 16:09:58,1536.5986,,31.86,1.6660,1.348454E-7
875,2022-07-12 16:11:28,1536.5981,,32.15,1.6845,1.348454E-7
876,2022-07-12 16:12:57,1536.5183,,32.17,1.6855,1.348384E-7
877,2022-07-12 16:14:27,1536.5175,,32.13,1.6830,1.348383E-7
878,2022-07-12 16:15:57,1536.5192,,32.17,1.6855,1.348385E-7
879,2022-07-12 16:17:26,1536.5181,,32.20,1.6880,1.348384E-7
880,2022-07-12 16:18:56,1536.515,,32.20,1.6875,1.348381E-7
881,2022-07-12 16:20:25,1536.5141,,31.13,1.6195,1.348380E-7
882,2022-07-12 16:21:54,1536.5097,,32.17,1.6860,1.348376E-7
883,2022-07-12 16:23:24,1536.5039,,32.14,1.6840,1.348371E-7
884,2022-07-12 16:24:54,1536.5013,,32.14,1.6840,1.348369E-7
885,2022-07-12 16:26:23,1536.4951,,32.18,1.6865,1.348363E-7
886,2022-07-12 16:27:53,1536.4996,,24.91,1.2440,1.348367E-7
887,2022-07-12 16:29:22,1536.4957,,32.17,1.6855,1.348364E-7
888,2022-07-12 16:30:52,1536.4928,,32.17,1.6855,1.348361E-7
889,2022-07-12 16:32:21,1536.4974,,31.63,1.6515,1.348366E-7
890,2022-07-12 16:33:51,1536.4897,,32.10,1.6815,1.348359E-7
891,2022-07-12 16:35:21,1536.4897,,32.13,1.6835,1.348359E-7
892,2022-07-12 16:36:50,1536.4925,,32.20,1.6880,1.348361E-7
893,2022-07-12 16:38:20,1536.4875,,32.17,1.6860,1.348357E-7
894,2022-07-12 16:39:52,1536.4885,,32.17,1.6855,1.348358E-7
895,2022-07-12 16:41:25,1536.4737,,32.17,1.6860,1.348345E-7
896,2022-07-12 16:42:55,1536.4878,,31.71,1.6565,1.348357E-7
897,2022-07-12 16:44:26,1536.4705,,31.74,1.6585,1.348342E-7
898,2022-07-12 16:45:56,1536.4696,,32.13,1.6835,1.348341E-7
899,2022-07-12 16:47:28,1536.4726,,32.04,1.6775,1.348344E-7
900,2022-07-12 16:48:58,1536.4656,,32.10,1.6815,1.348338E-7
901,2022-07-12 16:50:27,1536.4692,,27.53,1.3985,1.348341E-7
902,2022-07-12 16:51:57,1536.463,,27.70,1.4085,1.348335E-7
903,2022-07-12 16:53:26,1536.461,,31.86,1.6660,1.348334E-7
904,2022-07-12 16:54:56,1536.4623,,31.99,1.6745,1.348335E-7
905,2022-07-12 16:56:25,1536.453,,32.12,1.6825,1.348327E-7
906,2022-07-12 16:57:55,1536.4609,,32.06,1.6785,1.348333E-7
907,2022-07-12 16:59:24,1536.4617,,22.45,1.1040,1.348334E-7
908,2022-07-12 17:00:54,1536.4344,,26.89,1.3605,1.348310E-7
909,2022-07-12 17:02:23,1536.4529,,25.23,1.2625,1.348326E-7
910,2022-07-12 17:03:53,1536.4359,,32.12,1.6825,1.348312E-7
911,2022-07-12 17:05:26,1536.4341,,32.11,1.6820,1.348310E-7
912,2022-07-12 17:06:56,1536.435,,32.14,1.6840,1.348311E-7
913,2022-07-12 17:08:25,1536.4328,,25.35,1.2695,1.348309E-7
914,2022-07-12 17:09:55,1536.4334,,32.09,1.6805,1.348309E-7
915,2022-07-12 17:11:24,1536.4352,,32.13,1.6830,1.348311E-7
916,2022-07-12 17:12:54,1536.4302,,32.13,1.6830,1.348307E-7
917,2022-07-12 17:14:28,1536.4319,,32.16,1.6850,1.348308E-7
918,2022-07-12 17:15:58,1536.4288,,31.24,1.6265,1.348305E-7
919,2022-07-12 17:17:27,1536.4307,,32.16,1.6850,1.348307E-7
920,2022-07-12 17:18:57,1536.4298,,32.17,1.6855,1.348306E-7
921,2022-07-12 17:20:26,1536.4271,,32.15,1.6845,1.348304E-7
922,2022-07-12 17:21:56,1536.4279,,32.19,1.6870,1.348305E-7
923,2022-07-12 17:23:25,1536.4254,,31.55,1.6460,1.348302E-7
924,2022-07-12 17:24:55,1536.4257,,31.47,1.6415,1.348303E-7
925,2022-07-12 17:26:25,1536.4259,,27.32,1.3860,1.348303E-7
926,2022-07-12 17:27:54,1536.4206,,32.13,1.6830,1.348298E-7
927,2022-07-12 17:29:24,1536.425,,32.14,1.6840,1.348302E-7
928,2022-07-12 17:30:53,1536.4248,,32.13,1.6835,1.348302E-7
929,2022-07-12 17:32:23,1536.4224,,32.16,1.6850,1.348300E-7
930,2022-07-12 17:33:52,1536.4241,,32.14,1.6840,1.348301E-7
931,2022-07-12 17:35:22,1536.4228,,29.18,1.4985,1.348300E-7
932,2022-07-12 17:36:51,1536.4231,,32.17,1.6860,1.348300E-7
933,2022-07-12 17:38:21,1536.4203,,32.16,1.6850,1.348298E-7
934,2022-07-12 17:39:50,1536.419,,32.16,1.6850,1.348297E-7
935,2022-07-12 17:41:20,1536.419,,17.72,0.8470,1.348297E-7
936,2022-07-12 17:42:53,1536.4188,,32.11,1.6820,1.348297E-7
937,2022-07-12 17:44:29,1536.4194,,32.13,1.6830,1.348297E-7
938,2022-07-12 17:45:58,1536.4148,,32.17,1.6855,1.348293E-7
939,2022-07-12 17:47:28,1536.4328,,32.17,1.6855,1.348309E-7
940,2022-07-12 17:49:01,1536.4338,,32.10,1.6810,1.348310E-7
941,2022-07-12 17:50:30,1536.4322,,32.11,1.6820,1.348308E-7
942,2022-07-12 17:52:00,1536.4333,,32.16,1.6850,1.348309E-7
943,2022-07-12 17:53:33,1536.4315,,32.17,1.6855,1.348308E-7
944,2022-07-12 17:55:06,1536.4322,,20.67,1.0055,1.348308E-7
945,2022-07-12 17:56:39,1536.4275,,28.80,1.4750,1.348304E-7
946,2022-07-12 17:58:11,1536.4328,,32.14,1.6840,1.348309E-7
947,2022-07-12 17:59:44,1536.4303,,32.16,1.6850,1.348307E-7
948,2022-07-12 18:01:14,1536.4315,,28.15,1.4355,1.348308E-7
949,2022-07-12 18:02:43,1536.4298,,32.19,1.6870,1.348306E-7
950,2022-07-12 18:04:13,1536.4266,,32.20,1.6880,1.348303E-7
951,2022-07-12 18:05:43,1536.4272,,32.17,1.6860,1.348304E-7
952,2022-07-12 18:07:13,1536.4292,,32.17,1.6855,1.348306E-7
953,2022-07-12 18:08:42,1536.4299,,18.14,0.8695,1.348306E-7
954,2022-07-12 18:10:12,1536.4275,,32.17,1.6855,1.348304E-7
955,2022-07-12 18:11:41,1536.4255,,31.24,1.6265,1.348302E-7
956,2022-07-12 18:13:11,1536.4258,,32.17,1.6855,1.348303E-7
957,2022-07-12 18:14:40,1536.4252,,30.86,1.6025,1.348302E-7
958,2022-07-12 18:16:10,1536.4243,,32.17,1.6860,1.348301E-7
959,2022-07-12 18:17:40,1536.424,,32.15,1.6845,1.348301E-7
960,2022-07-12 18:19:09,1536.4232,,31.98,1.6735,1.348300E-7
961,2022-07-12 18:20:39,1536.4239,,32.17,1.6855,1.348301E-7
962,2022-07-12 18:22:08,1536.424,,32.20,1.6880,1.348301E-7
963,2022-07-12 18:23:38,1536.419,,31.97,1.6730,1.348297E-7
964,2022-07-12 18:25:08,1536.4237,,32.16,1.6850,1.348301E-7
965,2022-07-12 18:26:38,1536.4198,,26.74,1.3515,1.348297E-7
966,2022-07-12 18:28:07,1536.4192,,32.16,1.6850,1.348297E-7
967,2022-07-12 18:29:37,1536.4225,,31.30,1.6305,1.348300E-7
968,2022-07-12 18:31:06,1536.4171,,32.12,1.6825,1.348295E-7
969,2022-07-12 18:32:36,1536.419,,23.98,1.1910,1.348297E-7
970,2022-07-12 18:34:05,1536.4189,,32.12,1.6825,1.348297E-7
971,2022-07-12 18:35:35,1536.4183,,32.17,1.6855,1.348296E-7
972,2022-07-12 18:37:05,1536.4187,,28.21,1.4395,1.348296E-7
973,2022-07-12 18:38:34,1536.4159,,32.18,1.6865,1.348294E-7
974,2022-07-12 18:40:04,1536.4145,,32.15,1.6845,1.348293E-7
975,2022-07-12 18:41:34,1536.4155,,20.69,1.0065,1.348294E-7
976,2022-07-12 18:43:03,1536.4138,,32.17,1.6860,1.348292E-7
977,2022-07-12 18:44:33,1536.4144,,32.20,1.6880,1.348293E-7
978,2022-07-12 18:46:02,1536.4151,,31.58,1.6480,1.348293E-7
979,2022-07-12 18:47:32,1536.4127,,6.34,0.2845,1.348291E-7
980,2022-07-12 18:49:02,1536.4134,,31.76,1.6595,1.348292E-7
981,2022-07-12 18:50:32,1536.4143,,23.91,1.1865,1.348293E-7
982,2022-07-12 18:52:01,1536.4121,,32.16,1.6850,1.348291E-7
983,2022-07-12 18:53:31,1536.4129,,18.72,0.9000,1.348291E-7
984,2022-07-12 18:55:00,1536.4099,,0.65,0.0285,5.68602E-8
985,2022-07-12 18:56:30,1536.4123,,32.20,1.6875,1.348291E-7
986,2022-07-12 18:58:00,1536.4129,,31.81,1.6625,1.348291E-7
987,2022-07-12 18:59:29,1536.4088,,24.16,1.2010,1.348288E-7
988,2022-07-12 19:00:59,1536.4122,,32.20,1.6875,1.348291E-7
989,2022-07-12 19:02:29,1536.4099,,32.21,1.6885,1.348289E-7
990,2022-07-12 19:03:58,1536.408,,31.61,1.6500,1.348287E-7
991,2022-07-12 19:05:28,1536.4098,,32.17,1.6860,1.348289E-7
992,2022-07-12 19:06:57,1536.4095,,24.95,1.2465,1.348288E-7
993,2022-07-12 19:08:28,1536.409,,32.13,1.6835,1.348288E-7
994,2022-07-12 19:09:57,1536.4092,,31.98,1.6735,1.348288E-7
995,2022-07-12 19:11:27,1536.4086,,31.39,1.6360,1.348288E-7
996,2022-07-12 19:12:56,1536.4084,,32.18,1.6865,1.348287E-7
997,2022-07-12 19:14:26,1536.4088,,32.11,1.6820,1.348288E-7
998,2022-07-12 19:15:55,1536.4048,,30.49,1.5795,1.348284E-7
999,2022-07-12 19:17:25,1536.4076,,28.08,1.4315,1.348287E-7
1000,2022-07-12 19:18:55,1536.4079,,31.73,1.6580,1.348287E-7
1001,2022-07-12 19:20:25,1536.4071,,22.32,1.0970,1.348286E-7
1002,2022-07-12 19:21:54,1536.4046,,26.89,1.3605,1.348284E-7
1003,2022-07-12 19:23:24,1536.4036,,32.16,1.6850,1.348283E-7
1004,2022-07-12 19:24:53,1536.4039,,32.23,1.6895,1.348283E-7
1005,2022-07-12 19:26:23,1536.4038,,32.17,1.6860,1.348283E-7
1006,2022-07-12 19:27:53,1536.4029,,25.20,1.2610,1.348283E-7
1007,2022-07-12 19:29:23,1536.4039,,28.90,1.4810,1.348283E-7
1008,2022-07-12 19:30:52,1536.4036,,24.94,1.2460,1.348283E-7
1009,2022-07-12 19:32:22,1536.3997,,31.17,1.6225,1.348280E-7
1010,2022-07-12 19:33:52,1536.3996,,32.09,1.6805,1.348280E-7
1011,2022-07-12 19:35:21,1536.3993,,32.08,1.6800,1.348279E-7
1012,2022-07-12 19:36:51,1536.3992,,31.94,1.6710,1.348279E-7
1013,2022-07-12 19:38:20,1536.3997,,32.14,1.6840,1.348280E-7
1014,2022-07-12 19:39:50,1536.3948,,32.19,1.6870,1.348275E-7
1015,2022-07-12 19:41:20,1536.3964,,32.15,1.6845,1.348277E-7
1016,2022-07-12 19:42:50,1536.3962,,32.17,1.6860,1.348277E-7
1017,2022-07-12 19:44:19,1536.3946,,32.14,1.6840,1.348275E-7
1018,2022-07-12 19:45:49,1536.3957,,32.14,1.6840,1.348276E-7
1019,2022-07-12 19:47:18,1536.3954,,31.69,1.6550,1.348276E-7
1020,2022-07-12 19:48:48,1536.3935,,32.14,1.6840,1.348274E-7
1021,2022-07-12 19:50:18,1536.3948,,32.17,1.6860,1.348275E-7
1022,2022-07-12 19:51:48,1536.3909,,32.16,1.6850,1.348272E-7
1023,2022-07-12 19:53:17,1536.3914,,32.16,1.6850,1.348272E-7
1024,2022-07-12 19:54:47,1536.394,,26.09,1.3130,1.348275E-7
1025,2022-07-12 19:56:17,1536.39,,32.11,1.6820,1.348271E-7
1026,2022-07-12 19:57:46,1536.3901,,32.10,1.6815,1.348271E-7
1027,2022-07-12 19:59:16,1536.389,,32.13,1.6830,1.348270E-7
1028,2022-07-12 20:00:46,1536.3851,,32.11,1.6820,1.348267E-7
1029,2022-07-12 20:02:16,1536.3887,,32.13,1.6830,1.348270E-7
1030,2022-07-12 20:03:46,1536.3846,,25.63,1.2860,1.348267E-7
1031,2022-07-12 20:05:15,1536.3823,,32.10,1.6815,1.348264E-7
1032,2022-07-12 20:06:45,1536.3855,,22.77,1.1220,1.348267E-7
1033,2022-07-12 20:08:14,1536.3847,,32.08,1.6800,1.348267E-7
1034,2022-07-12 20:09:44,1536.3843,,28.85,1.4785,1.348266E-7
1035,2022-07-12 20:11:14,1536.381,,29.85,1.5395,1.348263E-7
1036,2022-07-12 20:12:44,1536.381,,24.04,1.1940,1.348263E-7
1037,2022-07-12 20:14:13,1536.3806,,32.10,1.6810,1.348263E-7
1038,2022-07-12 20:15:43,1536.3799,,29.61,1.5250,1.348262E-7
1039,2022-07-12 20:17:13,1536.3802,,32.12,1.6825,1.348263E-7
1040,2022-07-12 20:18:42,1536.381,,31.48,1.6420,1.348263E-7
1041,2022-07-12 20:20:12,1536.3798,,31.09,1.6170,1.348262E-7
1042,2022-07-12 20:21:42,1536.3795,,32.13,1.6830,1.348262E-7
1043,2022-07-12 20:23:12,1536.3797,,17.65,0.8435,1.348262E-7
1044,2022-07-12 20:24:41,1536.3792,,32.13,1.6835,1.348262E-7
1045,2022-07-12 20:26:11,1536.3765,,32.12,1.6825,1.348259E-7
1046,2022-07-12 20:27:40,1536.376,,31.13,1.6200,1.348259E-7
1047,2022-07-12 20:29:10,1536.3766,,31.38,1.6355,1.348259E-7
1048,2022-07-12 20:30:40,1536.3792,,32.09,1.6805,1.348262E-7
1049,2022-07-12 20:32:10,1536.3766,,32.11,1.6820,1.348259E-7
1050,2022-07-12 20:33:40,1536.3763,,32.14,1.6840,1.348259E-7
1051,2022-07-12 20:35:09,1536.3762,,27.52,1.3980,1.348259E-7
1052,2022-07-12 20:36:39,1536.3758,,29.48,1.5170,1.348259E-7
1053,2022-07-12 20:38:08,1536.3756,,32.16,1.6850,1.348259E-7
1054,2022-07-12 20:39:38,1536.3754,,27.21,1.3795,1.348258E-7
1055,2022-07-12 20:41:08,1536.3752,,26.47,1.3355,1.348258E-7
1056,2022-07-12 20:42:38,1536.3756,,31.92,1.6700,1.348259E-7
1057,2022-07-12 20:44:08,1536.3752,,32.14,1.6840,1.348258E-7
1058,2022-07-12 20:45:37,1536.3754,,32.13,1.6830,1.348258E-7
1059,2022-07-12 20:47:07,1536.3758,,32.14,1.6840,1.348259E-7
1060,2022-07-12 20:48:36,1536.3748,,30.27,1.5660,1.348258E-7
1061,2022-07-12 20:50:06,1536.3747,,18.76,0.9025,1.348258E-7
1062,2022-07-12 20:51:36,1536.3743,,30.80,1.5990,1.348257E-7
1063,2022-07-12 20:53:06,1536.3747,,29.50,1.5180,1.348258E-7
1064,2022-07-12 20:54:36,1536.3747,,32.13,1.6835,1.348258E-7
1065,2022-07-12 20:56:05,1536.3749,,18.01,0.8625,1.348258E-7
1066,2022-07-12 20:57:35,1536.3739,,26.94,1.3635,1.348257E-7
1067,2022-07-12 20:59:05,1536.3718,,32.13,1.6830,1.348255E-7
1068,2022-07-12 21:00:34,1536.371,,29.27,1.5040,1.348255E-7
1069,2022-07-12 21:02:04,1536.3709,,32.16,1.6850,1.348254E-7
1070,2022-07-12 21:03:34,1536.3709,,32.16,1.6850,1.348254E-7
1071,2022-07-12 21:05:04,1536.3709,,32.08,1.6800,1.348254E-7
1072,2022-07-12 21:06:33,1536.3737,,31.06,1.6155,1.348257E-7
1073,2022-07-12 21:08:03,1536.3704,,32.13,1.6835,1.348254E-7
1074,2022-07-12 21:09:33,1536.3703,,29.77,1.5345,1.348254E-7
1075,2022-07-12 21:11:02,1536.371,,22.75,1.1210,1.348255E-7
1076,2022-07-12 21:12:32,1536.3698,,32.15,1.6845,1.348254E-7
1077,2022-07-12 21:14:02,1536.3696,,31.42,1.6380,1.348253E-7
1078,2022-07-12 21:15:32,1536.3697,,28.69,1.4685,1.348253E-7
1079,2022-07-12 21:17:01,1536.3697,,32.13,1.6835,1.348253E-7
1080,2022-07-12 21:18:31,1536.3697,,32.13,1.6830,1.348253E-7
1081,2022-07-12 21:20:01,1536.3668,,32.18,1.6865,1.348251E-7
1082,2022-07-12 21:21:30,1536.3665,,25.52,1.2795,1.348251E-7
1083,2022-07-12 21:23:00,1536.3692,,32.20,1.6875,1.348253E-7
1084,2022-07-12 21:24:30,1536.3658,,32.13,1.6835,1.348250E-7
1085,2022-07-12 21:26:00,1536.3658,,32.11,1.6820,1.348250E-7
1086,2022-07-12 21:27:30,1536.3654,,31.32,1.6315,1.348250E-7
1087,2022-07-12 21:28:59,1536.3651,,32.19,1.6870,1.348249E-7
1088,2022-07-12 21:30:29,1536.3653,,28.02,1.4280,1.348250E-7
1089,2022-07-12 21:31:59,1536.3643,,32.21,1.6885,1.348249E-7
1090,2022-07-12 21:33:28,1536.362,,32.24,1.6900,1.348247E-7
1091,2022-07-12 21:34:59,1536.3624,,32.19,1.6870,1.348247E-7
1092,2022-07-12 21:36:28,1536.3621,,32.20,1.6875,1.348247E-7
1093,2022-07-12 21:37:58,1536.3617,,32.19,1.6870,1.348246E-7
1094,2022-07-12 21:39:28,1536.3615,,32.19,1.6870,1.348246E-7
1095,2022-07-12 21:40:57,1536.3612,,30.02,1.5500,1.348246E-7
1096,2022-07-12 21:42:27,1536.3611,,31.11,1.6185,1.348246E-7
1097,2022-07-12 21:43:57,1536.3605,,32.17,1.6860,1.348245E-7
1098,2022-07-12 21:45:27,1536.3605,,26.76,1.3525,1.348245E-7
1099,2022-07-12 21:46:57,1536.3607,,32.17,1.6860,1.348246E-7
1100,2022-07-12 21:48:26,1536.3601,,17.67,0.8445,1.348245E-7
1101,2022-07-12 21:49:56,1536.3578,,30.76,1.5965,1.348243E-7
1102,2022-07-12 21:51:26,1536.3575,,32.17,1.6860,1.348243E-7
1103,2022-07-12 21:52:55,1536.36,,17.95,0.8590,1.348245E-7
1104,2022-07-12 21:54:25,1536.3577,,32.14,1.6840,1.348243E-7
1105,2022-07-12 21:55:55,1536.3568,,32.20,1.6875,1.348242E-7
1106,2022-07-12 21:57:25,1536.3567,,32.20,1.6880,1.348242E-7
1107,2022-07-12 21:58:55,1536.357,,32.20,1.6875,1.348242E-7
1108,2022-07-12 22:00:24,1536.3563,,32.19,1.6870,1.348242E-7
1109,2022-07-12 22:01:54,1536.3559,,32.18,1.6865,1.348241E-7
1110,2022-07-12 22:03:24,1536.356,,24.13,1.1995,1.348241E-7
1111,2022-07-12 22:05:01,1536.3559,,32.18,1.6865,1.348241E-7
1112,2022-07-12 22:06:30,1536.3555,,17.74,0.8480,1.348241E-7
1113,2022-07-12 22:08:00,1536.3554,,32.20,1.6880,1.348241E-7
1114,2022-07-12 22:09:30,1536.3556,,6.43,0.2885,1.348241E-7
1115,2022-07-12 22:10:59,1536.3525,,32.13,1.6830,1.348238E-7
1116,2022-07-12 22:12:29,1536.3449,,32.15,1.6845,1.348232E-7
1117,2022-07-12 22:13:59,1536.3544,,30.69,1.5920,1.348240E-7
1118,2022-07-12 22:15:29,1536.3519,,32.13,1.6830,1.348238E-7
1119,2022-07-12 22:16:58,1536.3449,,32.18,1.6865,1.348232E-7
1120,2022-07-12 22:18:28,1536.3441,,31.16,1.6215,1.348231E-7
1121,2022-07-12 22:19:58,1536.3441,,32.19,1.6870,1.348231E-7
1122,2022-07-12 22:21:27,1536.342,,22.66,1.1160,1.348229E-7
1123,2022-07-12 22:22:57,1536.3415,,32.19,1.6870,1.348229E-7
1124,2022-07-12 22:24:27,1536.3412,,7.42,0.3350,1.348228E-7
1125,2022-07-12 22:25:57,1536.341,,32.17,1.6860,1.348228E-7
1126,2022-07-12 22:27:27,1536.341,,31.64,1.6520,1.348228E-7
1127,2022-07-12 22:28:57,1536.3409,,32.19,1.6870,1.348228E-7
1128,2022-07-12 22:30:26,1536.3401,,20.68,1.0060,1.348227E-7
1129,2022-07-12 22:31:56,1536.3377,,32.17,1.6855,1.348225E-7
1130,2022-07-12 22:33:26,1536.338,,32.17,1.6860,1.348226E-7
1131,2022-07-12 22:35:02,1536.3375,,32.19,1.6870,1.348225E-7
1132,2022-07-12 22:36:32,1536.3402,,31.10,1.6180,1.348228E-7
1133,2022-07-12 22:38:01,1536.3375,,21.15,1.0320,1.348225E-7
1134,2022-07-12 22:39:31,1536.337,,32.24,1.6905,1.348225E-7
1135,2022-07-12 22:41:01,1536.3368,,32.20,1.6880,1.348225E-7
1136,2022-07-12 22:42:31,1536.3366,,25.66,1.2875,1.348224E-7
1137,2022-07-12 22:44:00,1536.3372,,32.20,1.6875,1.348225E-7
1138,2022-07-12 22:45:30,1536.334,,32.19,1.6870,1.348222E-7
1139,2022-07-12 22:47:00,1536.3336,,31.60,1.6495,1.348222E-7
1140,2022-07-12 22:48:30,1536.3342,,32.17,1.6860,1.348222E-7
1141,2022-07-12 22:49:59,1536.3336,,32.20,1.6875,1.348222E-7
1142,2022-07-12 22:51:29,1536.3334,,18.61,0.8945,1.348222E-7
1143,2022-07-12 22:52:59,1536.3331,,19.69,0.9525,1.348221E-7
1144,2022-07-12 22:54:29,1536.3331,,32.23,1.6895,1.348221E-7
1145,2022-07-12 22:55:59,1536.3332,,32.18,1.6865,1.348221E-7
1146,2022-07-12 22:57:29,1536.3326,,30.48,1.5790,1.348221E-7
1147,2022-07-12 22:58:58,1536.3323,,31.40,1.6365,1.348221E-7
1148,2022-07-12 23:00:28,1536.3325,,32.18,1.6865,1.348221E-7
1149,2022-07-12 23:01:58,1536.3323,,28.89,1.4805,1.348221E-7
1150,2022-07-12 23:03:28,1536.3296,,32.20,1.6880,1.348218E-7
1151,2022-07-12 23:05:04,1536.3244,,32.21,1.6885,1.348214E-7
1152,2022-07-12 23:06:34,1536.3249,,32.17,1.6860,1.348214E-7
1153,2022-07-12 23:08:03,1536.3239,,32.26,1.6915,1.348213E-7
1154,2022-07-12 23:09:33,1536.3239,,32.18,1.6865,1.348213E-7
1155,2022-07-12 23:11:03,1536.3248,,32.16,1.6850,1.348214E-7
1156,2022-07-12 23:12:32,1536.3237,,32.06,1.6785,1.348213E-7
1157,2022-07-12 23:14:02,1536.3238,,25.60,1.2845,1.348213E-7
1158,2022-07-12 23:15:32,1536.3089,,32.20,1.6875,1.348200E-7
1159,2022-07-12 23:17:02,1536.3091,,17.76,0.8490,1.348200E-7
1160,2022-07-12 23:18:32,1536.3235,,32.23,1.6895,1.348213E-7
1161,2022-07-12 23:20:01,1536.3088,,31.46,1.6405,1.348200E-7
1162,2022-07-12 23:21:34,1536.3087,,32.20,1.6880,1.348200E-7
1163,2022-07-12 23:23:04,1536.3086,,32.19,1.6870,1.348200E-7
1164,2022-07-12 23:24:34,1536.3084,,31.70,1.6555,1.348200E-7
1165,2022-07-12 23:26:04,1536.3086,,30.82,1.6005,1.348200E-7
1166,2022-07-12 23:27:34,1536.308,,31.71,1.6565,1.348199E-7
1167,2022-07-12 23:29:04,1536.3076,,27.06,1.3705,1.348199E-7
1168,2022-07-12 23:30:37,1536.3073,,32.00,1.6750,1.348199E-7
1169,2022-07-12 23:32:07,1536.3076,,32.20,1.6875,1.348199E-7
1170,2022-07-12 23:33:36,1536.3078,,32.19,1.6870,1.348199E-7
1171,2022-07-12 23:35:09,1536.3073,,30.16,1.5590,1.348199E-7
1172,2022-07-12 23:36:39,1536.3078,,32.20,1.6875,1.348199E-7
1173,2022-07-12 23:38:09,1536.3073,,30.83,1.6010,1.348199E-7
1174,2022-07-12 23:39:39,1536.3041,,32.16,1.6850,1.348196E-7
1175,2022-07-12 23:41:08,1536.3044,,25.68,1.2890,1.348196E-7
1176,2022-07-12 23:42:38,1536.3045,,19.46,0.9400,1.348196E-7
1177,2022-07-12 23:44:08,1536.3041,,29.47,1.5160,1.348196E-7
1178,2022-07-12 23:45:38,1536.3041,,32.20,1.6875,1.348196E-7
1179,2022-07-12 23:47:08,1536.3013,,32.20,1.6880,1.348193E-7
1180,2022-07-12 23:48:37,1536.3043,,32.20,1.6875,1.348196E-7
1181,2022-07-12 23:50:07,1536.3037,,30.22,1.5630,1.348196E-7
1182,2022-07-12 23:51:37,1536.3007,,32.13,1.6830,1.348193E-7
1183,2022-07-12 23:53:07,1536.2985,,32.19,1.6870,1.348191E-7
1184,2022-07-12 23:54:36,1536.3007,,18.29,0.8775,1.348193E-7
1185,2022-07-12 23:56:07,1536.3008,,32.20,1.6875,1.348193E-7
1186,2022-07-12 23:57:37,1536.3028,,30.71,1.5930,1.348195E-7
1187,2022-07-12 23:59:06,1536.3027,,32.18,1.6865,1.348195E-7
1188,2022-07-13 00:00:36,1536.3031,,32.18,1.6865,1.348195E-7
1189,2022-07-13 00:02:06,1536.2996,,32.20,1.6880,1.348192E-7
1190,2022-07-13 00:03:36,1536.2973,,29.89,1.5425,1.348190E-7
1191,2022-07-13 00:05:12,1536.2972,,18.55,0.8910,1.348190E-7
1192,2022-07-13 00:06:41,1536.2996,,32.20,1.6875,1.348192E-7
1193,2022-07-13 00:08:11,1536.2996,,31.16,1.6215,1.348192E-7
1194,2022-07-13 00:09:41,1536.3018,,32.19,1.6870,1.348194E-7
1195,2022-07-13 00:11:11,1536.2995,,32.18,1.6865,1.348192E-7
1196,2022-07-13 00:12:40,1536.2966,,32.23,1.6895,1.348189E-7
1197,2022-07-13 00:14:10,1536.296,,32.20,1.6875,1.348189E-7
1198,2022-07-13 00:15:40,1536.2986,,29.92,1.5440,1.348191E-7
1199,2022-07-13 00:17:10,1536.2962,,30.39,1.5730,1.348189E-7
1200,2022-07-13 00:18:40,1536.2964,,31.62,1.6510,1.348189E-7
1201,2022-07-13 00:20:09,1536.2958,,32.20,1.6880,1.348189E-7
1202,2022-07-13 00:21:39,1536.2983,,32.20,1.6880,1.348191E-7
1203,2022-07-13 00:23:09,1536.2961,,32.17,1.6855,1.348189E-7
1204,2022-07-13 00:24:39,1536.2956,,32.20,1.6880,1.348188E-7
1205,2022-07-13 00:26:09,1536.2953,,31.54,1.6455,1.348188E-7
1206,2022-07-13 00:27:39,1536.2955,,18.69,0.8985,1.348188E-7
1207,2022-07-13 00:29:09,1536.2952,,32.17,1.6855,1.348188E-7
1208,2022-07-13 00:30:38,1536.2955,,18.78,0.9035,1.348188E-7
1209,2022-07-13 00:32:08,1536.295,,32.18,1.6865,1.348188E-7
1210,2022-07-13 00:33:38,1536.2949,,32.06,1.6785,1.348188E-7
1211,2022-07-13 00:35:14,1536.2946,,17.84,0.8535,1.348188E-7
1212,2022-07-13 00:36:44,1536.2942,,32.20,1.6880,1.348187E-7
1213,2022-07-13 00:38:14,1536.2941,,32.13,1.6830,1.348187E-7
1214,2022-07-13 00:39:43,1536.2942,,32.19,1.6870,1.348187E-7
1215,2022-07-13 00:41:13,1536.2942,,32.21,1.6885,1.348187E-7
1216,2022-07-13 00:42:43,1536.2943,,32.19,1.6870,1.348187E-7
1217,2022-07-13 00:44:13,1536.2939,,18.90,0.9100,1.348187E-7
1218,2022-07-13 00:45:43,1536.2944,,32.15,1.6845,1.348187E-7
1219,2022-07-13 00:47:13,1536.2935,,32.19,1.6870,1.348187E-7
1220,2022-07-13 00:48:42,1536.2932,,32.20,1.6875,1.348186E-7
1221,2022-07-13 00:50:12,1536.2932,,32.18,1.6865,1.348186E-7
1222,2022-07-13 00:51:42,1536.2934,,32.20,1.6880,1.348186E-7
1223,2022-07-13 00:53:12,1536.2936,,32.16,1.6850,1.348187E-7
1224,2022-07-13 00:54:42,1536.2932,,32.17,1.6860,1.348186E-7
1225,2022-07-13 00:56:12,1536.2929,,32.02,1.6765,1.348186E-7
1226,2022-07-13 00:57:45,1536.293,,32.17,1.6855,1.348186E-7
1227,2022-07-13 00:59:15,1536.2927,,32.17,1.6860,1.348186E-7
1228,2022-07-13 01:00:45,1536.293,,32.17,1.6855,1.348186E-7
1229,2022-07-13 01:02:15,1536.2921,,22.44,1.1035,1.348185E-7
1230,2022-07-13 01:03:45,1536.2921,,18.50,0.8885,1.348185E-7
1231,2022-07-13 01:05:17,1536.2923,,32.14,1.6840,1.348186E-7
1232,2022-07-13 01:06:47,1536.2921,,32.18,1.6865,1.348185E-7
1233,2022-07-13 01:08:16,1536.2926,,32.20,1.6875,1.348186E-7
1234,2022-07-13 01:09:46,1536.2918,,32.15,1.6845,1.348185E-7
1235,2022-07-13 01:11:16,1536.2917,,32.16,1.6850,1.348185E-7
1236,2022-07-13 01:12:46,1536.2917,,32.16,1.6850,1.348185E-7
1237,2022-07-13 01:14:16,1536.2917,,22.46,1.1050,1.348185E-7
1238,2022-07-13 01:15:46,1536.2916,,23.03,1.1370,1.348185E-7
1239,2022-07-13 01:17:15,1536.2916,,29.88,1.5415,1.348185E-7
1240,2022-07-13 01:18:45,1536.2912,,20.48,0.9955,1.348185E-7
1241,2022-07-13 01:20:15,1536.2919,,32.20,1.6875,1.348185E-7
1242,2022-07-13 01:21:45,1536.2911,,32.12,1.6825,1.348184E-7
1243,2022-07-13 01:23:15,1536.2906,,32.20,1.6875,1.348184E-7
1244,2022-07-13 01:24:45,1536.2907,,32.19,1.6870,1.348184E-7
1245,2022-07-13 01:26:15,1536.2905,,32.24,1.6905,1.348184E-7
1246,2022-07-13 01:27:45,1536.2907,,29.11,1.4940,1.348184E-7
1247,2022-07-13 01:29:15,1536.2881,,32.19,1.6870,1.348182E-7
1248,2022-07-13 01:30:44,1536.2875,,32.17,1.6855,1.348181E-7
1249,2022-07-13 01:32:14,1536.2902,,25.68,1.2890,1.348184E-7
1250,2022-07-13 01:33:44,1536.2877,,32.09,1.6805,1.348181E-7
1251,2022-07-13 01:35:20,1536.2876,,32.18,1.6865,1.348181E-7
1252,2022-07-13 01:36:50,1536.2899,,32.20,1.6880,1.348183E-7
1253,2022-07-13 01:38:19,1536.2876,,32.21,1.6885,1.348181E-7
1254,2022-07-13 01:39:49,1536.2871,,32.17,1.6860,1.348181E-7
1255,2022-07-13 01:41:19,1536.287,,32.14,1.6840,1.348181E-7
1256,2022-07-13 01:42:49,1536.29,,32.02,1.6760,1.348183E-7
1257,2022-07-13 01:44:19,1536.2868,,32.14,1.6840,1.348181E-7
1258,2022-07-13 01:45:49,1536.2864,,26.53,1.3390,1.348180E-7
1259,2022-07-13 01:47:18,1536.2867,,24.98,1.2485,1.348181E-7
1260,2022-07-13 01:48:48,1536.2866,,20.35,0.9880,1.348181E-7
1261,2022-07-13 01:50:18,1536.2872,,26.88,1.3595,1.348181E-7
1262,2022-07-13 01:51:48,1536.2865,,32.17,1.6860,1.348180E-7
1263,2022-07-13 01:53:18,1536.2861,,30.06,1.5525,1.348180E-7
1264,2022-07-13 01:54:48,1536.2866,,24.88,1.2425,1.348181E-7
1265,2022-07-13 01:56:18,1536.2862,,32.20,1.6880,1.348180E-7
1266,2022-07-13 01:57:48,1536.2862,,31.46,1.6405,1.348180E-7
1267,2022-07-13 01:59:18,1536.2859,,24.43,1.2165,1.348180E-7
1268,2022-07-13 02:00:48,1536.2856,,30.38,1.5725,1.348180E-7
1269,2022-07-13 02:02:17,1536.2864,,30.51,1.5810,1.348180E-7
1270,2022-07-13 02:03:47,1536.2854,,32.18,1.6865,1.348179E-7
1271,2022-07-13 02:05:23,1536.2861,,32.21,1.6885,1.348180E-7
1272,2022-07-13 02:06:53,1536.2853,,32.15,1.6845,1.348179E-7
1273,2022-07-13 02:08:22,1536.2851,,32.20,1.6880,1.348179E-7
1274,2022-07-13 02:09:56,1536.2851,,14.76,0.6935,1.348179E-7
1275,2022-07-13 02:11:26,1536.2848,,32.20,1.6875,1.348179E-7
1276,2022-07-13 02:12:55,1536.2851,,0.38,0.0165,3.66376E-8
1277,2022-07-13 02:14:25,1536.2852,,29.10,1.4935,1.348179E-7
1278,2022-07-13 02:15:55,1536.2853,,30.52,1.5815,1.348179E-7
1279,2022-07-13 02:17:25,1536.2848,,32.18,1.6865,1.348179E-7
1280,2022-07-13 02:18:55,1536.2844,,32.20,1.6875,1.348179E-7
1281,2022-07-13 02:20:25,1536.2848,,32.21,1.6885,1.348179E-7
1282,2022-07-13 02:21:55,1536.2818,,32.20,1.6875,1.348176E-7
1283,2022-07-13 02:23:25,1536.2844,,32.19,1.6870,1.348179E-7
1284,2022-07-13 02:24:55,1536.2842,,32.18,1.6865,1.348178E-7
1285,2022-07-13 02:26:25,1536.282,,30.79,1.5980,1.348176E-7
1286,2022-07-13 02:27:55,1536.2847,,28.16,1.4365,1.348179E-7
1287,2022-07-13 02:29:25,1536.2819,,29.82,1.5380,1.348176E-7
1288,2022-07-13 02:30:54,1536.2813,,32.17,1.6855,1.348176E-7
1289,2022-07-13 02:32:24,1536.2839,,32.17,1.6860,1.348178E-7
1290,2022-07-13 02:33:55,1536.2818,,32.20,1.6880,1.348176E-7
1291,2022-07-13 02:35:30,1536.2814,,32.14,1.6840,1.348176E-7
1292,2022-07-13 02:36:59,1536.2813,,32.15,1.6845,1.348176E-7
1293,2022-07-13 02:38:29,1536.2816,,32.17,1.6860,1.348176E-7
1294,2022-07-13 02:39:59,1536.2811,,32.15,1.6845,1.348176E-7
1295,2022-07-13 02:41:29,1536.2809,,32.21,1.6885,1.348176E-7
1296,2022-07-13 02:42:59,1536.2813,,31.54,1.6455,1.348176E-7
1297,2022-07-13 02:44:29,1536.2806,,29.64,1.5265,1.348175E-7
1298,2022-07-13 02:45:59,1536.2807,,32.20,1.6875,1.348175E-7
1299,2022-07-13 02:47:29,1536.2807,,32.18,1.6865,1.348175E-7
1300,2022-07-13 02:48:59,1536.2806,,18.09,0.8665,1.348175E-7
1301,2022-07-13 02:50:28,1536.2812,,30.61,1.5870,1.348176E-7
1302,2022-07-13 02:51:58,1536.2808,,28.26,1.4425,1.348175E-7
1303,2022-07-13 02:53:28,1536.2799,,19.24,0.9280,1.348175E-7
1304,2022-07-13 02:54:58,1536.2802,,32.14,1.6840,1.348175E-7
1305,2022-07-13 02:56:29,1536.28,,20.98,1.0225,1.348175E-7
1306,2022-07-13 02:57:59,1536.2804,,31.43,1.6385,1.348175E-7
1307,2022-07-13 02:59:29,1536.2797,,32.19,1.6870,1.348174E-7
1308,2022-07-13 03:00:58,1536.2772,,32.20,1.6880,1.348172E-7
1309,2022-07-13 03:02:28,1536.2799,,29.36,1.5095,1.348175E-7
1310,2022-07-13 03:03:58,1536.2797,,32.17,1.6860,1.348174E-7
1311,2022-07-13 03:05:33,1536.2798,,32.20,1.6875,1.348175E-7
1312,2022-07-13 03:07:03,1536.277,,29.68,1.5295,1.348172E-7
1313,2022-07-13 03:08:33,1536.2769,,32.13,1.6835,1.348172E-7
1314,2022-07-13 03:10:03,1536.2769,,32.15,1.6845,1.348172E-7
1315,2022-07-13 03:11:33,1536.2765,,32.19,1.6870,1.348172E-7
1316,2022-07-13 03:13:03,1536.2769,,17.23,0.8215,1.348172E-7
1317,2022-07-13 03:14:33,1536.2764,,32.20,1.6875,1.348172E-7
1318,2022-07-13 03:16:03,1536.276,,29.80,1.5365,1.348171E-7
1319,2022-07-13 03:17:33,1536.2766,,28.48,1.4560,1.348172E-7
1320,2022-07-13 03:19:03,1536.2764,,32.17,1.6855,1.348172E-7
1321,2022-07-13 03:20:32,1536.2793,,32.20,1.6880,1.348174E-7
1322,2022-07-13 03:22:02,1536.2757,,24.73,1.2340,1.348171E-7
1323,2022-07-13 03:23:32,1536.2755,,31.99,1.6740,1.348171E-7
1324,2022-07-13 03:25:02,1536.2762,,32.23,1.6895,1.348171E-7
1325,2022-07-13 03:26:33,1536.2757,,32.17,1.6860,1.348171E-7
1326,2022-07-13 03:28:03,1536.2761,,32.17,1.6860,1.348171E-7
1327,2022-07-13 03:29:33,1536.2755,,32.21,1.6885,1.348171E-7
1328,2022-07-13 03:31:02,1536.2733,,32.17,1.6860,1.348169E-7
1329,2022-07-13 03:32:32,1536.2761,,32.20,1.6875,1.348171E-7
1330,2022-07-13 03:34:02,1536.2754,,21.15,1.0320,1.348171E-7
1331,2022-07-13 03:35:37,1536.2757,,29.73,1.5320,1.348171E-7
1332,2022-07-13 03:37:07,1536.2751,,32.21,1.6885,1.348170E-7
1333,2022-07-13 03:38:37,1536.2727,,32.18,1.6865,1.348168E-7
1334,2022-07-13 03:40:07,1536.2754,,32.24,1.6900,1.348171E-7
1335,2022-07-13 03:41:37,1536.2773,,32.12,1.6825,1.348172E-7
1336,2022-07-13 03:43:07,1536.2732,,32.20,1.6875,1.348169E-7
1337,2022-07-13 03:44:37,1536.2726,,24.81,1.2385,1.348168E-7
1338,2022-07-13 03:46:07,1536.272,,24.55,1.2235,1.348168E-7
1339,2022-07-13 03:47:37,1536.2721,,32.22,1.6890,1.348168E-7
1340,2022-07-13 03:49:07,1536.2726,,32.13,1.6835,1.348168E-7
1341,2022-07-13 03:50:37,1536.2726,,18.49,0.8880,1.348168E-7
1342,2022-07-13 03:52:06,1536.272,,28.90,1.4810,1.348168E-7
1343,2022-07-13 03:53:36,1536.2718,,32.01,1.6755,1.348168E-7
1344,2022-07-13 03:55:06,1536.2725,,32.17,1.6860,1.348168E-7
1345,2022-07-13 03:56:37,1536.2722,,32.18,1.6865,1.348168E-7
1346,2022-07-13 03:58:07,1536.2719,,32.23,1.6895,1.348168E-7
1347,2022-07-13 03:59:37,1536.2694,,32.17,1.6860,1.348165E-7
1348,2022-07-13 04:01:07,1536.2716,,32.21,1.6885,1.348167E-7
1349,2022-07-13 04:02:37,1536.2724,,32.20,1.6875,1.348168E-7
1350,2022-07-13 04:04:06,1536.272,,32.23,1.6895,1.348168E-7
1351,2022-07-13 04:05:42,1536.2722,,21.10,1.0295,1.348168E-7
1352,2022-07-13 04:07:12,1536.2693,,27.45,1.3935,1.348165E-7
1353,2022-07-13 04:08:42,1536.2712,,18.91,0.9105,1.348167E-7
1354,2022-07-13 04:10:11,1536.269,,32.20,1.6875,1.348165E-7
1355,2022-07-13 04:11:41,1536.2691,,32.22,1.6890,1.348165E-7
1356,2022-07-13 04:13:11,1536.2691,,32.19,1.6870,1.348165E-7
1357,2022-07-13 04:14:41,1536.2689,,28.53,1.4585,1.348165E-7
1358,2022-07-13 04:16:11,1536.2686,,32.23,1.6895,1.348165E-7
1359,2022-07-13 04:17:41,1536.2688,,29.13,1.4955,1.348165E-7
1360,2022-07-13 04:19:11,1536.2686,,28.11,1.4335,1.348165E-7
1361,2022-07-13 04:20:41,1536.2686,,32.23,1.6895,1.348165E-7
1362,2022-07-13 04:22:11,1536.2679,,27.34,1.3870,1.348164E-7
1363,2022-07-13 04:23:41,1536.2678,,32.20,1.6880,1.348164E-7
1364,2022-07-13 04:25:11,1536.2688,,32.18,1.6865,1.348165E-7
1365,2022-07-13 04:26:42,1536.2683,,27.46,1.3940,1.348164E-7
1366,2022-07-13 04:28:12,1536.2684,,32.20,1.6880,1.348165E-7
1367,2022-07-13 04:29:42,1536.2682,,32.23,1.6895,1.348164E-7
1368,2022-07-13 04:31:12,1536.2679,,32.27,1.6925,1.348164E-7
1369,2022-07-13 04:32:41,1536.2684,,32.22,1.6890,1.348165E-7
1370,2022-07-13 04:34:11,1536.268,,32.22,1.6890,1.348164E-7
1371,2022-07-13 04:35:46,1536.2683,,32.20,1.6880,1.348164E-7
1372,2022-07-13 04:37:16,1536.268,,32.20,1.6875,1.348164E-7
1373,2022-07-13 04:38:46,1536.2676,,30.93,1.6070,1.348164E-7
1374,2022-07-13 04:40:16,1536.2677,,32.19,1.6870,1.348164E-7
1375,2022-07-13 04:41:46,1536.2675,,32.22,1.6890,1.348164E-7
1376,2022-07-13 04:43:16,1536.2677,,32.20,1.6875,1.348164E-7
1377,2022-07-13 04:44:46,1536.2672,,23.25,1.1490,1.348163E-7
1378,2022-07-13 04:46:16,1536.2669,,32.24,1.6900,1.348163E-7
1379,2022-07-13 04:47:46,1536.2675,,32.23,1.6895,1.348164E-7
1380,2022-07-13 04:49:16,1536.2677,,32.20,1.6875,1.348164E-7
1381,2022-07-13 04:50:46,1536.2672,,32.24,1.6900,1.348163E-7
1382,2022-07-13 04:52:16,1536.2672,,25.90,1.3020,1.348163E-7
1383,2022-07-13 04:53:46,1536.2668,,32.24,1.6900,1.348163E-7
1384,2022-07-13 04:55:16,1536.2673,,17.91,0.8570,1.348164E-7
1385,2022-07-13 04:56:46,1536.2665,,32.15,1.6845,1.348163E-7
1386,2022-07-13 04:58:16,1536.2667,,32.22,1.6890,1.348163E-7
1387,2022-07-13 04:59:46,1536.2669,,21.06,1.0270,1.348163E-7
1388,2022-07-13 05:01:16,1536.2671,,28.93,1.4830,1.348163E-7
1389,2022-07-13 05:02:46,1536.2674,,32.24,1.6905,1.348164E-7
1390,2022-07-13 05:04:16,1536.267,,22.74,1.1205,1.348163E-7
1391,2022-07-13 05:05:51,1536.2669,,32.10,1.6810,1.348163E-7
1392,2022-07-13 05:07:21,1536.2664,,29.77,1.5345,1.348163E-7
1393,2022-07-13 05:08:51,1536.2638,,32.24,1.6905,1.348161E-7
1394,2022-07-13 05:10:21,1536.2662,,32.23,1.6895,1.348163E-7
1395,2022-07-13 05:11:51,1536.2664,,18.33,0.8795,1.348163E-7
1396,2022-07-13 05:13:21,1536.267,,30.65,1.5895,1.348163E-7
1397,2022-07-13 05:14:51,1536.264,,32.21,1.6885,1.348161E-7
1398,2022-07-13 05:16:21,1536.2635,,32.16,1.6850,1.348160E-7
1399,2022-07-13 05:17:55,1536.266,,30.06,1.5530,1.348162E-7
1400,2022-07-13 05:19:25,1536.2631,,32.23,1.6895,1.348160E-7
1401,2022-07-13 05:20:55,1536.2639,,32.24,1.6900,1.348161E-7
1402,2022-07-13 05:22:25,1536.2637,,32.24,1.6900,1.348160E-7
1403,2022-07-13 05:23:54,1536.2633,,32.24,1.6905,1.348160E-7
1404,2022-07-13 05:25:25,1536.2636,,27.33,1.3865,1.348160E-7
1405,2022-07-13 05:26:55,1536.2631,,27.41,1.3915,1.348160E-7
1406,2022-07-13 05:28:25,1536.2637,,32.26,1.6915,1.348160E-7
1407,2022-07-13 05:29:55,1536.263,,32.19,1.6870,1.348160E-7
1408,2022-07-13 05:31:25,1536.2628,,32.23,1.6895,1.348160E-7
1409,2022-07-13 05:32:55,1536.2627,,32.20,1.6880,1.348160E-7
1410,2022-07-13 05:34:25,1536.2629,,32.23,1.6895,1.348160E-7
1411,2022-07-13 05:36:00,1536.263,,32.24,1.6900,1.348160E-7
1412,2022-07-13 05:37:30,1536.263,,32.24,1.6900,1.348160E-7
1413,2022-07-13 05:39:00,1536.2634,,28.08,1.4315,1.348160E-7
1414,2022-07-13 05:40:30,1536.2628,,32.19,1.6870,1.348160E-7
1415,2022-07-13 05:42:00,1536.2628,,32.20,1.6875,1.348160E-7
1416,2022-07-13 05:43:30,1536.2629,,32.24,1.6905,1.348160E-7
1417,2022-07-13 05:45:00,1536.2631,,32.24,1.6900,1.348160E-7
1418,2022-07-13 05:46:30,1536.2632,,30.70,1.5925,1.348160E-7
1419,2022-07-13 05:48:00,1536.2629,,25.61,1.2850,1.348160E-7
1420,2022-07-13 05:49:30,1536.2624,,26.29,1.3245,1.348159E-7
1421,2022-07-13 05:51:00,1536.2627,,32.24,1.6900,1.348160E-7
1422,2022-07-13 05:52:30,1536.2625,,20.69,1.0065,1.348159E-7
1423,2022-07-13 05:54:00,1536.2624,,32.24,1.6905,1.348159E-7
1424,2022-07-13 05:55:30,1536.2623,,32.20,1.6875,1.348159E-7
1425,2022-07-13 05:57:01,1536.2622,,32.20,1.6875,1.348159E-7
1426,2022-07-13 05:58:31,1536.2631,,28.43,1.4525,1.348160E-7
1427,2022-07-13 06:00:01,1536.2624,,32.22,1.6890,1.348159E-7
1428,2022-07-13 06:01:31,1536.262,,12.32,0.5710,1.348159E-7
1429,2022-07-13 06:03:01,1536.2621,,32.27,1.6925,1.348159E-7
1430,2022-07-13 06:04:31,1536.2619,,21.64,1.0590,1.348159E-7
1431,2022-07-13 06:06:05,1536.2622,,21.10,1.0290,1.348159E-7
1432,2022-07-13 06:07:35,1536.2623,,32.23,1.6895,1.348159E-7
1433,2022-07-13 06:09:05,1536.2627,,32.24,1.6900,1.348160E-7
1434,2022-07-13 06:10:35,1536.2623,,25.23,1.2625,1.348159E-7
1435,2022-07-13 06:12:05,1536.2619,,32.27,1.6920,1.348159E-7
1436,2022-07-13 06:13:35,1536.2618,,32.21,1.6885,1.348159E-7
1437,2022-07-13 06:15:05,1536.2617,,32.25,1.6910,1.348159E-7
1438,2022-07-13 06:16:35,1536.262,,29.26,1.5035,1.348159E-7
1439,2022-07-13 06:18:05,1536.2618,,29.69,1.5300,1.348159E-7
1440,2022-07-13 06:19:35,1536.2615,,31.84,1.6645,1.348158E-7
1441,2022-07-13 06:21:05,1536.2618,,32.27,1.6920,1.348159E-7
1442,2022-07-13 06:22:35,1536.2616,,15.73,0.7435,1.348159E-7
1443,2022-07-13 06:24:05,1536.2613,,32.02,1.6760,1.348158E-7
1444,2022-07-13 06:25:35,1536.2611,,32.23,1.6895,1.348158E-7
1445,2022-07-13 06:27:06,1536.2606,,32.20,1.6880,1.348158E-7
1446,2022-07-13 06:28:36,1536.2609,,32.24,1.6900,1.348158E-7
1447,2022-07-13 06:30:06,1536.2611,,32.23,1.6895,1.348158E-7
1448,2022-07-13 06:31:36,1536.2585,,32.24,1.6905,1.348156E-7
1449,2022-07-13 06:33:06,1536.2584,,32.25,1.6910,1.348156E-7
1450,2022-07-13 06:34:39,1536.2606,,32.25,1.6910,1.348158E-7
1451,2022-07-13 06:36:11,1536.2608,,32.22,1.6890,1.348158E-7
1452,2022-07-13 06:37:41,1536.2608,,18.30,0.8780,1.348158E-7
1453,2022-07-13 06:39:11,1536.2616,,30.44,1.5765,1.348159E-7
1454,2022-07-13 06:40:41,1536.2609,,30.75,1.5955,1.348158E-7
1455,2022-07-13 06:42:11,1536.2607,,31.44,1.6390,1.348158E-7
1456,2022-07-13 06:43:41,1536.261,,22.20,1.0900,1.348158E-7
1457,2022-07-13 06:45:11,1536.2612,,32.20,1.6880,1.348158E-7
1458,2022-07-13 06:46:41,1536.2617,,32.24,1.6900,1.348159E-7
1459,2022-07-13 06:48:11,1536.2588,,32.21,1.6885,1.348156E-7
1460,2022-07-13 06:49:41,1536.2608,,32.21,1.6885,1.348158E-7
1461,2022-07-13 06:51:11,1536.2608,,32.26,1.6915,1.348158E-7
1462,2022-07-13 06:52:41,1536.2605,,31.91,1.6690,1.348158E-7
1463,2022-07-13 06:54:11,1536.2612,,29.19,1.4990,1.348158E-7
1464,2022-07-13 06:55:41,1536.258,,32.21,1.6885,1.348155E-7
1465,2022-07-13 06:57:12,1536.2579,,32.27,1.6925,1.348155E-7
1466,2022-07-13 06:58:42,1536.2606,,32.11,1.6820,1.348158E-7
1467,2022-07-13 07:00:12,1536.2606,,32.17,1.6860,1.348158E-7
1468,2022-07-13 07:01:42,1536.2609,,19.29,0.9305,1.348158E-7
1469,2022-07-13 07:03:12,1536.2606,,32.21,1.6885,1.348158E-7
1470,2022-07-13 07:04:42,1536.258,,32.27,1.6920,1.348155E-7
1471,2022-07-13 07:06:16,1536.2578,,32.26,1.6915,1.348155E-7
1472,2022-07-13 07:07:46,1536.2575,,30.52,1.5815,1.348155E-7
1473,2022-07-13 07:09:16,1536.2603,,17.73,0.8475,1.348157E-7
1474,2022-07-13 07:10:46,1536.2579,,31.84,1.6645,1.348155E-7
1475,2022-07-13 07:12:16,1536.2601,,30.55,1.5830,1.348157E-7
1476,2022-07-13 07:13:46,1536.2579,,32.02,1.6760,1.348155E-7
1477,2022-07-13 07:15:17,1536.258,,18.53,0.8900,1.348155E-7
1478,2022-07-13 07:16:47,1536.2579,,32.23,1.6895,1.348155E-7
1479,2022-07-13 07:18:17,1536.2575,,31.54,1.6455,1.348155E-7
1480,2022-07-13 07:19:47,1536.2573,,32.25,1.6910,1.348155E-7
1481,2022-07-13 07:21:17,1536.2574,,32.25,1.6910,1.348155E-7
1482,2022-07-13 07:22:47,1536.2574,,32.23,1.6895,1.348155E-7
1483,2022-07-13 07:24:17,1536.2581,,31.86,1.6660,1.348156E-7
1484,2022-07-13 07:25:47,1536.2579,,32.22,1.6890,1.348155E-7
1485,2022-07-13 07:27:18,1536.2571,,19.45,0.9395,1.348155E-7
1486,2022-07-13 07:28:48,1536.2569,,32.25,1.6910,1.348154E-7
1487,2022-07-13 07:30:18,1536.2564,,20.74,1.0095,1.348154E-7
1488,2022-07-13 07:31:48,1536.2539,,27.40,1.3905,1.348152E-7
1489,2022-07-13 07:33:18,1536.2539,,29.65,1.5275,1.348152E-7
1490,2022-07-13 07:34:48,1536.2565,,20.63,1.0035,1.348154E-7
1491,2022-07-13 07:36:22,1536.2567,,28.95,1.4845,1.348154E-7
1492,2022-07-13 07:37:52,1536.2566,,32.15,1.6845,1.348154E-7
1493,2022-07-13 07:39:22,1536.2569,,18.82,0.9055,1.348154E-7
1494,2022-07-13 07:40:52,1536.2567,,32.25,1.6910,1.348154E-7
1495,2022-07-13 07:42:22,1536.2715,,32.19,1.6870,1.348167E-7
1496,2022-07-13 07:43:52,1536.2685,,31.65,1.6525,1.348165E-7
1497,2022-07-13 07:45:23,1536.2683,,28.79,1.4745,1.348164E-7
1498,2022-07-13 07:46:53,1536.2683,,32.13,1.6835,1.348164E-7
1499,2022-07-13 07:48:23,1536.268,,23.14,1.1430,1.348164E-7
1500,2022-07-13 07:49:53,1536.2683,,32.20,1.6875,1.348164E-7
1501,2022-07-13 07:51:23,1536.2678,,17.61,0.8410,1.348164E-7
