,time,ctwl/nm,transmissionDepth/dB,reflection/%,n_ac,n_dc
0,2022/7/11 18:31,1535.9558,48.2175,99.9985,0.000134789,0
1,2022/7/11 18:32,1536.1701,48.2195,99.9985,0.000134808,0.000253895
2,2022/7/11 18:34,1538.4387,48.192,99.9985,0.000135007,0.002683794
3,2022/7/11 18:35,1539.1292,45.843,99.9974,0.000135068,0.000816507
4,2022/7/11 18:37,1539.6893,38.048,99.9843,0.000135117,0.00066207
5,2022/7/11 18:38,1541.328,31.266,99.9253,0.00013526,0.001934977
6,2022/7/11 18:40,1543.1888,24.4275,99.6392,0.000135424,0.002194583
7,2022/7/11 18:41,1544.9498,9.5375,88.8763,0.000135578,0.002074514
8,2022/7/11 18:43,1546.0798,13.2085,95.2231,0.000135677,0.001330203
9,2022/7/11 18:44,1546.4811,7.276,81.2759,0.000135713,0.000472276
10,2022/7/11 18:46,1546.6616,9.854,89.6581,0.000135729,0.000212399
11,2022/7/11 18:47,1546.7382,8.8715,87.0327,0.000135735,9.01E-05
12,2022/7/11 18:49,1546.7691,8.091,84.4797,0.000135738,3.64E-05
13,2022/7/11 18:50,1546.7816,7.436,81.9532,0.000135739,1.47E-05
14,2022/7/11 18:52,1546.8074,6.8995,79.5803,0.000135741,3.04E-05
15,2022/7/11 18:53,1546.8127,6.412,77.1545,0.000135742,6.24E-06
16,2022/7/11 18:55,1546.8148,5.96,74.6487,0.000135742,2.47E-06
17,2022/7/11 18:56,1546.8224,5.5295,72.007,0.000135743,8.94E-06
18,2022/7/11 18:57,1546.8355,5.1815,69.6716,0.000135744,1.54E-05
19,2022/7/11 18:59,1546.8504,4.8355,67.1565,0.000135745,1.75E-05
20,2022/7/11 19:00,1546.842,4.5295,64.7589,0.000135744,-9.88E-06
21,2022/7/11 19:02,1546.8589,4.2165,62.1252,0.000135746,1.99E-05
22,2022/7/11 19:03,1546.8743,3.928,59.5238,0.000135747,1.81E-05
23,2022/7/11 19:05,1546.8883,3.6695,57.0414,0.000135748,1.65E-05
24,2022/7/11 19:06,1546.8987,3.4015,54.307,0.000135749,1.22E-05
25,2022/7/11 19:08,1546.9085,3.1575,51.6663,0.00013575,1.15E-05
26,2022/7/11 19:09,1546.8839,2.9435,49.225,0.000135748,-2.89E-05
27,2022/7/11 19:11,1546.8951,1.697,32.345,0.000135749,1.32E-05
28,2022/7/11 19:12,1546.9088,2.511,43.9081,0.00013575,1.61E-05
29,2022/7/11 19:14,1546.9286,1.841,34.5515,0.000135752,2.33E-05
30,2022/7/11 19:15,1546.9395,0.8715,18.1818,0.000135753,1.28E-05
31,2022/7/11 19:17,1546.9464,1.954,36.2324,0.000135754,8.12E-06
32,2022/7/11 19:18,1546.9572,1.7775,33.5875,0.000135754,1.27E-05
33,2022/7/11 19:20,1546.9699,1.625,31.214,0.000135756,1.49E-05
34,2022/7/11 19:21,1546.9852,1.476,28.8131,0.000135757,1.80E-05
35,2022/7/11 19:23,1546.9975,1.338,26.5148,0.000135758,1.45E-05
36,2022/7/11 19:24,1547.0098,1.2345,24.7425,0.000135759,1.45E-05
37,2022/7/11 19:26,1547.0299,1.1015,22.4021,0.000135761,2.36E-05
38,2022/7/11 19:27,1547.0257,0.9915,20.4116,0.00013576,-4.94E-06
39,2022/7/11 19:29,1547.0438,0.509,11.0594,0.000135762,2.13E-05
40,2022/7/11 19:30,1547.0573,0.424,9.3015,0.000135763,1.59E-05
41,2022/7/11 19:31,1547.0573,0.704,14.9646,0.000135763,0
42,2022/7/11 19:33,1547.0808,0.5995,12.8936,0.000135765,2.76E-05
43,2022/7/11 19:34,1547.0869,0.54,11.692,0.000135766,7.18E-06
44,2022/7/11 19:36,1547.1074,0.468,10.2158,0.000135768,2.41E-05
45,2022/7/11 19:37,1547.1205,0.3095,6.8785,0.000135769,1.54E-05
46,2022/7/11 19:39,1547.1233,0.3535,7.8172,0.000135769,3.29E-06
47,2022/7/11 19:40,1547.1477,0.3035,6.7498,0.000135771,2.87E-05
48,2022/7/11 19:42,1547.1573,0.2505,5.6048,0.000135772,1.13E-05
49,2022/7/11 19:43,1547.1744,0.21,4.7204,0.000135774,2.01E-05
50,2022/7/11 19:45,1547.1841,0.0635,1.4515,0.000135774,1.14E-05
51,2022/7/11 19:46,1547.1906,0.0295,0.677,5.98E-05,7.65E-06
52,2022/7/11 19:48,1547.1806,0.018,0.4136,3.92E-05,-1.18E-05
53,2022/7/11 19:49,1547.1876,0.004,0.0921,1.61E-05,8.23E-06
54,2022/7/11 19:51,1546.7912,0.003,0.0691,1.38E-05,-0.000466416
55,2022/7/11 19:52,1541.865,0.0225,0.5167,4.63E-05,-0.005814831
56,2022/7/11 19:54,1541.4177,0.0125,0.2874,3.06E-05,-0.000528141
57,2022/7/11 19:55,1541.6029,0.012,0.2759,2.98E-05,0.000218645
58,2022/7/11 19:57,1542.1511,0.0365,0.8369,7.96E-05,0.000646969
59,2022/7/11 19:58,1542.3464,0.004,0.0921,1.60E-05,0.000230458
60,2022/7/11 20:00,1542.2336,0.0045,0.1036,1.71E-05,-0.000133116
61,2022/7/11 20:01,1542.2236,0.0225,0.5167,4.63E-05,-1.18E-05
62,2022/7/11 20:03,1542.1845,0.0415,0.951,0.000111923,-4.61E-05
63,2022/7/11 20:04,1542.327,0.0335,0.7684,6.96E-05,0.000168155
64,2022/7/11 20:05,1542.3042,0.039,0.894,9.14E-05,-2.69E-05
65,2022/7/11 20:07,1537.2249,0.0235,0.5396,4.78E-05,-0.006013646
66,2022/7/11 20:08,1541.426,0.0205,0.4709,4.30E-05,0.004960343
67,2022/7/11 20:10,1541.0399,0.042,0.9624,0.000118721,-0.000455992
68,2022/7/11 20:11,1546.8387,0.0045,0.1036,1.71E-05,0.006822829
69,2022/7/11 20:13,1547.3478,0.0125,0.2874,3.07E-05,0.000598807
70,2022/7/11 20:14,1547.3704,0.029,0.6655,5.87E-05,2.66E-05
71,2022/7/11 20:16,1547.3838,0.1185,2.6917,0.000135792,1.58E-05
72,2022/7/11 20:17,1547.3906,0.1485,3.3615,0.000135792,8.00E-06
73,2022/7/11 20:19,1547.3961,0.191,4.3026,0.000135793,6.47E-06
74,2022/7/11 20:20,1547.404,0.1945,4.3797,0.000135794,9.29E-06
75,2022/7/11 20:22,1547.4134,0.2385,5.3436,0.000135794,1.11E-05
76,2022/7/11 20:23,1547.4158,0.262,5.8544,0.000135795,2.82E-06
77,2022/7/11 20:25,1547.4178,0.2825,6.2978,0.000135795,2.35E-06
78,2022/7/11 20:26,1547.423,0.2975,6.6208,0.000135795,6.12E-06
79,2022/7/11 20:28,1547.4356,0.351,7.7641,0.000135796,1.48E-05
80,2022/7/11 20:29,1547.4351,0.3805,8.3885,0.000135796,-5.88E-07
81,2022/7/11 20:31,1547.449,0.4085,8.9772,0.000135798,1.63E-05
82,2022/7/11 20:32,1547.4566,0.41,9.0087,0.000135798,8.94E-06
83,2022/7/11 20:34,1547.457,0.206,4.6326,0.000135798,4.70E-07
84,2022/7/11 20:35,1547.4764,0.482,10.5047,0.0001358,2.28E-05
85,2022/7/11 20:37,1547.485,0.522,11.3252,0.000135801,1.01E-05
86,2022/7/11 20:38,1547.4948,0.539,11.6717,0.000135802,1.15E-05
87,2022/7/11 20:39,1547.5011,0.5775,12.4512,0.000135802,7.41E-06
88,2022/7/11 20:41,1547.5058,0.5995,12.8936,0.000135803,5.53E-06
89,2022/7/11 20:42,1547.5131,0.63,13.5032,0.000135803,8.59E-06
90,2022/7/11 20:44,1547.5174,0.657,14.0393,0.000135804,5.06E-06
91,2022/7/11 20:45,1547.5194,0.695,14.7881,0.000135804,2.35E-06
92,2022/7/11 20:47,1547.5242,0.7195,15.2675,0.000135804,5.65E-06
93,2022/7/11 20:48,1547.5043,0.7685,16.2181,0.000135802,-2.34E-05
94,2022/7/11 20:50,1547.5256,0.7745,16.3338,0.000135804,2.51E-05
95,2022/7/11 20:51,1547.5212,0.836,17.5102,0.000135804,-5.17E-06
96,2022/7/11 20:53,1547.5299,0.8455,17.6905,0.000135805,1.02E-05
97,2022/7/11 20:54,1547.5399,0.485,10.5665,0.000135806,1.18E-05
98,2022/7/11 20:56,1547.5505,0.889,18.5108,0.000135807,1.25E-05
99,2022/7/11 20:57,1547.5471,0.9345,19.3601,0.000135806,-4.00E-06
100,2022/7/11 20:59,1547.5551,0.9355,19.3787,0.000135807,9.41E-06
101,2022/7/11 21:00,1547.5626,0.9825,20.2465,0.000135808,8.82E-06
102,2022/7/11 21:02,1547.5713,1.021,20.9503,0.000135808,1.02E-05
103,2022/7/11 21:03,1547.5798,1.017,20.8775,0.000135809,1.00E-05
104,2022/7/11 21:05,1547.585,1.067,21.7832,0.00013581,6.12E-06
105,2022/7/11 21:06,1547.5896,1.075,21.9272,0.00013581,5.41E-06
106,2022/7/11 21:08,1547.5907,1.104,22.4468,0.00013581,1.29E-06
107,2022/7/11 21:09,1547.5971,0.69,14.69,0.000135811,7.53E-06
108,2022/7/11 21:11,1547.602,1.169,23.5988,0.000135811,5.76E-06
109,2022/7/11 21:12,1547.5678,1.089,22.1784,0.000135808,-4.02E-05
110,2022/7/11 21:13,1547.5825,1.203,24.1946,0.000135809,1.73E-05
111,2022/7/11 21:15,1547.5774,0.6905,14.6998,0.000135809,-6.00E-06
112,2022/7/11 21:16,1547.5797,1.2415,24.8637,0.000135809,2.70E-06
113,2022/7/11 21:18,1547.5007,1.263,25.2347,0.000135802,-9.29E-05
114,2022/7/11 21:19,1547.7146,1.211,24.3341,0.000135821,0.000251531
115,2022/7/11 21:21,1547.7403,1.315,26.1246,0.000135823,3.02E-05
116,2022/7/11 21:22,1547.7734,1.3415,26.574,0.000135826,3.89E-05
117,2022/7/11 21:24,1547.7241,1.3605,26.8945,0.000135822,-5.80E-05
118,2022/7/11 21:25,1547.7161,1.3125,26.082,0.000135821,-9.41E-06
119,2022/7/11 21:27,1547.7313,0.9875,20.3382,0.000135822,1.79E-05
120,2022/7/11 21:28,1547.7135,1.393,27.4395,0.000135821,-2.09E-05
121,2022/7/11 21:30,1547.7257,0.9735,20.081,0.000135822,1.43E-05
122,2022/7/11 21:31,1547.7123,1.443,28.2701,0.000135821,-1.58E-05
123,2022/7/11 21:33,1547.718,1.4415,28.2454,0.000135821,6.70E-06
124,2022/7/11 21:34,1547.7188,1.482,28.9114,0.000135821,9.41E-07
125,2022/7/11 21:36,1547.7212,1.494,29.1075,0.000135822,2.82E-06
126,2022/7/11 21:37,1547.7194,1.4985,29.181,0.000135821,-2.12E-06
127,2022/7/11 21:39,1547.7197,1.528,29.6604,0.000135821,3.53E-07
128,2022/7/11 21:40,1547.7266,1.427,28.0054,0.000135822,8.11E-06
129,2022/7/11 21:42,1547.7249,1.542,29.8868,0.000135822,-2.00E-06
130,2022/7/11 21:43,1547.7249,1.5605,30.1848,0.000135822,0
131,2022/7/11 21:45,1547.7293,1.518,29.4982,0.000135822,5.17E-06
132,2022/7/11 21:46,1547.7306,1.5475,29.9755,0.000135822,1.53E-06
133,2022/7/11 21:47,1547.7333,1.596,30.7532,0.000135823,3.17E-06
134,2022/7/11 21:49,1547.7357,0.8285,17.3677,0.000135823,2.82E-06
135,2022/7/11 21:50,1547.7379,1.6305,31.3011,0.000135823,2.59E-06
136,2022/7/11 21:52,1547.732,1.631,31.309,0.000135822,-6.94E-06
137,2022/7/11 21:53,1547.7456,1.658,31.7347,0.000135824,1.60E-05
138,2022/7/11 21:55,1547.7458,1.638,31.4196,0.000135824,2.35E-07
139,2022/7/11 21:56,1547.7481,1.649,31.5931,0.000135824,2.70E-06
140,2022/7/11 21:58,1547.7519,1.6685,31.8995,0.000135824,4.47E-06
141,2022/7/11 21:59,1547.7553,1.692,32.267,0.000135824,4.00E-06
142,2022/7/11 22:01,1547.7539,1.6995,32.3839,0.000135824,-1.65E-06
143,2022/7/11 22:02,1547.7633,1.682,32.1109,0.000135825,1.11E-05
144,2022/7/11 22:04,1547.7609,1.7265,32.803,0.000135825,-2.82E-06
145,2022/7/11 22:05,1547.7689,1.421,27.9059,0.000135826,9.41E-06
146,2022/7/11 22:07,1547.7731,1.733,32.9035,0.000135826,4.94E-06
147,2022/7/11 22:08,1547.7764,1.7355,32.9421,0.000135826,3.88E-06
148,2022/7/11 22:10,1547.7722,1.735,32.9344,0.000135826,-4.94E-06
149,2022/7/11 22:11,1547.7804,1.7715,33.4957,0.000135827,9.64E-06
150,2022/7/11 22:13,1547.7843,1.716,32.6403,0.000135827,4.59E-06
151,2022/7/11 22:14,1547.7832,1.5735,30.3935,0.000135827,-1.29E-06
152,2022/7/11 22:16,1547.7891,1.775,33.5492,0.000135827,6.94E-06
153,2022/7/11 22:17,1547.7924,1.7805,33.6333,0.000135828,3.88E-06
154,2022/7/11 22:19,1547.7913,1.765,33.396,0.000135828,-1.29E-06
155,2022/7/11 22:20,1547.7943,1.7555,33.2502,0.000135828,3.53E-06
156,2022/7/11 22:22,1547.7973,1.774,33.5339,0.000135828,3.53E-06
157,2022/7/11 22:23,1547.798,1.764,33.3807,0.000135828,8.23E-07
158,2022/7/11 22:24,1547.8006,1.7915,33.8012,0.000135828,3.06E-06
159,2022/7/11 22:26,1547.8043,1.797,33.885,0.000135829,4.35E-06
160,2022/7/11 22:27,1547.8041,1.7955,33.8622,0.000135829,-2.35E-07
161,2022/7/11 22:29,1547.807,0.8805,18.3512,0.000135829,3.41E-06
162,2022/7/11 22:30,1547.8112,1.803,33.9763,0.000135829,4.94E-06
163,2022/7/11 22:32,1547.8088,1.516,29.4658,0.000135829,-2.82E-06
164,2022/7/11 22:33,1547.813,1.821,34.2494,0.00013583,4.94E-06
165,2022/7/11 22:35,1547.8192,1.777,33.5798,0.00013583,7.29E-06
166,2022/7/11 22:36,1547.8154,1.807,34.0371,0.00013583,-4.47E-06
167,2022/7/11 22:38,1547.8221,1.829,34.3704,0.00013583,7.88E-06
168,2022/7/11 22:39,1547.824,1.823,34.2796,0.000135831,2.23E-06
169,2022/7/11 22:41,1547.8192,1.037,21.241,0.00013583,-5.64E-06
170,2022/7/11 22:42,1547.8288,1.849,34.6719,0.000135831,1.13E-05
171,2022/7/11 22:44,1547.8163,1.8335,34.4383,0.00013583,-1.47E-05
172,2022/7/11 22:45,1547.8167,1.8525,34.7245,0.00013583,4.70E-07
173,2022/7/11 22:47,1547.8207,1.834,34.4459,0.00013583,4.70E-06
174,2022/7/11 22:48,1547.8239,1.8265,34.3326,0.000135831,3.76E-06
175,2022/7/11 22:50,1547.8221,1.851,34.702,0.00013583,-2.12E-06
176,2022/7/11 22:51,1547.8235,1.2195,24.4821,0.00013583,1.65E-06
177,2022/7/11 22:53,1547.8273,1.7165,32.6481,0.000135831,4.47E-06
178,2022/7/11 22:54,1547.826,1.742,33.0424,0.000135831,-1.53E-06
179,2022/7/11 22:56,1547.8271,1.8505,34.6945,0.000135831,1.29E-06
180,2022/7/11 22:57,1547.8302,1.0335,21.1775,0.000135831,3.65E-06
181,2022/7/11 22:59,1547.8295,1.8335,34.4383,0.000135831,-8.23E-07
182,2022/7/11 23:00,1547.8319,1.8425,34.5741,0.000135831,2.82E-06
183,2022/7/11 23:01,1547.8376,1.8515,34.7095,0.000135832,6.70E-06
184,2022/7/11 23:03,1547.8328,1.854,34.7471,0.000135831,-5.64E-06
185,2022/7/11 23:04,1547.8361,1.872,35.017,0.000135832,3.88E-06
186,2022/7/11 23:06,1547.8461,1.8675,34.9496,0.000135832,1.18E-05
187,2022/7/11 23:07,1547.8422,1.8575,34.7996,0.000135832,-4.59E-06
188,2022/7/11 23:09,1547.8467,1.638,31.4196,0.000135833,5.29E-06
189,2022/7/11 23:10,1547.8484,1.8505,34.6945,0.000135833,2.00E-06
190,2022/7/11 23:12,1547.8492,1.8695,34.9795,0.000135833,9.41E-07
191,2022/7/11 23:13,1547.8513,1.861,34.8522,0.000135833,2.47E-06
192,2022/7/11 23:15,1547.8547,1.857,34.7921,0.000135833,4.00E-06
193,2022/7/11 23:16,1547.8545,1.841,34.5515,0.000135833,-2.35E-07
194,2022/7/11 23:18,1547.8561,1.8595,34.8297,0.000135833,1.88E-06
195,2022/7/11 23:19,1547.8602,1.1775,23.7482,0.000135834,4.82E-06
196,2022/7/11 23:21,1547.8612,1.854,34.7471,0.000135834,1.18E-06
197,2022/7/11 23:22,1547.8636,1.051,21.4945,0.000135834,2.82E-06
198,2022/7/11 23:24,1547.865,1.85,34.6869,0.000135834,1.65E-06
199,2022/7/11 23:25,1547.8648,1.8635,34.8897,0.000135834,-2.35E-07
200,2022/7/11 23:27,1547.8716,1.863,34.8822,0.000135835,8.00E-06
201,2022/7/11 23:28,1547.8777,1.801,33.9459,0.000135835,7.17E-06
202,2022/7/11 23:30,1547.8714,1.835,34.461,0.000135835,-7.41E-06
203,2022/7/11 23:31,1547.8717,1.874,35.0469,0.000135835,3.53E-07
204,2022/7/11 23:33,1547.8805,1.841,34.5515,0.000135835,1.03E-05
205,2022/7/11 23:34,1547.8796,1.2115,24.3428,0.000135835,-1.06E-06
206,2022/7/11 23:36,1547.8806,1.5395,29.8464,0.000135835,1.18E-06
207,2022/7/11 23:37,1547.8854,1.3935,27.4479,0.000135836,5.64E-06
208,2022/7/11 23:38,1547.8833,1.8505,34.6945,0.000135836,-2.47E-06
209,2022/7/11 23:40,1547.8873,1.844,34.5966,0.000135836,4.70E-06
210,2022/7/11 23:41,1547.8884,1.7905,33.786,0.000135836,1.29E-06
211,2022/7/11 23:43,1547.8867,1.8405,34.5439,0.000135836,-2.00E-06
212,2022/7/11 23:44,1547.8917,0.9305,19.2858,0.000135836,5.88E-06
213,2022/7/11 23:46,1547.8924,1.8505,34.6945,0.000135837,8.23E-07
214,2022/7/11 23:47,1547.8922,1.0995,22.3664,0.000135837,-2.35E-07
215,2022/7/11 23:49,1547.8945,1.825,34.3099,0.000135837,2.70E-06
216,2022/7/11 23:50,1547.8975,1.437,28.171,0.000135837,3.53E-06
217,2022/7/11 23:52,1547.8975,1.833,34.4308,0.000135837,0
218,2022/7/11 23:53,1547.8985,1.8495,34.6794,0.000135837,1.18E-06
219,2022/7/11 23:55,1547.9006,1.2875,25.6553,0.000135837,2.47E-06
220,2022/7/11 23:56,1547.8994,1.8245,34.3023,0.000135837,-1.41E-06
221,2022/7/11 23:58,1547.9011,1.8385,34.5138,0.000135837,2.00E-06
222,2022/7/11 23:59,1547.904,1.8295,34.3779,0.000135838,3.41E-06
223,2022/7/12 0:01,1547.9021,1.8155,34.166,0.000135837,-2.23E-06
224,2022/7/12 0:02,1547.9047,1.0935,22.259,0.000135838,3.06E-06
225,2022/7/12 0:04,1547.9096,1.746,33.104,0.000135838,5.76E-06
226,2022/7/12 0:05,1547.9086,1.6295,31.2852,0.000135838,-1.18E-06
227,2022/7/12 0:07,1547.9087,1.505,29.2869,0.000135838,1.18E-07
228,2022/7/12 0:08,1547.9154,1.83,34.3855,0.000135839,7.88E-06
229,2022/7/12 0:10,1547.912,1.817,34.1888,0.000135838,-4.00E-06
230,2022/7/12 0:11,1547.9173,1.797,33.885,0.000135839,6.23E-06
231,2022/7/12 0:13,1547.9195,1.816,34.1736,0.000135839,2.59E-06
232,2022/7/12 0:14,1547.9184,1.8005,33.9383,0.000135839,-1.29E-06
233,2022/7/12 0:16,1547.9192,1.803,33.9763,0.000135839,9.41E-07
234,2022/7/12 0:17,1547.917,0.5835,12.5721,0.000135839,-2.59E-06
235,2022/7/12 0:18,1547.8716,1.8285,34.3628,0.000135835,-5.34E-05
236,2022/7/12 0:20,1547.6185,1.7985,33.9078,0.000135812,-0.000297646
237,2022/7/12 0:21,1547.3243,1.8075,34.0447,0.000135787,-0.000346045
238,2022/7/12 0:23,1547.044,1.8135,34.1357,0.000135762,-0.000329755
239,2022/7/12 0:24,1546.788,1.816,34.1736,0.00013574,-0.000301218
240,2022/7/12 0:26,1546.568,1.802,33.9611,0.00013572,-0.000258896
241,2022/7/12 0:27,1546.3517,1.818,34.2039,0.000135701,-0.000254577
242,2022/7/12 0:29,1546.1729,1.806,34.0219,0.000135686,-0.000210465
243,2022/7/12 0:30,1546.0103,1.8065,34.0295,0.000135671,-0.000191417
244,2022/7/12 0:32,1545.8586,1.7965,33.8774,0.000135658,-0.000178602
245,2022/7/12 0:33,1545.7115,1.7245,32.772,0.000135645,-0.000173203
246,2022/7/12 0:35,1545.5817,1.3035,25.9287,0.000135634,-0.000152846
247,2022/7/12 0:36,1545.4669,1.7985,33.9078,0.000135624,-0.000135193
248,2022/7/12 0:38,1545.3474,1.8175,34.1963,0.000135613,-0.000140739
249,2022/7/12 0:39,1545.2361,1.785,33.7021,0.000135603,-0.000131091
250,2022/7/12 0:41,1545.1279,1.8015,33.9535,0.000135594,-0.000127448
251,2022/7/12 0:42,1545.0223,1.606,30.9124,0.000135585,-0.000124394
252,2022/7/12 0:44,1544.9267,1.7875,33.7402,0.000135576,-0.000112622
253,2022/7/12 0:45,1544.8371,1.747,33.1194,0.000135568,-0.000105559
254,2022/7/12 0:47,1544.7474,1.1665,23.5548,0.000135561,-0.000105683
255,2022/7/12 0:48,1544.6646,1.792,33.8088,0.000135553,-9.76E-05
256,2022/7/12 0:50,1544.5762,0.9485,19.6196,0.000135546,-0.000104163
257,2022/7/12 0:51,1544.4837,1.718,32.6713,0.000135537,-0.000109001
258,2022/7/12 0:53,1544.406,1.8005,33.9383,0.000135531,-9.16E-05
259,2022/7/12 0:54,1544.3333,1.783,33.6715,0.000135524,-8.57E-05
260,2022/7/12 0:56,1544.2662,1.7425,33.0501,0.000135518,-7.91E-05
261,2022/7/12 0:57,1544.1746,1.556,30.1124,0.00013551,-0.000107962
262,2022/7/12 0:58,1544.1077,1.75,33.1656,0.000135504,-7.89E-05
263,2022/7/12 1:00,1544.0457,1.0545,21.5578,0.000135499,-7.31E-05
264,2022/7/12 1:01,1543.9782,1.7455,33.0963,0.000135493,-7.96E-05
265,2022/7/12 1:03,1543.9036,1.7505,33.1733,0.000135486,-8.79E-05
266,2022/7/12 1:04,1543.849,1.5085,29.3438,0.000135482,-6.44E-05
267,2022/7/12 1:06,1543.7826,1.7905,33.786,0.000135476,-7.83E-05
268,2022/7/12 1:07,1543.7157,1.781,33.641,0.00013547,-7.89E-05
269,2022/7/12 1:09,1543.6663,1.739,32.9961,0.000135466,-5.82E-05
270,2022/7/12 1:10,1543.5917,1.612,31.0078,0.000135459,-8.80E-05
271,2022/7/12 1:12,1543.5443,1.698,32.3606,0.000135455,-5.59E-05
272,2022/7/12 1:13,1543.4827,1.785,33.7021,0.00013545,-7.26E-05
273,2022/7/12 1:15,1543.4216,0.872,18.1912,0.000135444,-7.20E-05
274,2022/7/12 1:16,1543.3727,1.798,33.9002,0.00013544,-5.77E-05
275,2022/7/12 1:18,1543.3048,1.777,33.5798,0.000135434,-8.01E-05
276,2022/7/12 1:19,1543.2647,1.771,33.488,0.00013543,-4.73E-05
277,2022/7/12 1:21,1543.1996,1.7505,33.1733,0.000135425,-7.68E-05
278,2022/7/12 1:22,1543.1578,1.7515,33.1887,0.000135421,-4.93E-05
279,2022/7/12 1:24,1543.0934,1.7665,33.419,0.000135415,-7.60E-05
280,2022/7/12 1:25,1543.057,1.7155,32.6326,0.000135412,-4.29E-05
281,2022/7/12 1:27,1542.9946,1.7325,32.8958,0.000135407,-7.36E-05
282,2022/7/12 1:28,1542.9545,1.761,33.3347,0.000135403,-4.73E-05
283,2022/7/12 1:30,1542.8987,1.7695,33.465,0.000135398,-6.58E-05
284,2022/7/12 1:31,1542.8641,1.7215,32.7256,0.000135395,-4.08E-05
285,2022/7/12 1:33,1542.8028,1.7275,32.8185,0.00013539,-7.23E-05
286,2022/7/12 1:34,1542.7702,1.708,32.5161,0.000135387,-3.85E-05
287,2022/7/12 1:36,1542.7112,1.7385,32.9884,0.000135382,-6.96E-05
288,2022/7/12 1:37,1542.6724,1.7495,33.1579,0.000135378,-4.58E-05
289,2022/7/12 1:38,1542.6231,1.499,29.1891,0.000135374,-5.82E-05
290,2022/7/12 1:40,1542.5817,1.7265,32.803,0.00013537,-4.88E-05
291,2022/7/12 1:41,1542.5342,1.7,32.3917,0.000135366,-5.60E-05
292,2022/7/12 1:43,1542.484,1.7385,32.9884,0.000135362,-5.92E-05
293,2022/7/12 1:44,1542.455,1.1965,24.0811,0.000135359,-3.42E-05
294,2022/7/12 1:46,1542.3985,1.7315,32.8803,0.000135354,-6.67E-05
295,2022/7/12 1:47,1542.3714,1.684,32.1422,0.000135352,-3.20E-05
296,2022/7/12 1:49,1542.3235,1.7415,33.0347,0.000135348,-5.65E-05
297,2022/7/12 1:50,1542.2805,1.746,33.104,0.000135344,-5.07E-05
298,2022/7/12 1:52,1542.2453,1.709,32.5317,0.000135341,-4.15E-05
299,2022/7/12 1:53,1542.197,1.7425,33.0501,0.000135337,-5.70E-05
300,2022/7/12 1:55,1542.1632,1.725,32.7798,0.000135334,-3.99E-05
301,2022/7/12 1:56,1542.1233,1.7285,32.8339,0.00013533,-4.71E-05
302,2022/7/12 1:58,1542.0317,1.6935,32.2904,0.000135322,-0.000108112
303,2022/7/12 1:59,1542.0503,1.7095,32.5394,0.000135324,2.20E-05
304,2022/7/12 2:01,1542.0022,0.8755,18.2571,0.00013532,-5.68E-05
305,2022/7/12 2:02,1541.9666,1.73,32.8571,0.000135317,-4.20E-05
306,2022/7/12 2:04,1541.9296,1.7255,32.7875,0.000135313,-4.37E-05
307,2022/7/12 2:05,1541.8905,1.7255,32.7875,0.00013531,-4.62E-05
308,2022/7/12 2:07,1541.8566,1.716,32.6403,0.000135307,-4.00E-05
309,2022/7/12 2:08,1541.8194,1.343,26.5993,0.000135304,-4.39E-05
310,2022/7/12 2:10,1541.7734,1.729,32.8417,0.0001353,-5.43E-05
311,2022/7/12 2:11,1541.7368,1.697,32.345,0.000135296,-4.32E-05
312,2022/7/12 2:13,1541.7036,1.716,32.6403,0.000135293,-3.92E-05
313,2022/7/12 2:14,1541.6745,1.7145,32.6171,0.000135291,-3.44E-05
314,2022/7/12 2:16,1541.6447,1.714,32.6093,0.000135288,-3.52E-05
315,2022/7/12 2:17,1541.6037,1.711,32.5627,0.000135285,-4.84E-05
316,2022/7/12 2:19,1541.5708,1.6985,32.3683,0.000135282,-3.88E-05
317,2022/7/12 2:20,1541.5473,1.7095,32.5394,0.00013528,-2.77E-05
318,2022/7/12 2:21,1541.5025,1.602,30.8488,0.000135276,-5.29E-05
319,2022/7/12 2:23,1541.4632,1.696,32.3294,0.000135272,-4.64E-05
320,2022/7/12 2:24,1541.4332,1.1545,23.3433,0.00013527,-3.54E-05
321,2022/7/12 2:26,1541.4043,1.7235,32.7565,0.000135267,-3.41E-05
322,2022/7/12 2:27,1541.3709,0.9155,19.0065,0.000135264,-3.94E-05
323,2022/7/12 2:29,1541.3334,1.6955,32.3216,0.000135261,-4.43E-05
324,2022/7/12 2:30,1541.308,1.698,32.3606,0.000135259,-3.00E-05
325,2022/7/12 2:32,1541.2792,1.7125,32.586,0.000135256,-3.40E-05
326,2022/7/12 2:33,1541.2369,1.7135,32.6015,0.000135252,-5.00E-05
327,2022/7/12 2:35,1541.2145,0.8375,17.5387,0.000135251,-2.65E-05
328,2022/7/12 2:36,1541.186,1.7095,32.5394,0.000135248,-3.37E-05
329,2022/7/12 2:38,1541.1468,1.68,32.0796,0.000135245,-4.63E-05
330,2022/7/12 2:39,1541.1278,1.685,32.1578,0.000135243,-2.24E-05
331,2022/7/12 2:41,1541.0964,1.7065,32.4928,0.00013524,-3.71E-05
332,2022/7/12 2:42,1541.0563,1.593,30.7053,0.000135237,-4.74E-05
333,2022/7/12 2:44,1541.0216,1.71,32.5472,0.000135234,-4.10E-05
334,2022/7/12 2:45,1541.0067,1.713,32.5938,0.000135232,-1.76E-05
335,2022/7/12 2:47,1540.9733,1.689,32.2202,0.000135229,-3.94E-05
336,2022/7/12 2:48,1540.9354,0.88,18.3418,0.000135226,-4.48E-05
337,2022/7/12 2:50,1540.9231,1.6935,32.2904,0.000135225,-1.45E-05
338,2022/7/12 2:51,1540.888,1.5715,30.3614,0.000135222,-4.15E-05
339,2022/7/12 2:53,1540.8519,1.6945,32.306,0.000135219,-4.26E-05
340,2022/7/12 2:54,1540.8209,1.687,32.189,0.000135216,-3.66E-05
341,2022/7/12 2:56,1540.8035,1.705,32.4695,0.000135214,-2.06E-05
342,2022/7/12 2:57,1540.7719,1.7035,32.4462,0.000135212,-3.73E-05
343,2022/7/12 2:59,1540.7398,1.674,31.9857,0.000135209,-3.79E-05
344,2022/7/12 3:00,1540.7116,1.6845,32.15,0.000135206,-3.33E-05
345,2022/7/12 3:02,1540.6951,1.711,32.5627,0.000135205,-1.95E-05
346,2022/7/12 3:03,1540.6637,1.69,32.2358,0.000135202,-3.71E-05
347,2022/7/12 3:04,1540.6291,1.6895,32.228,0.000135199,-4.09E-05
348,2022/7/12 3:06,1540.6207,1.688,32.2046,0.000135198,-9.92E-06
349,2022/7/12 3:07,1540.5925,1.696,32.3294,0.000135196,-3.33E-05
350,2022/7/12 3:09,1540.5562,1.704,32.4539,0.000135193,-4.29E-05
351,2022/7/12 3:10,1540.526,0.897,18.6608,0.00013519,-3.57E-05
352,2022/7/12 3:12,1540.521,1.719,32.6868,0.00013519,-5.91E-06
353,2022/7/12 3:13,1540.4866,1.6905,32.2437,0.000135187,-4.06E-05
354,2022/7/12 3:15,1540.4543,1.7315,32.8803,0.000135184,-3.82E-05
355,2022/7/12 3:16,1540.4271,1.672,31.9544,0.000135181,-3.21E-05
356,2022/7/12 3:18,1540.4153,1.7025,32.4306,0.00013518,-1.39E-05
357,2022/7/12 3:19,1540.3901,1.1365,23.0249,0.000135178,-2.98E-05
358,2022/7/12 3:21,1540.3579,1.6855,32.1656,0.000135175,-3.80E-05
359,2022/7/12 3:22,1540.3262,1.007,20.6951,0.000135173,-3.75E-05
360,2022/7/12 3:24,1540.3191,1.7155,32.6326,0.000135172,-8.39E-06
361,2022/7/12 3:25,1540.2943,1.701,32.4073,0.00013517,-2.93E-05
362,2022/7/12 3:27,1540.2578,1.7295,32.8494,0.000135167,-4.31E-05
363,2022/7/12 3:28,1540.2274,1.7145,32.6171,0.000135164,-3.59E-05
364,2022/7/12 3:30,1540.2118,1.6915,32.2593,0.000135163,-1.84E-05
365,2022/7/12 3:31,1540.1929,1.7265,32.803,0.000135161,-2.23E-05
366,2022/7/12 3:33,1540.1695,1.707,32.5006,0.000135159,-2.77E-05
367,2022/7/12 3:34,1540.1359,1.65,31.6088,0.000135156,-3.97E-05
368,2022/7/12 3:36,1540.1144,1.683,32.1265,0.000135154,-2.54E-05
369,2022/7/12 3:37,1540.1037,1.668,31.8917,0.000135153,-1.26E-05
370,2022/7/12 3:39,1540.083,1.6885,32.2124,0.000135151,-2.45E-05
371,2022/7/12 3:40,1540.0495,1.7255,32.7875,0.000135148,-3.96E-05
372,2022/7/12 3:42,1540.0249,1.695,32.3138,0.000135146,-2.91E-05
373,2022/7/12 3:43,1540.0136,1.7425,33.0501,0.000135145,-1.34E-05
374,2022/7/12 3:45,1539.9915,1.671,31.9387,0.000135143,-2.61E-05
375,2022/7/12 3:46,1539.9646,1.689,32.2202,0.000135141,-3.18E-05
376,2022/7/12 3:48,1539.9352,1.7205,32.7101,0.000135138,-3.47E-05
377,2022/7/12 3:49,1539.916,1.729,32.8417,0.000135137,-2.27E-05
378,2022/7/12 3:51,1539.9073,1.7155,32.6326,0.000135136,-1.03E-05
379,2022/7/12 3:52,1539.887,1.516,29.4658,0.000135134,-2.40E-05
380,2022/7/12 3:53,1539.8559,1.4825,28.9196,0.000135131,-3.68E-05
381,2022/7/12 3:55,1539.8289,1.3655,26.9786,0.000135129,-3.19E-05
382,2022/7/12 3:56,1539.8119,1.719,32.6868,0.000135127,-2.01E-05
383,2022/7/12 3:58,1539.8012,1.742,33.0424,0.000135126,-1.26E-05
384,2022/7/12 3:59,1539.7827,1.7365,32.9575,0.000135125,-2.19E-05
385,2022/7/12 4:01,1539.7484,1.712,32.5783,0.000135122,-4.05E-05
386,2022/7/12 4:02,1539.7265,1.2005,24.151,0.00013512,-2.59E-05
387,2022/7/12 4:04,1539.7132,1.669,31.9074,0.000135119,-1.57E-05
388,2022/7/12 4:05,1539.701,1.737,32.9652,0.000135118,-1.44E-05
389,2022/7/12 4:07,1539.6814,1.6425,31.4906,0.000135116,-2.32E-05
390,2022/7/12 4:08,1539.6551,1.707,32.5006,0.000135114,-3.11E-05
391,2022/7/12 4:10,1539.627,1.666,31.8603,0.000135111,-3.32E-05
392,2022/7/12 4:11,1539.6131,1.708,32.5161,0.00013511,-1.64E-05
393,2022/7/12 4:13,1539.6061,1.7005,32.3995,0.000135109,-8.27E-06
394,2022/7/12 4:14,1539.5834,1.696,32.3294,0.000135107,-2.68E-05
395,2022/7/12 4:16,1539.5572,1.729,32.8417,0.000135105,-3.10E-05
396,2022/7/12 4:17,1539.5345,1.7385,32.9884,0.000135103,-2.68E-05
397,2022/7/12 4:19,1539.5139,0.8715,18.1818,0.000135101,-2.44E-05
398,2022/7/12 4:20,1539.5094,0.7955,16.7374,0.000135101,-5.32E-06
399,2022/7/12 4:22,1539.4918,1.479,28.8623,0.000135099,-2.08E-05
400,2022/7/12 4:23,1539.4661,1.5745,30.4095,0.000135097,-3.04E-05
401,2022/7/12 4:25,1539.4398,1.728,32.8262,0.000135095,-3.11E-05
402,2022/7/12 4:26,1539.4249,1.6865,32.1812,0.000135093,-1.76E-05
403,2022/7/12 4:28,1539.4188,1.2625,25.2261,0.000135093,-7.21E-06
404,2022/7/12 4:29,1539.3986,1.488,29.0095,0.000135091,-2.39E-05
405,2022/7/12 4:31,1539.3824,0.903,18.7731,0.00013509,-1.92E-05
406,2022/7/12 4:32,1539.3537,1.686,32.1734,0.000135087,-3.39E-05
407,2022/7/12 4:34,1539.33,1.698,32.3606,0.000135085,-2.80E-05
408,2022/7/12 4:35,1539.3185,1.687,32.189,0.000135084,-1.36E-05
409,2022/7/12 4:37,1539.3076,1.71,32.5472,0.000135083,-1.29E-05
410,2022/7/12 4:38,1539.2925,1.7545,33.2348,0.000135082,-1.79E-05
411,2022/7/12 4:39,1539.2712,1.6685,31.8995,0.00013508,-2.52E-05
412,2022/7/12 4:41,1539.2456,1.706,32.485,0.000135078,-3.03E-05
413,2022/7/12 4:42,1539.2246,1.7115,32.5705,0.000135076,-2.48E-05
414,2022/7/12 4:44,1539.2134,1.687,32.189,0.000135075,-1.32E-05
415,2022/7/12 4:45,1539.2057,1.561,30.1928,0.000135074,-9.10E-06
416,2022/7/12 4:47,1539.1904,1.325,26.2945,0.000135073,-1.81E-05
417,2022/7/12 4:48,1539.1675,1.682,32.1109,0.000135071,-2.71E-05
418,2022/7/12 4:50,1539.1461,0.943,19.5178,0.000135069,-2.53E-05
419,2022/7/12 4:51,1539.1275,1.5705,30.3454,0.000135067,-2.20E-05
420,2022/7/12 4:53,1539.114,1.712,32.5783,0.000135066,-1.60E-05
421,2022/7/12 4:54,1539.1092,1.691,32.2515,0.000135066,-5.68E-06
422,2022/7/12 4:56,1539.0919,1.6625,31.8054,0.000135064,-2.05E-05
423,2022/7/12 4:57,1539.0725,1.6875,32.1968,0.000135063,-2.29E-05
424,2022/7/12 4:59,1539.0545,1.717,32.6558,0.000135061,-2.13E-05
425,2022/7/12 5:00,1539.033,1.7,32.3917,0.000135059,-2.54E-05
426,2022/7/12 5:02,1539.017,1.7035,32.4462,0.000135058,-1.89E-05
427,2022/7/12 5:03,1539.0089,1.689,32.2202,0.000135057,-9.58E-06
428,2022/7/12 5:05,1539.001,1.663,31.8132,0.000135056,-9.34E-06
429,2022/7/12 5:06,1538.9831,1.6845,32.15,0.000135055,-2.12E-05
430,2022/7/12 5:08,1538.9626,1.705,32.4695,0.000135053,-2.42E-05
431,2022/7/12 5:09,1538.9474,1.344,26.6162,0.000135052,-1.80E-05
432,2022/7/12 5:11,1538.924,1.6515,31.6325,0.000135049,-2.77E-05
433,2022/7/12 5:12,1538.9149,1.6875,32.1968,0.000135049,-1.08E-05
434,2022/7/12 5:14,1538.9123,1.6685,31.8995,0.000135048,-3.07E-06
435,2022/7/12 5:15,1538.895,1.6585,31.7426,0.000135047,-2.05E-05
436,2022/7/12 5:17,1538.8817,1.735,32.9344,0.000135046,-1.57E-05
437,2022/7/12 5:18,1538.8646,1.3025,25.9116,0.000135044,-2.02E-05
438,2022/7/12 5:20,1538.8384,1.458,28.5175,0.000135042,-3.10E-05
439,2022/7/12 5:21,1538.8253,1.6735,31.9779,0.000135041,-1.55E-05
440,2022/7/12 5:23,1538.8166,1.5855,30.5855,0.00013504,-1.03E-05
441,2022/7/12 5:24,1538.8105,1.669,31.9074,0.00013504,-7.21E-06
442,2022/7/12 5:26,1538.7965,1.6955,32.3216,0.000135038,-1.66E-05
443,2022/7/12 5:27,1538.7863,1.689,32.2202,0.000135037,-1.21E-05
444,2022/7/12 5:28,1538.7578,1.698,32.3606,0.000135035,-3.37E-05
445,2022/7/12 5:30,1538.7428,1.6745,31.9936,0.000135034,-1.77E-05
446,2022/7/12 5:31,1538.7278,1.759,33.304,0.000135032,-1.77E-05
447,2022/7/12 5:33,1538.7152,1.702,32.4228,0.000135031,-1.49E-05
448,2022/7/12 5:34,1538.7128,1.634,31.3564,0.000135031,-2.84E-06
449,2022/7/12 5:36,1538.6998,1.6465,31.5537,0.00013503,-1.54E-05
450,2022/7/12 5:37,1538.6846,1.529,29.6766,0.000135028,-1.80E-05
451,2022/7/12 5:39,1538.6735,1.7315,32.8803,0.000135028,-1.31E-05
452,2022/7/12 5:40,1538.6497,0.644,13.7816,0.000135025,-2.82E-05
453,2022/7/12 5:42,1538.63,1.679,32.064,0.000135024,-2.33E-05
454,2022/7/12 5:43,1538.6214,1.696,32.3294,0.000135023,-1.02E-05
455,2022/7/12 5:45,1538.6099,1.6905,32.2437,0.000135022,-1.36E-05
456,2022/7/12 5:46,1538.6057,1.701,32.4073,0.000135022,-4.97E-06
457,2022/7/12 5:48,1538.5925,1.721,32.7178,0.00013502,-1.56E-05
458,2022/7/12 5:49,1538.5777,1.69,32.2358,0.000135019,-1.75E-05
459,2022/7/12 5:51,1538.5604,1.0415,21.3226,0.000135018,-2.05E-05
460,2022/7/12 5:52,1538.5441,1.7035,32.4462,0.000135016,-1.93E-05
461,2022/7/12 5:54,1538.5268,1.7235,32.7565,0.000135015,-2.05E-05
462,2022/7/12 5:55,1538.5178,1.693,32.2826,0.000135014,-1.06E-05
463,2022/7/12 5:57,1538.51,1.624,31.1982,0.000135013,-9.23E-06
464,2022/7/12 5:58,1538.5038,1.0365,21.232,0.000135013,-7.33E-06
465,2022/7/12 6:00,1538.4899,1.7395,33.0038,0.000135011,-1.64E-05
466,2022/7/12 6:01,1538.4778,1.681,32.0953,0.00013501,-1.43E-05
467,2022/7/12 6:03,1538.4598,1.704,32.4539,0.000135009,-2.13E-05
468,2022/7/12 6:04,1538.446,1.5895,30.6494,0.000135008,-1.63E-05
469,2022/7/12 6:06,1538.4275,1.6485,31.5852,0.000135006,-2.19E-05
470,2022/7/12 6:07,1538.4186,1.723,32.7488,0.000135005,-1.05E-05
471,2022/7/12 6:09,1538.4093,1.3725,27.0962,0.000135004,-1.10E-05
472,2022/7/12 6:10,1538.4078,1.665,31.8446,0.000135004,-1.77E-06
473,2022/7/12 6:12,1538.3973,1.752,33.1964,0.000135003,-1.24E-05
474,2022/7/12 6:13,1538.381,1.652,31.6403,0.000135002,-1.93E-05
475,2022/7/12 6:15,1538.368,1.695,32.3138,0.000135001,-1.54E-05
476,2022/7/12 6:16,1538.3564,1.6805,32.0875,0.000135,-1.37E-05
477,2022/7/12 6:18,1538.3339,1.7025,32.4306,0.000134998,-2.66E-05
478,2022/7/12 6:19,1538.3242,1.455,28.4681,0.000134997,-1.15E-05
479,2022/7/12 6:21,1538.3155,1.6835,32.1344,0.000134996,-1.03E-05
480,2022/7/12 6:22,1538.3188,1.636,31.388,0.000134996,3.90E-06
481,2022/7/12 6:24,1538.3067,1.664,31.8289,0.000134995,-1.43E-05
482,2022/7/12 6:25,1538.2951,1.721,32.7178,0.000134994,-1.37E-05
483,2022/7/12 6:27,1538.2827,1.3795,27.2136,0.000134993,-1.47E-05
484,2022/7/12 6:28,1538.2686,1.491,29.0586,0.000134992,-1.67E-05
485,2022/7/12 6:30,1538.2532,1.6995,32.3839,0.000134991,-1.82E-05
486,2022/7/12 6:31,1538.2379,1.705,32.4695,0.000134989,-1.81E-05
487,2022/7/12 6:33,1538.2272,1.67,31.9231,0.000134988,-1.27E-05
488,2022/7/12 6:34,1538.2159,1.6595,31.7583,0.000134987,-1.34E-05
489,2022/7/12 6:36,1538.2107,1.7185,32.6791,0.000134987,-6.15E-06
490,2022/7/12 6:37,1538.2098,1.541,29.8706,0.000134987,-1.06E-06
491,2022/7/12 6:39,1538.1975,1.6955,32.3216,0.000134986,-1.46E-05
492,2022/7/12 6:40,1538.1893,1.737,32.9652,0.000134985,-9.70E-06
493,2022/7/12 6:41,1538.1799,1.6935,32.2904,0.000134984,-1.11E-05
494,2022/7/12 6:43,1538.1591,0.913,18.9599,0.000134982,-2.46E-05
495,2022/7/12 6:44,1538.1522,0.928,19.2393,0.000134982,-8.16E-06
496,2022/7/12 6:46,1538.1387,1.6875,32.1968,0.000134981,-1.60E-05
497,2022/7/12 6:47,1538.1237,1.6625,31.8054,0.000134979,-1.77E-05
498,2022/7/12 6:49,1538.1186,0.916,19.0159,0.000134979,-6.03E-06
499,2022/7/12 6:50,1538.113,1.6655,31.8525,0.000134978,-6.63E-06
500,2022/7/12 6:52,1538.1099,1.703,32.4384,0.000134978,-3.67E-06
501,2022/7/12 6:53,1538.1014,1.674,31.9857,0.000134977,-1.01E-05
502,2022/7/12 6:55,1538.0948,1.708,32.5161,0.000134977,-7.81E-06
503,2022/7/12 6:56,1538.0812,1.6855,32.1656,0.000134976,-1.61E-05
504,2022/7/12 6:58,1538.0687,1.6575,31.7268,0.000134974,-1.48E-05
505,2022/7/12 6:59,1538.0597,1.727,32.8107,0.000134974,-1.06E-05
506,2022/7/12 7:01,1538.0409,1.128,22.8741,0.000134972,-2.22E-05
507,2022/7/12 7:02,1538.0293,1.7075,32.5084,0.000134971,-1.37E-05
508,2022/7/12 7:04,1538.023,1.6465,31.5537,0.00013497,-7.46E-06
509,2022/7/12 7:05,1538.0135,1.658,31.7347,0.00013497,-1.12E-05
510,2022/7/12 7:07,1538.0084,1.6765,32.0249,0.000134969,-6.04E-06
511,2022/7/12 7:08,1538.0063,1.7025,32.4306,0.000134969,-2.49E-06
512,2022/7/12 7:10,1537.9985,1.3585,26.8608,0.000134968,-9.23E-06
513,2022/7/12 7:11,1537.9888,1.6755,32.0092,0.000134967,-1.15E-05
514,2022/7/12 7:13,1537.9794,1.649,31.5931,0.000134967,-1.11E-05
515,2022/7/12 7:14,1537.966,1.7235,32.7565,0.000134965,-1.59E-05
516,2022/7/12 7:16,1537.9538,1.23,24.6644,0.000134964,-1.44E-05
517,2022/7/12 7:17,1537.9378,1.666,31.8603,0.000134963,-1.89E-05
518,2022/7/12 7:19,1537.9297,1.7285,32.8339,0.000134962,-9.59E-06
519,2022/7/12 7:20,1537.9234,1.058,21.6209,0.000134962,-7.46E-06
520,2022/7/12 7:22,1537.913,1.6855,32.1656,0.000134961,-1.23E-05
521,2022/7/12 7:23,1537.9088,1.132,22.9451,0.00013496,-4.97E-06
522,2022/7/12 7:25,1537.9106,1.0215,20.9594,0.000134961,2.13E-06
523,2022/7/12 7:26,1537.8997,1.723,32.7488,0.00013496,-1.29E-05
524,2022/7/12 7:28,1537.8922,1.714,32.6093,0.000134959,-8.88E-06
525,2022/7/12 7:29,1537.8867,1.671,31.9387,0.000134958,-6.51E-06
526,2022/7/12 7:31,1537.8707,1.7415,33.0347,0.000134957,-1.89E-05
527,2022/7/12 7:32,1537.8595,1.5735,30.3935,0.000134956,-1.33E-05
528,2022/7/12 7:33,1537.8534,0.948,19.6104,0.000134956,-7.22E-06
529,2022/7/12 7:35,1537.8371,1.681,32.0953,0.000134954,-1.93E-05
530,2022/7/12 7:36,1537.8285,1.206,24.247,0.000134953,-1.02E-05
531,2022/7/12 7:38,1537.8241,1.4235,27.9473,0.000134953,-5.21E-06
532,2022/7/12 7:39,1537.8134,1.723,32.7488,0.000134952,-1.27E-05
533,2022/7/12 7:41,1537.8178,1.6935,32.2904,0.000134952,5.21E-06
534,2022/7/12 7:42,1537.8101,1.69,32.2358,0.000134952,-9.11E-06
535,2022/7/12 7:44,1537.8016,1.69,32.2358,0.000134951,-1.01E-05
536,2022/7/12 7:45,1537.7926,1.5565,30.1205,0.00013495,-1.07E-05
537,2022/7/12 7:47,1537.783,1.703,32.4384,0.000134949,-1.14E-05
538,2022/7/12 7:48,1537.777,1.6545,31.6797,0.000134949,-7.10E-06
539,2022/7/12 7:50,1537.7591,1.7185,32.6791,0.000134947,-2.12E-05
540,2022/7/12 7:51,1537.7476,1.683,32.1265,0.000134946,-1.36E-05
541,2022/7/12 7:53,1537.741,1.656,31.7033,0.000134946,-7.81E-06
542,2022/7/12 7:54,1537.7325,1.688,32.2046,0.000134945,-1.01E-05
543,2022/7/12 7:56,1537.7216,1.7225,32.7411,0.000134944,-1.29E-05
544,2022/7/12 7:57,1537.7182,1.738,32.9807,0.000134944,-4.02E-06
545,2022/7/12 7:59,1537.7139,1.666,31.8603,0.000134943,-5.09E-06
546,2022/7/12 8:00,1537.7181,1.705,32.4695,0.000134944,4.97E-06
547,2022/7/12 8:02,1537.7092,1.7035,32.4462,0.000134943,-1.05E-05
548,2022/7/12 8:03,1537.7049,1.52,29.5307,0.000134943,-5.09E-06
549,2022/7/12 8:05,1537.6909,1.6905,32.2437,0.000134941,-1.66E-05
550,2022/7/12 8:06,1537.6863,0.9065,18.8385,0.000134941,-5.44E-06
551,2022/7/12 8:08,1537.6813,1.669,31.9074,0.00013494,-5.92E-06
552,2022/7/12 8:09,1537.6653,1.69,32.2358,0.000134939,-1.89E-05
553,2022/7/12 8:11,1537.6559,1.6725,31.9622,0.000134938,-1.11E-05
554,2022/7/12 8:12,1537.6527,1.6825,32.1187,0.000134938,-3.79E-06
555,2022/7/12 8:14,1537.6369,1.712,32.5783,0.000134937,-1.87E-05
556,2022/7/12 8:15,1537.6287,1.6895,32.228,0.000134936,-9.71E-06
557,2022/7/12 8:17,1537.6257,1.7005,32.3995,0.000134936,-3.55E-06
558,2022/7/12 8:18,1537.6177,1.6935,32.2904,0.000134935,-9.47E-06
559,2022/7/12 8:20,1537.6109,1.6715,31.9466,0.000134934,-8.05E-06
560,2022/7/12 8:21,1537.6132,1.513,29.417,0.000134934,2.72E-06
561,2022/7/12 8:23,1537.6094,1.6645,31.8368,0.000134934,-4.50E-06
562,2022/7/12 8:24,1537.6036,1.6615,31.7897,0.000134934,-6.87E-06
563,2022/7/12 8:26,1537.5942,1.721,32.7178,0.000134933,-1.11E-05
564,2022/7/12 8:27,1537.5895,1.7015,32.415,0.000134932,-5.56E-06
565,2022/7/12 8:28,1537.5854,1.738,32.9807,0.000134932,-4.85E-06
566,2022/7/12 8:30,1537.5691,1.701,32.4073,0.000134931,-1.93E-05
567,2022/7/12 8:31,1537.5613,1.6745,31.9936,0.00013493,-9.23E-06
568,2022/7/12 8:33,1537.5556,1.584,30.5616,0.000134929,-6.75E-06
569,2022/7/12 8:34,1537.5418,1.66,31.7661,0.000134928,-1.63E-05
570,2022/7/12 8:36,1537.5362,1.0475,21.4312,0.000134928,-6.63E-06
571,2022/7/12 8:37,1537.5322,1.357,26.8356,0.000134927,-4.73E-06
572,2022/7/12 8:39,1537.5229,1.7175,32.6636,0.000134927,-1.10E-05
573,2022/7/12 8:40,1537.5185,1.714,32.6093,0.000134926,-5.21E-06
574,2022/7/12 8:42,1537.5156,1.271,25.3723,0.000134926,-3.43E-06
575,2022/7/12 8:43,1537.511,1.7175,32.6636,0.000134925,-5.45E-06
576,2022/7/12 8:45,1537.5103,1.726,32.7952,0.000134925,-8.29E-07
577,2022/7/12 8:46,1537.5059,1.723,32.7488,0.000134925,-5.21E-06
578,2022/7/12 8:48,1537.4973,1.689,32.2202,0.000134924,-1.02E-05
579,2022/7/12 8:49,1537.4936,1.721,32.7178,0.000134924,-4.38E-06
580,2022/7/12 8:51,1537.484,1.664,31.8289,0.000134923,-1.14E-05
581,2022/7/12 8:52,1537.4802,1.726,32.7952,0.000134923,-4.50E-06
582,2022/7/12 8:54,1537.4693,1.654,31.6718,0.000134922,-1.29E-05
583,2022/7/12 8:55,1537.4593,1.706,32.485,0.000134921,-1.18E-05
584,2022/7/12 8:57,1537.4554,1.6925,32.2748,0.000134921,-4.62E-06
585,2022/7/12 8:58,1537.4485,1.6725,31.9622,0.00013492,-8.17E-06
586,2022/7/12 9:00,1537.4343,1.7155,32.6326,0.000134919,-1.68E-05
587,2022/7/12 9:01,1537.4295,1.1705,23.6252,0.000134918,-5.68E-06
588,2022/7/12 9:03,1537.4269,1.6945,32.306,0.000134918,-3.08E-06
589,2022/7/12 9:04,1537.4202,1.65,31.6088,0.000134918,-7.93E-06
590,2022/7/12 9:06,1537.4156,1.679,32.064,0.000134917,-5.45E-06
591,2022/7/12 9:07,1537.414,1.686,32.1734,0.000134917,-1.89E-06
592,2022/7/12 9:09,1537.4185,1.629,31.2773,0.000134917,5.33E-06
593,2022/7/12 9:10,1537.4129,1.7075,32.5084,0.000134917,-6.63E-06
594,2022/7/12 9:12,1537.4097,1.735,32.9344,0.000134917,-3.79E-06
595,2022/7/12 9:13,1537.4017,1.702,32.4228,0.000134916,-9.47E-06
596,2022/7/12 9:15,1537.3968,1.661,31.7818,0.000134915,-5.80E-06
597,2022/7/12 9:16,1537.3996,1.7125,32.586,0.000134916,3.31E-06
598,2022/7/12 9:18,1537.3911,1.6895,32.228,0.000134915,-1.01E-05
599,2022/7/12 9:19,1537.3838,1.729,32.8417,0.000134914,-8.64E-06
600,2022/7/12 9:21,1537.3802,1.6865,32.1812,0.000134914,-4.26E-06
601,2022/7/12 9:22,1537.3704,1.7025,32.4306,0.000134913,-1.16E-05
602,2022/7/12 9:24,1537.3607,1.674,31.9857,0.000134912,-1.15E-05
603,2022/7/12 9:25,1537.3521,1.71,32.5472,0.000134912,-1.02E-05
604,2022/7/12 9:26,1537.3489,1.3595,26.8777,0.000134911,-3.79E-06
605,2022/7/12 9:28,1537.3417,1.72,32.7023,0.000134911,-8.52E-06
606,2022/7/12 9:29,1537.3285,1.705,32.4695,0.000134909,-1.56E-05
607,2022/7/12 9:31,1537.3287,1.7185,32.6791,0.00013491,2.37E-07
608,2022/7/12 9:32,1537.3255,1.7175,32.6636,0.000134909,-3.79E-06
609,2022/7/12 9:34,1537.318,1.678,32.0484,0.000134909,-8.88E-06
610,2022/7/12 9:35,1537.3169,1.6925,32.2748,0.000134908,-1.30E-06
611,2022/7/12 9:37,1537.3148,1.708,32.5161,0.000134908,-2.49E-06
612,2022/7/12 9:38,1537.3177,1.712,32.5783,0.000134909,3.43E-06
613,2022/7/12 9:40,1537.3206,1.2165,24.4299,0.000134909,3.43E-06
614,2022/7/12 9:41,1537.3132,1.0365,21.232,0.000134908,-8.76E-06
615,2022/7/12 9:43,1537.3046,1.7245,32.772,0.000134907,-1.02E-05
616,2022/7/12 9:44,1537.3005,1.7095,32.5394,0.000134907,-4.85E-06
617,2022/7/12 9:46,1537.2954,1.6715,31.9466,0.000134907,-6.04E-06
618,2022/7/12 9:47,1537.2897,1.705,32.4695,0.000134906,-6.75E-06
619,2022/7/12 9:49,1537.2845,1.6865,32.1812,0.000134906,-6.16E-06
620,2022/7/12 9:50,1537.2798,1.693,32.2826,0.000134905,-5.56E-06
621,2022/7/12 9:52,1537.2733,1.678,32.0484,0.000134905,-7.70E-06
622,2022/7/12 9:53,1537.266,1.6915,32.2593,0.000134904,-8.64E-06
623,2022/7/12 9:55,1537.2526,1.4275,28.0137,0.000134903,-1.59E-05
624,2022/7/12 9:56,1537.2521,1.6965,32.3372,0.000134903,-5.92E-07
625,2022/7/12 9:58,1537.2471,1.678,32.0484,0.000134902,-5.92E-06
626,2022/7/12 9:59,1537.2343,1.0335,21.1775,0.000134901,-1.52E-05
627,2022/7/12 10:01,1537.2312,1.684,32.1422,0.000134901,-3.67E-06
628,2022/7/12 10:02,1537.2282,1.6825,32.1187,0.000134901,-3.55E-06
629,2022/7/12 10:04,1537.2223,1.6755,32.0092,0.0001349,-6.99E-06
630,2022/7/12 10:05,1537.2202,1.675,32.0014,0.0001349,-2.49E-06
631,2022/7/12 10:07,1537.2152,1.705,32.4695,0.0001349,-5.92E-06
632,2022/7/12 10:08,1537.212,1.6735,31.9779,0.000134899,-3.79E-06
633,2022/7/12 10:10,1537.2227,1.684,32.1422,0.0001349,1.27E-05
634,2022/7/12 10:11,1537.2131,1.732,32.888,0.000134899,-1.14E-05
635,2022/7/12 10:13,1537.2121,1.654,31.6718,0.000134899,-1.18E-06
636,2022/7/12 10:14,1537.2146,1.707,32.5006,0.000134899,2.96E-06
637,2022/7/12 10:16,1537.2128,1.6615,31.7897,0.000134899,-2.13E-06
638,2022/7/12 10:17,1537.221,1.6985,32.3683,0.0001349,9.71E-06
639,2022/7/12 10:19,1537.205,1.7065,32.4928,0.000134899,-1.89E-05
640,2022/7/12 10:20,1537.205,1.6645,31.8368,0.000134899,0
641,2022/7/12 10:22,1537.204,1.74,33.0115,0.000134899,-1.18E-06
642,2022/7/12 10:23,1537.1943,0.8985,18.6889,0.000134898,-1.15E-05
643,2022/7/12 10:25,1537.1897,1.733,32.9035,0.000134897,-5.45E-06
644,2022/7/12 10:26,1537.1883,1.6835,32.1344,0.000134897,-1.66E-06
645,2022/7/12 10:28,1537.1802,1.7215,32.7256,0.000134896,-9.59E-06
646,2022/7/12 10:29,1537.1711,0.829,17.3772,0.000134896,-1.08E-05
647,2022/7/12 10:31,1537.1727,1.6425,31.4906,0.000134896,1.89E-06
648,2022/7/12 10:32,1537.1604,0.822,17.2439,0.000134895,-1.46E-05
649,2022/7/12 10:34,1537.1558,1.6815,32.1031,0.000134894,-5.45E-06
650,2022/7/12 10:35,1537.1535,1.71,32.5472,0.000134894,-2.72E-06
651,2022/7/12 10:37,1537.1444,1.6865,32.1812,0.000134893,-1.08E-05
652,2022/7/12 10:38,1537.1426,1.5885,30.6335,0.000134893,-2.13E-06
653,2022/7/12 10:40,1537.1284,1.6945,32.306,0.000134892,-1.68E-05
654,2022/7/12 10:41,1537.1267,1.685,32.1578,0.000134892,-2.01E-06
655,2022/7/12 10:43,1537.1255,1.6855,32.1656,0.000134892,-1.42E-06
656,2022/7/12 10:44,1537.1167,1.695,32.3138,0.000134891,-1.04E-05
657,2022/7/12 10:46,1537.1199,1.6915,32.2593,0.000134891,3.79E-06
658,2022/7/12 10:47,1537.119,1.1075,22.5092,0.000134891,-1.07E-06
659,2022/7/12 10:48,1537.1132,1.6855,32.1656,0.000134891,-6.87E-06
660,2022/7/12 10:50,1537.12,1.697,32.345,0.000134891,8.05E-06
661,2022/7/12 10:51,1537.1222,1.5205,29.5388,0.000134891,2.60E-06
662,2022/7/12 10:53,1537.1095,1.7135,32.6015,0.00013489,-1.50E-05
663,2022/7/12 10:54,1537.1071,1.669,31.9074,0.00013489,-2.84E-06
664,2022/7/12 10:56,1537.1054,1.1885,23.9411,0.00013489,-2.01E-06
665,2022/7/12 10:57,1537.0986,1.7175,32.6636,0.000134889,-8.05E-06
666,2022/7/12 10:59,1537.0942,1.208,24.2818,0.000134889,-5.21E-06
667,2022/7/12 11:00,1537.0901,1.7095,32.5394,0.000134889,-4.85E-06
668,2022/7/12 11:02,1537.0867,1.6805,32.0875,0.000134888,-4.03E-06
669,2022/7/12 11:03,1537.0854,1.6845,32.15,0.000134888,-1.54E-06
670,2022/7/12 11:05,1537.0708,1.0775,21.9721,0.000134887,-1.73E-05
671,2022/7/12 11:06,1537.0734,1.726,32.7952,0.000134887,3.08E-06
672,2022/7/12 11:08,1537.0703,1.717,32.6558,0.000134887,-3.67E-06
673,2022/7/12 11:09,1537.0527,1.697,32.345,0.000134885,-2.08E-05
674,2022/7/12 11:11,1537.0537,1.6895,32.228,0.000134885,1.18E-06
675,2022/7/12 11:12,1537.0551,1.692,32.267,0.000134885,1.66E-06
676,2022/7/12 11:14,1537.0432,1.7075,32.5084,0.000134884,-1.41E-05
677,2022/7/12 11:15,1537.0359,1.6755,32.0092,0.000134884,-8.64E-06
678,2022/7/12 11:17,1537.0286,1.554,30.0802,0.000134883,-8.64E-06
679,2022/7/12 11:18,1537.0295,1.712,32.5783,0.000134883,1.07E-06
680,2022/7/12 11:20,1537.0343,1.609,30.9601,0.000134884,5.68E-06
681,2022/7/12 11:21,1537.0266,1.708,32.5161,0.000134883,-9.12E-06
682,2022/7/12 11:23,1537.0247,1.6905,32.2437,0.000134883,-2.25E-06
683,2022/7/12 11:24,1537.0206,1.698,32.3606,0.000134882,-4.85E-06
684,2022/7/12 11:26,1537.0189,1.087,22.1426,0.000134882,-2.01E-06
685,2022/7/12 11:27,1537.0147,0.4775,10.412,0.000134882,-4.97E-06
686,2022/7/12 11:29,1537.0164,1.7225,32.7411,0.000134882,2.01E-06
687,2022/7/12 11:30,1537.0289,1.679,32.064,0.000134883,1.48E-05
688,2022/7/12 11:32,1537.0119,1.7185,32.6791,0.000134882,-2.01E-05
689,2022/7/12 11:33,1537.0186,1.718,32.6713,0.000134882,7.93E-06
690,2022/7/12 11:35,1537.011,1.6755,32.0092,0.000134882,-9.00E-06
691,2022/7/12 11:36,1537.003,1.198,24.1073,0.000134881,-9.47E-06
692,2022/7/12 11:38,1536.9996,1.6615,31.7897,0.000134881,-4.03E-06
693,2022/7/12 11:39,1537.0031,0.2995,6.6638,0.000134881,4.14E-06
694,2022/7/12 11:41,1536.9933,1.679,32.064,0.00013488,-1.16E-05
695,2022/7/12 11:42,1536.9921,1.6795,32.0718,0.00013488,-1.42E-06
696,2022/7/12 11:44,1536.9822,1.695,32.3138,0.000134879,-1.17E-05
697,2022/7/12 11:45,1536.9853,1.6945,32.306,0.000134879,3.67E-06
698,2022/7/12 11:47,1536.9825,1.6845,32.15,0.000134879,-3.32E-06
699,2022/7/12 11:48,1536.9715,1.7175,32.6636,0.000134878,-1.30E-05
700,2022/7/12 11:50,1536.9715,1.689,32.2202,0.000134878,0
701,2022/7/12 11:51,1536.9698,1.6965,32.3372,0.000134878,-2.01E-06
702,2022/7/12 11:53,1536.9606,1.678,32.0484,0.000134877,-1.09E-05
703,2022/7/12 11:54,1536.9567,1.692,32.267,0.000134877,-4.62E-06
704,2022/7/12 11:56,1536.9584,1.586,30.5935,0.000134877,2.01E-06
705,2022/7/12 11:57,1536.951,1.6535,31.6639,0.000134876,-8.76E-06
706,2022/7/12 11:59,1536.9486,1.7,32.3917,0.000134876,-2.84E-06
707,2022/7/12 12:00,1536.9424,1.358,26.8524,0.000134876,-7.34E-06
708,2022/7/12 12:02,1536.9376,1.5035,29.2625,0.000134875,-5.68E-06
709,2022/7/12 12:03,1536.9367,1.715,32.6248,0.000134875,-1.07E-06
710,2022/7/12 12:05,1536.9267,0.884,18.4169,0.000134874,-1.18E-05
711,2022/7/12 12:06,1536.9275,1.6925,32.2748,0.000134874,9.47E-07
712,2022/7/12 12:08,1536.9241,1.7205,32.7101,0.000134874,-4.03E-06
713,2022/7/12 12:09,1536.9202,1.2615,25.2089,0.000134874,-4.62E-06
714,2022/7/12 12:11,1536.9169,1.7235,32.7565,0.000134873,-3.91E-06
715,2022/7/12 12:12,1536.9191,1.709,32.5317,0.000134874,2.61E-06
716,2022/7/12 12:14,1536.914,1.5985,30.793,0.000134873,-6.04E-06
717,2022/7/12 12:15,1536.9274,1.6805,32.0875,0.000134874,1.59E-05
718,2022/7/12 12:17,1536.9144,1.719,32.6868,0.000134873,-1.54E-05
719,2022/7/12 12:18,1536.9203,1.6965,32.3372,0.000134874,6.99E-06
720,2022/7/12 12:20,1536.9222,1.7085,32.5239,0.000134874,2.25E-06
721,2022/7/12 12:21,1536.914,1.172,23.6516,0.000134873,-9.71E-06
722,2022/7/12 12:23,1536.912,1.6765,32.0249,0.000134873,-2.37E-06
723,2022/7/12 12:24,1536.9072,1.5,29.2054,0.000134873,-5.68E-06
724,2022/7/12 12:26,1536.9092,1.698,32.3606,0.000134873,2.37E-06
725,2022/7/12 12:27,1536.9021,1.698,32.3606,0.000134872,-8.41E-06
726,2022/7/12 12:29,1536.8988,0.9485,19.6196,0.000134872,-3.91E-06
727,2022/7/12 12:30,1536.9011,1.677,32.0327,0.000134872,2.72E-06
728,2022/7/12 12:32,1536.8939,1.7225,32.7411,0.000134871,-8.53E-06
729,2022/7/12 12:33,1536.8914,1.682,32.1109,0.000134871,-2.96E-06
730,2022/7/12 12:35,1536.8874,1.683,32.1265,0.000134871,-4.74E-06
731,2022/7/12 12:36,1536.885,1.734,32.9189,0.000134871,-2.84E-06
732,2022/7/12 12:38,1536.8861,1.6845,32.15,0.000134871,1.30E-06
733,2022/7/12 12:39,1536.8801,1.684,32.1422,0.00013487,-7.11E-06
734,2022/7/12 12:41,1536.878,1.7,32.3917,0.00013487,-2.49E-06
735,2022/7/12 12:42,1536.8777,1.6985,32.3683,0.00013487,-3.55E-07
736,2022/7/12 12:44,1536.8666,1.638,31.4196,0.000134869,-1.31E-05
737,2022/7/12 12:45,1536.8655,1.7315,32.8803,0.000134869,-1.30E-06
738,2022/7/12 12:47,1536.857,0.986,20.3107,0.000134868,-1.01E-05
739,2022/7/12 12:48,1536.8557,1.7135,32.6015,0.000134868,-1.54E-06
740,2022/7/12 12:50,1536.8543,1.693,32.2826,0.000134868,-1.66E-06
741,2022/7/12 12:51,1536.8209,1.6805,32.0875,0.000134865,-3.96E-05
742,2022/7/12 12:53,1536.8216,0.883,18.3982,0.000134865,8.29E-07
743,2022/7/12 12:54,1536.8198,1.696,32.3294,0.000134865,-2.13E-06
744,2022/7/12 12:56,1536.8322,1.7325,32.8958,0.000134866,1.47E-05
745,2022/7/12 12:57,1536.8139,1.7175,32.6636,0.000134864,-2.17E-05
746,2022/7/12 12:59,1536.8133,1.693,32.2826,0.000134864,-7.11E-07
747,2022/7/12 13:00,1536.8228,1.7155,32.6326,0.000134865,1.13E-05
748,2022/7/12 13:02,1536.8207,1.7145,32.6171,0.000134865,-2.49E-06
749,2022/7/12 13:03,1536.8183,1.694,32.2982,0.000134865,-2.84E-06
750,2022/7/12 13:05,1536.8112,1.7055,32.4773,0.000134864,-8.41E-06
751,2022/7/12 13:06,1536.8108,1.712,32.5783,0.000134864,-4.74E-07
752,2022/7/12 13:08,1536.8051,1.693,32.2826,0.000134864,-6.75E-06
753,2022/7/12 13:09,1536.8047,1.682,32.1109,0.000134864,-4.74E-07
754,2022/7/12 13:11,1536.8028,1.7125,32.586,0.000134863,-2.25E-06
755,2022/7/12 13:12,1536.7975,1.227,24.6124,0.000134863,-6.28E-06
756,2022/7/12 13:14,1536.7965,1.682,32.1109,0.000134863,-1.18E-06
757,2022/7/12 13:15,1536.7954,1.715,32.6248,0.000134863,-1.30E-06
758,2022/7/12 13:17,1536.7922,0.94,19.4622,0.000134862,-3.79E-06
759,2022/7/12 13:18,1536.7888,1.7265,32.803,0.000134862,-4.03E-06
760,2022/7/12 13:19,1536.7895,1.7075,32.5084,0.000134862,8.29E-07
761,2022/7/12 13:21,1536.7863,1.705,32.4695,0.000134862,-3.79E-06
762,2022/7/12 13:22,1536.7833,1.7265,32.803,0.000134862,-3.55E-06
763,2022/7/12 13:24,1536.7809,1.708,32.5161,0.000134861,-2.84E-06
764,2022/7/12 13:25,1536.7779,1.6185,31.111,0.000134861,-3.55E-06
765,2022/7/12 13:27,1536.7771,1.7045,32.4617,0.000134861,-9.47E-07
766,2022/7/12 13:28,1536.7644,1.7025,32.4306,0.00013486,-1.50E-05
767,2022/7/12 13:30,1536.7722,1.634,31.3564,0.000134861,9.24E-06
768,2022/7/12 13:31,1536.7626,1.154,23.3345,0.00013486,-1.14E-05
769,2022/7/12 13:33,1536.7606,1.677,32.0327,0.00013486,-2.37E-06
770,2022/7/12 13:34,1536.762,1.7175,32.6636,0.00013486,1.66E-06
771,2022/7/12 13:36,1536.7617,1.726,32.7952,0.00013486,-3.55E-07
772,2022/7/12 13:37,1536.7591,1.6935,32.2904,0.00013486,-3.08E-06
773,2022/7/12 13:39,1536.7547,1.723,32.7488,0.000134859,-5.21E-06
774,2022/7/12 13:40,1536.7569,1.717,32.6558,0.000134859,2.61E-06
775,2022/7/12 13:42,1536.7527,1.7205,32.7101,0.000134859,-4.97E-06
776,2022/7/12 13:43,1536.7486,1.6865,32.1812,0.000134859,-4.86E-06
777,2022/7/12 13:45,1536.7457,0.89,18.5296,0.000134858,-3.43E-06
778,2022/7/12 13:46,1536.7417,1.6855,32.1656,0.000134858,-4.74E-06
779,2022/7/12 13:48,1536.7429,1.68,32.0796,0.000134858,1.42E-06
780,2022/7/12 13:49,1536.7338,1.7125,32.586,0.000134857,-1.08E-05
781,2022/7/12 13:51,1536.7359,1.713,32.5938,0.000134857,2.49E-06
782,2022/7/12 13:52,1536.7343,1.6955,32.3216,0.000134857,-1.89E-06
783,2022/7/12 13:54,1536.7226,1.7225,32.7411,0.000134856,-1.39E-05
784,2022/7/12 13:55,1536.7271,1.249,24.9933,0.000134857,5.33E-06
785,2022/7/12 13:57,1536.7277,1.7005,32.3995,0.000134857,7.11E-07
786,2022/7/12 13:58,1536.721,1.721,32.7178,0.000134856,-7.94E-06
787,2022/7/12 14:00,1536.7194,1.695,32.3138,0.000134856,-1.89E-06
788,2022/7/12 14:01,1536.7196,1.6985,32.3683,0.000134856,2.37E-07
789,2022/7/12 14:03,1536.7184,1.725,32.7798,0.000134856,-1.42E-06
790,2022/7/12 14:04,1536.7162,1.6925,32.2748,0.000134856,-2.61E-06
791,2022/7/12 14:06,1536.7202,1.685,32.1578,0.000134856,4.74E-06
792,2022/7/12 14:07,1536.7265,1.6875,32.1968,0.000134857,7.46E-06
793,2022/7/12 14:09,1536.7266,1.7255,32.7875,0.000134857,1.18E-07
794,2022/7/12 14:10,1536.7211,1.727,32.8107,0.000134856,-6.51E-06
795,2022/7/12 14:12,1536.7208,1.3455,26.6416,0.000134856,-3.55E-07
796,2022/7/12 14:13,1536.7228,1.697,32.345,0.000134856,2.37E-06
797,2022/7/12 14:15,1536.7184,1.685,32.1578,0.000134856,-5.21E-06
798,2022/7/12 14:16,1536.7157,1.7265,32.803,0.000134856,-3.20E-06
799,2022/7/12 14:18,1536.7125,1.7055,32.4773,0.000134855,-3.79E-06
800,2022/7/12 14:19,1536.6987,1.6485,31.5852,0.000134854,-1.63E-05
801,2022/7/12 14:21,1536.7056,1.699,32.3761,0.000134855,8.17E-06
802,2022/7/12 14:22,1536.7082,1.3695,27.0459,0.000134855,3.08E-06
803,2022/7/12 14:24,1536.7121,0.857,17.9082,0.000134855,4.62E-06
804,2022/7/12 14:25,1536.7118,1.7235,32.7565,0.000134855,-3.55E-07
805,2022/7/12 14:27,1536.7033,1.1265,22.8475,0.000134855,-1.01E-05
806,2022/7/12 14:28,1536.7085,1.722,32.7333,0.000134855,6.16E-06
807,2022/7/12 14:30,1536.7017,1.267,25.3035,0.000134854,-8.05E-06
808,2022/7/12 14:31,1536.7053,1.7205,32.7101,0.000134855,4.26E-06
809,2022/7/12 14:33,1536.7032,1.689,32.2202,0.000134855,-2.49E-06
810,2022/7/12 14:34,1536.6943,1.691,32.2515,0.000134854,-1.05E-05
811,2022/7/12 14:36,1536.6919,1.607,30.9283,0.000134854,-2.84E-06
812,2022/7/12 14:37,1536.6904,1.6945,32.306,0.000134853,-1.78E-06
813,2022/7/12 14:38,1536.6881,1.713,32.5938,0.000134853,-2.72E-06
814,2022/7/12 14:40,1536.6864,1.723,32.7488,0.000134853,-2.01E-06
815,2022/7/12 14:41,1536.685,1.719,32.6868,0.000134853,-1.66E-06
816,2022/7/12 14:43,1536.6831,1.688,32.2046,0.000134853,-2.25E-06
817,2022/7/12 14:44,1536.6818,1.712,32.5783,0.000134853,-1.54E-06
818,2022/7/12 14:46,1536.6811,1.704,32.4539,0.000134853,-8.29E-07
819,2022/7/12 14:47,1536.6756,1.6975,32.3528,0.000134852,-6.51E-06
820,2022/7/12 14:49,1536.6733,1.6835,32.1344,0.000134852,-2.72E-06
821,2022/7/12 14:50,1536.6727,1.685,32.1578,0.000134852,-7.11E-07
822,2022/7/12 14:52,1536.6743,1.724,32.7643,0.000134852,1.90E-06
823,2022/7/12 14:53,1536.6643,1.069,21.8192,0.000134851,-1.18E-05
824,2022/7/12 14:55,1536.6588,1.697,32.345,0.000134851,-6.51E-06
825,2022/7/12 14:56,1536.6559,1.329,26.3623,0.00013485,-3.43E-06
826,2022/7/12 14:58,1536.6572,0.9105,18.9132,0.000134851,1.54E-06
827,2022/7/12 14:59,1536.6519,1.701,32.4073,0.00013485,-6.28E-06
828,2022/7/12 15:01,1536.6501,1.6995,32.3839,0.00013485,-2.13E-06
829,2022/7/12 15:02,1536.6482,1.6915,32.2593,0.00013485,-2.25E-06
830,2022/7/12 15:04,1536.6466,1.6895,32.228,0.00013485,-1.90E-06
831,2022/7/12 15:05,1536.6457,1.709,32.5317,0.00013485,-1.07E-06
832,2022/7/12 15:07,1536.6461,1.687,32.189,0.00013485,4.74E-07
833,2022/7/12 15:08,1536.6408,1.032,21.1503,0.000134849,-6.28E-06
834,2022/7/12 15:10,1536.6384,1.1305,22.9185,0.000134849,-2.84E-06
835,2022/7/12 15:11,1536.6358,1.694,32.2982,0.000134849,-3.08E-06
836,2022/7/12 15:13,1536.6311,1.7095,32.5394,0.000134848,-5.57E-06
837,2022/7/12 15:14,1536.6345,1.706,32.485,0.000134849,4.03E-06
838,2022/7/12 15:16,1536.6306,1.68,32.0796,0.000134848,-4.62E-06
839,2022/7/12 15:17,1536.6298,1.688,32.2046,0.000134848,-9.48E-07
840,2022/7/12 15:19,1536.6293,1.7085,32.5239,0.000134848,-5.92E-07
841,2022/7/12 15:20,1536.6274,1.699,32.3761,0.000134848,-2.25E-06
842,2022/7/12 15:22,1536.6276,1.6995,32.3839,0.000134848,2.37E-07
843,2022/7/12 15:23,1536.6249,1.686,32.1734,0.000134848,-3.20E-06
844,2022/7/12 15:25,1536.6234,1.718,32.6713,0.000134848,-1.78E-06
845,2022/7/12 15:26,1536.6251,0.8915,18.5577,0.000134848,2.01E-06
846,2022/7/12 15:28,1536.6214,1.702,32.4228,0.000134847,-4.38E-06
847,2022/7/12 15:29,1536.6194,1.7065,32.4928,0.000134847,-2.37E-06
848,2022/7/12 15:31,1536.6305,1.6895,32.228,0.000134848,1.31E-05
849,2022/7/12 15:32,1536.6288,1.6885,32.2124,0.000134848,-2.01E-06
850,2022/7/12 15:34,1536.6276,1.7175,32.6636,0.000134848,-1.42E-06
851,2022/7/12 15:35,1536.6258,1.6855,32.1656,0.000134848,-2.13E-06
852,2022/7/12 15:37,1536.6224,1.538,29.8222,0.000134848,-4.03E-06
853,2022/7/12 15:38,1536.622,1.6875,32.1968,0.000134847,-4.74E-07
854,2022/7/12 15:40,1536.6222,1.7,32.3917,0.000134848,2.37E-07
855,2022/7/12 15:41,1536.6149,1.7095,32.5394,0.000134847,-8.65E-06
856,2022/7/12 15:43,1536.614,1.712,32.5783,0.000134847,-1.07E-06
857,2022/7/12 15:44,1536.6118,1.6675,31.8839,0.000134847,-2.61E-06
858,2022/7/12 15:46,1536.6099,1.7065,32.4928,0.000134846,-2.25E-06
859,2022/7/12 15:47,1536.6094,1.7045,32.4617,0.000134846,-5.92E-07
860,2022/7/12 15:49,1536.6072,1.692,32.267,0.000134846,-2.61E-06
861,2022/7/12 15:50,1536.6058,1.6935,32.2904,0.000134846,-1.66E-06
862,2022/7/12 15:52,1536.6054,1.6965,32.3372,0.000134846,-4.74E-07
863,2022/7/12 15:53,1536.6028,1.7205,32.7101,0.000134846,-3.08E-06
864,2022/7/12 15:55,1536.6006,1.709,32.5317,0.000134846,-2.61E-06
865,2022/7/12 15:56,1536.5996,1.707,32.5006,0.000134846,-1.18E-06
866,2022/7/12 15:58,1536.598,1.6485,31.5852,0.000134845,-1.90E-06
867,2022/7/12 15:59,1536.5974,0.8355,17.5008,0.000134845,-7.11E-07
868,2022/7/12 16:01,1536.5953,1.7195,32.6946,0.000134845,-2.49E-06
869,2022/7/12 16:02,1536.5947,1.7215,32.7256,0.000134845,-7.11E-07
870,2022/7/12 16:04,1536.5949,1.7105,32.555,0.000134845,2.37E-07
871,2022/7/12 16:05,1536.5916,1.723,32.7488,0.000134845,-3.91E-06
872,2022/7/12 16:06,1536.5912,1.713,32.5938,0.000134845,-4.74E-07
873,2022/7/12 16:08,1536.5993,1.367,27.0038,0.000134845,9.59E-06
874,2022/7/12 16:09,1536.5955,1.6855,32.1656,0.000134845,-4.50E-06
875,2022/7/12 16:11,1536.5955,1.7245,32.772,0.000134845,0
876,2022/7/12 16:12,1536.5168,0.9505,19.6566,0.000134838,-9.32E-05
877,2022/7/12 16:14,1536.5192,1.692,32.267,0.000134838,2.84E-06
878,2022/7/12 16:15,1536.5225,1.6435,31.5064,0.000134839,3.91E-06
879,2022/7/12 16:17,1536.5207,1.7085,32.5239,0.000134839,-2.13E-06
880,2022/7/12 16:18,1536.5148,1.6875,32.1968,0.000134838,-6.99E-06
881,2022/7/12 16:20,1536.5123,1.699,32.3761,0.000134838,-2.96E-06
882,2022/7/12 16:21,1536.5079,1.1285,22.883,0.000134837,-5.21E-06
883,2022/7/12 16:23,1536.4993,0.888,18.492,0.000134837,-1.02E-05
884,2022/7/12 16:24,1536.4975,1.684,32.1422,0.000134837,-2.13E-06
885,2022/7/12 16:26,1536.4895,1.718,32.6713,0.000134836,-9.48E-06
886,2022/7/12 16:27,1536.4947,1.6995,32.3839,0.000134836,6.16E-06
887,2022/7/12 16:29,1536.4908,1.6945,32.306,0.000134836,-4.62E-06
888,2022/7/12 16:30,1536.4835,1.71,32.5472,0.000134835,-8.65E-06
889,2022/7/12 16:32,1536.4885,1.719,32.6868,0.000134836,5.92E-06
890,2022/7/12 16:33,1536.4817,1.632,31.3248,0.000134835,-8.05E-06
891,2022/7/12 16:35,1536.4812,1.292,25.7323,0.000134835,-5.92E-07
892,2022/7/12 16:36,1536.4819,1.6955,32.3216,0.000134835,8.29E-07
893,2022/7/12 16:38,1536.4733,1.711,32.5627,0.000134834,-1.02E-05
894,2022/7/12 16:39,1536.479,1.706,32.485,0.000134835,6.75E-06
895,2022/7/12 16:41,1536.4674,1.6985,32.3683,0.000134834,-1.37E-05
896,2022/7/12 16:42,1536.4735,1.7035,32.4462,0.000134834,7.23E-06
897,2022/7/12 16:44,1536.4626,1.699,32.3761,0.000134833,-1.29E-05
898,2022/7/12 16:45,1536.4577,1.7135,32.6015,0.000134833,-5.80E-06
899,2022/7/12 16:47,1536.4601,1.613,31.0237,0.000134833,2.84E-06
900,2022/7/12 16:48,1536.4563,1.707,32.5006,0.000134833,-4.50E-06
901,2022/7/12 16:50,1536.4576,1.387,27.3392,0.000134833,1.54E-06
902,2022/7/12 16:51,1536.4543,1.1235,22.7942,0.000134833,-3.91E-06
903,2022/7/12 16:53,1536.4506,1.0905,22.2053,0.000134832,-4.38E-06
904,2022/7/12 16:54,1536.4541,1.714,32.6093,0.000134833,4.15E-06
905,2022/7/12 16:56,1536.4486,1.7065,32.4928,0.000134832,-6.52E-06
906,2022/7/12 16:57,1536.449,1.6865,32.1812,0.000134832,4.74E-07
907,2022/7/12 16:59,1536.4516,1.7265,32.803,0.000134833,3.08E-06
908,2022/7/12 17:00,1536.4414,1.699,32.3761,0.000134832,-1.21E-05
909,2022/7/12 17:02,1536.4488,0.9305,19.2858,0.000134832,8.77E-06
910,2022/7/12 17:03,1536.4446,1.692,32.267,0.000134832,-4.98E-06
911,2022/7/12 17:05,1536.4414,1.6985,32.3683,0.000134832,-3.79E-06
912,2022/7/12 17:06,1536.4416,1.6985,32.3683,0.000134832,2.37E-07
913,2022/7/12 17:08,1536.4346,1.713,32.5938,0.000134831,-8.29E-06
914,2022/7/12 17:09,1536.4394,1.692,32.267,0.000134831,5.69E-06
915,2022/7/12 17:11,1536.4382,1.714,32.6093,0.000134831,-1.42E-06
916,2022/7/12 17:12,1536.4332,1.7075,32.5084,0.000134831,-5.92E-06
917,2022/7/12 17:14,1536.434,1.705,32.4695,0.000134831,9.48E-07
918,2022/7/12 17:15,1536.4393,1.6955,32.3216,0.000134831,6.28E-06
919,2022/7/12 17:17,1536.4287,1.69,32.2358,0.000134831,-1.26E-05
920,2022/7/12 17:18,1536.4413,1.6025,30.8567,0.000134832,1.49E-05
921,2022/7/12 17:20,1536.4378,1.7125,32.586,0.000134831,-4.15E-06
922,2022/7/12 17:21,1536.4298,1.7005,32.3995,0.000134831,-9.48E-06
923,2022/7/12 17:23,1536.4362,1.706,32.485,0.000134831,7.58E-06
924,2022/7/12 17:24,1536.4294,1.523,29.5794,0.000134831,-8.06E-06
925,2022/7/12 17:26,1536.4382,1.701,32.4073,0.000134831,1.04E-05
926,2022/7/12 17:27,1536.4329,1.6895,32.228,0.000134831,-6.28E-06
927,2022/7/12 17:29,1536.4373,1.692,32.267,0.000134831,5.21E-06
928,2022/7/12 17:30,1536.4357,1.688,32.2046,0.000134831,-1.90E-06
929,2022/7/12 17:32,1536.4314,1.695,32.3138,0.000134831,-5.09E-06
930,2022/7/12 17:33,1536.4347,1.708,32.5161,0.000134831,3.91E-06
931,2022/7/12 17:35,1536.4331,1.716,32.6403,0.000134831,-1.90E-06
932,2022/7/12 17:36,1536.4334,1.7215,32.7256,0.000134831,3.55E-07
933,2022/7/12 17:38,1536.4328,1.7135,32.6015,0.000134831,-7.11E-07
934,2022/7/12 17:39,1536.4287,1.6885,32.2124,0.000134831,-4.86E-06
935,2022/7/12 17:41,1536.428,0.89,18.5296,0.00013483,-8.29E-07
936,2022/7/12 17:42,1536.428,1.697,32.345,0.00013483,0
937,2022/7/12 17:44,1536.4291,1.713,32.5938,0.000134831,1.30E-06
938,2022/7/12 17:45,1536.4242,1.7095,32.5394,0.00013483,-5.80E-06
939,2022/7/12 17:47,1536.4399,1.695,32.3138,0.000134832,1.86E-05
940,2022/7/12 17:49,1536.441,1.7135,32.6015,0.000134832,1.30E-06
941,2022/7/12 17:50,1536.4307,1.695,32.3138,0.000134831,-1.22E-05
942,2022/7/12 17:52,1536.4382,1.696,32.3294,0.000134831,8.88E-06
943,2022/7/12 17:53,1536.4429,1.698,32.3606,0.000134832,5.57E-06
944,2022/7/12 17:55,1536.4351,1.124,22.8031,0.000134831,-9.24E-06
945,2022/7/12 17:56,1536.4323,1.683,32.1265,0.000134831,-3.32E-06
946,2022/7/12 17:58,1536.4402,1.7195,32.6946,0.000134832,9.36E-06
947,2022/7/12 17:59,1536.4293,1.703,32.4384,0.000134831,-1.29E-05
948,2022/7/12 18:01,1536.4297,1.6885,32.2124,0.000134831,4.74E-07
949,2022/7/12 18:02,1536.4411,0.8715,18.1818,0.000134832,1.35E-05
950,2022/7/12 18:04,1536.4305,1.47,28.7147,0.000134831,-1.26E-05
951,2022/7/12 18:05,1536.4379,1.7025,32.4306,0.000134831,8.77E-06
952,2022/7/12 18:07,1536.4276,1.337,26.4979,0.00013483,-1.22E-05
953,2022/7/12 18:08,1536.4273,1.1515,23.2904,0.00013483,-3.55E-07
954,2022/7/12 18:10,1536.441,1.711,32.5627,0.000134832,1.62E-05
955,2022/7/12 18:11,1536.4358,1.714,32.6093,0.000134831,-6.16E-06
956,2022/7/12 18:13,1536.426,1.7185,32.6791,0.00013483,-1.16E-05
957,2022/7/12 18:14,1536.4374,1.702,32.4228,0.000134831,1.35E-05
958,2022/7/12 18:16,1536.4355,1.68,32.0796,0.000134831,-2.25E-06
959,2022/7/12 18:17,1536.4334,1.7075,32.5084,0.000134831,-2.49E-06
960,2022/7/12 18:19,1536.4321,0.938,19.4251,0.000134831,-1.54E-06
961,2022/7/12 18:20,1536.4359,1.695,32.3138,0.000134831,4.50E-06
962,2022/7/12 18:22,1536.4352,1.691,32.2515,0.000134831,-8.29E-07
963,2022/7/12 18:23,1536.4292,1.6435,31.5064,0.000134831,-7.11E-06
964,2022/7/12 18:25,1536.4342,1.6885,32.2124,0.000134831,5.92E-06
965,2022/7/12 18:26,1536.4312,1.7045,32.4617,0.000134831,-3.55E-06
966,2022/7/12 18:28,1536.4303,1.384,27.289,0.000134831,-1.07E-06
967,2022/7/12 18:29,1536.4308,1.2595,25.1744,0.000134831,5.92E-07
968,2022/7/12 18:31,1536.4314,0.924,19.1649,0.000134831,7.11E-07
969,2022/7/12 18:32,1536.4285,1.7215,32.7256,0.000134831,-3.44E-06
970,2022/7/12 18:34,1536.4283,1.5025,29.2462,0.00013483,-2.37E-07
971,2022/7/12 18:35,1536.4242,0.9215,19.1184,0.00013483,-4.86E-06
972,2022/7/12 18:37,1536.428,1.699,32.3761,0.00013483,4.50E-06
973,2022/7/12 18:38,1536.4282,1.6995,32.3839,0.00013483,2.37E-07
974,2022/7/12 18:40,1536.4223,1.0335,21.1775,0.00013483,-6.99E-06
975,2022/7/12 18:41,1536.4261,1.7035,32.4462,0.00013483,4.50E-06
976,2022/7/12 18:43,1536.4232,0.9965,20.5031,0.00013483,-3.44E-06
977,2022/7/12 18:44,1536.4228,1.703,32.4384,0.00013483,-4.74E-07
978,2022/7/12 18:46,1536.4247,1.699,32.3761,0.00013483,2.25E-06
979,2022/7/12 18:47,1536.4203,1.6995,32.3839,0.00013483,-5.21E-06
980,2022/7/12 18:49,1536.4218,1.7195,32.6946,0.00013483,1.78E-06
981,2022/7/12 18:50,1536.4221,1.7035,32.4462,0.00013483,3.55E-07
982,2022/7/12 18:52,1536.4141,1.71,32.5472,0.000134829,-9.48E-06
983,2022/7/12 18:53,1536.4202,1.7215,32.7256,0.00013483,7.23E-06
984,2022/7/12 18:55,1536.4145,1.7075,32.5084,0.000134829,-6.75E-06
985,2022/7/12 18:56,1536.4186,1.6935,32.2904,0.00013483,4.86E-06
986,2022/7/12 18:58,1536.4211,1.7015,32.415,0.00013483,2.96E-06
987,2022/7/12 18:59,1536.4121,1.237,24.7858,0.000134829,-1.07E-05
988,2022/7/12 19:00,1536.415,1.237,24.7858,0.000134829,3.44E-06
989,2022/7/12 19:02,1536.4142,1.72,32.7023,0.000134829,-9.48E-07
990,2022/7/12 19:03,1536.41,1.704,32.4539,0.000134829,-4.98E-06
991,2022/7/12 19:05,1536.4151,1.7135,32.6015,0.000134829,6.04E-06
992,2022/7/12 19:06,1536.414,1.7145,32.6171,0.000134829,-1.30E-06
993,2022/7/12 19:08,1536.4134,1.7245,32.772,0.000134829,-7.11E-07
994,2022/7/12 19:09,1536.4123,1.693,32.2826,0.000134829,-1.30E-06
995,2022/7/12 19:11,1536.4115,1.723,32.7488,0.000134829,-9.48E-07
996,2022/7/12 19:12,1536.4108,1.5255,29.6199,0.000134829,-8.29E-07
997,2022/7/12 19:14,1536.4117,1.713,32.5938,0.000134829,1.07E-06
998,2022/7/12 19:15,1536.4086,1.7155,32.6326,0.000134829,-3.67E-06
999,2022/7/12 19:17,1536.4092,1.698,32.3606,0.000134829,7.11E-07
1000,2022/7/12 19:18,1536.4105,1.706,32.485,0.000134829,1.54E-06
1001,2022/7/12 19:20,1536.4078,1.7095,32.5394,0.000134829,-3.20E-06
1002,2022/7/12 19:21,1536.4077,1.702,32.4228,0.000134829,-1.18E-07
1003,2022/7/12 19:23,1536.4053,1.7235,32.7565,0.000134828,-2.84E-06
1004,2022/7/12 19:24,1536.405,1.6935,32.2904,0.000134828,-3.55E-07
1005,2022/7/12 19:26,1536.4053,1.071,21.8552,0.000134828,3.55E-07
1006,2022/7/12 19:27,1536.4042,1.729,32.8417,0.000134828,-1.30E-06
1007,2022/7/12 19:29,1536.4064,1.6905,32.2437,0.000134829,2.61E-06
1008,2022/7/12 19:30,1536.405,1.482,28.9114,0.000134828,-1.66E-06
1009,2022/7/12 19:32,1536.4013,1.7085,32.5239,0.000134828,-4.38E-06
1010,2022/7/12 19:33,1536.4018,1.7025,32.4306,0.000134828,5.92E-07
1011,2022/7/12 19:35,1536.4015,1.7265,32.803,0.000134828,-3.55E-07
1012,2022/7/12 19:36,1536.3995,1.6995,32.3839,0.000134828,-2.37E-06
1013,2022/7/12 19:38,1536.4019,1.422,27.9225,0.000134828,2.84E-06
1014,2022/7/12 19:39,1536.3958,0.989,20.3657,0.000134828,-7.23E-06
1015,2022/7/12 19:41,1536.4,1.69,32.2358,0.000134828,4.98E-06
1016,2022/7/12 19:42,1536.3993,1.7195,32.6946,0.000134828,-8.29E-07
1017,2022/7/12 19:44,1536.3948,1.697,32.345,0.000134828,-5.33E-06
1018,2022/7/12 19:45,1536.3972,1.707,32.5006,0.000134828,2.84E-06
1019,2022/7/12 19:47,1536.3972,1.708,32.5161,0.000134828,0
1020,2022/7/12 19:48,1536.3922,1.6525,31.6482,0.000134827,-5.92E-06
1021,2022/7/12 19:50,1536.3953,1.719,32.6868,0.000134828,3.67E-06
1022,2022/7/12 19:51,1536.3915,1.706,32.485,0.000134827,-4.50E-06
1023,2022/7/12 19:53,1536.3929,1.706,32.485,0.000134827,1.66E-06
1024,2022/7/12 19:54,1536.3934,1.698,32.3606,0.000134827,5.92E-07
1025,2022/7/12 19:56,1536.3902,1.7265,32.803,0.000134827,-3.79E-06
1026,2022/7/12 19:57,1536.3896,1.686,32.1734,0.000134827,-7.11E-07
1027,2022/7/12 19:59,1536.3876,1.6895,32.228,0.000134827,-2.37E-06
1028,2022/7/12 20:00,1536.3836,1.713,32.5938,0.000134827,-4.74E-06
1029,2022/7/12 20:02,1536.3861,1.6715,31.9466,0.000134827,2.96E-06
1030,2022/7/12 20:03,1536.3816,1.6825,32.1187,0.000134826,-5.33E-06
1031,2022/7/12 20:05,1536.3819,1.6825,32.1187,0.000134826,3.55E-07
1032,2022/7/12 20:06,1536.3843,1.684,32.1422,0.000134827,2.84E-06
1033,2022/7/12 20:08,1536.3819,1.7205,32.7101,0.000134826,-2.84E-06
1034,2022/7/12 20:09,1536.3818,1.691,32.2515,0.000134826,-1.18E-07
1035,2022/7/12 20:11,1536.3793,1.481,28.895,0.000134826,-2.96E-06
1036,2022/7/12 20:12,1536.376,1.717,32.6558,0.000134826,-3.91E-06
1037,2022/7/12 20:14,1536.3792,1.6885,32.2124,0.000134826,3.79E-06
1038,2022/7/12 20:15,1536.3743,1.6335,31.3485,0.000134826,-5.80E-06
1039,2022/7/12 20:17,1536.3742,1.6245,31.2061,0.000134826,-1.18E-07
1040,2022/7/12 20:18,1536.3791,1.7045,32.4617,0.000134826,5.80E-06
1041,2022/7/12 20:20,1536.3736,1.711,32.5627,0.000134826,-6.52E-06
1042,2022/7/12 20:21,1536.3736,1.722,32.7333,0.000134826,0
1043,2022/7/12 20:23,1536.375,1.7015,32.415,0.000134826,1.66E-06
1044,2022/7/12 20:24,1536.3729,0.841,17.6052,0.000134826,-2.49E-06
1045,2022/7/12 20:26,1536.3735,1.6885,32.2124,0.000134826,7.11E-07
1046,2022/7/12 20:27,1536.3705,1.7105,32.555,0.000134825,-3.55E-06
1047,2022/7/12 20:29,1536.3728,1.692,32.267,0.000134826,2.72E-06
1048,2022/7/12 20:30,1536.3742,1.6915,32.2593,0.000134826,1.66E-06
1049,2022/7/12 20:32,1536.3714,1.506,29.3032,0.000134825,-3.32E-06
1050,2022/7/12 20:33,1536.3704,1.7175,32.6636,0.000134825,-1.18E-06
1051,2022/7/12 20:35,1536.3725,1.7145,32.6171,0.000134826,2.49E-06
1052,2022/7/12 20:36,1536.3754,1.695,32.3138,0.000134826,3.44E-06
1053,2022/7/12 20:38,1536.3734,1.691,32.2515,0.000134826,-2.37E-06
1054,2022/7/12 20:39,1536.3669,1.706,32.485,0.000134825,-7.70E-06
1055,2022/7/12 20:41,1536.3773,1.7005,32.3995,0.000134826,1.23E-05
1056,2022/7/12 20:42,1536.3781,1.6885,32.2124,0.000134826,9.48E-07
1057,2022/7/12 20:44,1536.3784,0.512,11.1208,0.000134826,3.55E-07
1058,2022/7/12 20:45,1536.3657,1.71,32.5472,0.000134825,-1.50E-05
1059,2022/7/12 20:47,1536.369,1.7105,32.555,0.000134825,3.91E-06
1060,2022/7/12 20:48,1536.3619,1.7135,32.6015,0.000134825,-8.41E-06
1061,2022/7/12 20:50,1536.3617,1.6995,32.3839,0.000134825,-2.37E-07
1062,2022/7/12 20:51,1536.3618,1.722,32.7333,0.000134825,1.18E-07
1063,2022/7/12 20:53,1536.3624,1.7125,32.586,0.000134825,7.11E-07
1064,2022/7/12 20:54,1536.3629,1.629,31.2773,0.000134825,5.92E-07
1065,2022/7/12 20:56,1536.3603,1.687,32.189,0.000134825,-3.08E-06
1066,2022/7/12 20:57,1536.3594,1.7085,32.5239,0.000134824,-1.07E-06
1067,2022/7/12 20:59,1536.3612,1.698,32.3606,0.000134825,2.13E-06
1068,2022/7/12 21:00,1536.3591,1.6595,31.7583,0.000134824,-2.49E-06
1069,2022/7/12 21:02,1536.3588,1.7005,32.3995,0.000134824,-3.55E-07
1070,2022/7/12 21:03,1536.3579,1.7135,32.6015,0.000134824,-1.07E-06
1071,2022/7/12 21:05,1536.358,1.7125,32.586,0.000134824,1.18E-07
1072,2022/7/12 21:06,1536.3597,1.691,32.2515,0.000134824,2.01E-06
1073,2022/7/12 21:08,1536.3572,1.6855,32.1656,0.000134824,-2.96E-06
1074,2022/7/12 21:09,1536.3572,1.706,32.485,0.000134824,0
1075,2022/7/12 21:11,1536.3582,1.7105,32.555,0.000134824,1.18E-06
1076,2022/7/12 21:12,1536.3557,1.727,32.8107,0.000134824,-2.96E-06
1077,2022/7/12 21:14,1536.3558,1.687,32.189,0.000134824,1.18E-07
1078,2022/7/12 21:15,1536.3559,1.7245,32.772,0.000134824,1.18E-07
1079,2022/7/12 21:17,1536.356,1.119,22.7141,0.000134824,1.18E-07
1080,2022/7/12 21:18,1536.3559,0.866,18.0781,0.000134824,-1.18E-07
1081,2022/7/12 21:20,1536.3546,1.69,32.2358,0.000134824,-1.54E-06
1082,2022/7/12 21:21,1536.3532,1.6635,31.8211,0.000134824,-1.66E-06
1083,2022/7/12 21:23,1536.3546,1.7125,32.586,0.000134824,1.66E-06
1084,2022/7/12 21:24,1536.3523,1.6955,32.3216,0.000134824,-2.72E-06
1085,2022/7/12 21:26,1536.3532,1.714,32.6093,0.000134824,1.07E-06
1086,2022/7/12 21:27,1536.3546,1.7005,32.3995,0.000134824,1.66E-06
1087,2022/7/12 21:28,1536.3527,1.713,32.5938,0.000134824,-2.25E-06
1088,2022/7/12 21:30,1536.3518,1.6995,32.3839,0.000134824,-1.07E-06
1089,2022/7/12 21:31,1536.3511,1.6995,32.3839,0.000134824,-8.29E-07
1090,2022/7/12 21:33,1536.3507,1.703,32.4384,0.000134824,-4.74E-07
1091,2022/7/12 21:34,1536.3497,1.5695,30.3293,0.000134824,-1.18E-06
1092,2022/7/12 21:36,1536.3491,1.7165,32.6481,0.000134824,-7.11E-07
1093,2022/7/12 21:37,1536.3481,1.69,32.2358,0.000134823,-1.18E-06
1094,2022/7/12 21:39,1536.3464,1.7115,32.5705,0.000134823,-2.01E-06
1095,2022/7/12 21:40,1536.3462,1.695,32.3138,0.000134823,-2.37E-07
1096,2022/7/12 21:42,1536.3484,1.708,32.5161,0.000134823,2.61E-06
1097,2022/7/12 21:43,1536.3458,1.715,32.6248,0.000134823,-3.08E-06
1098,2022/7/12 21:45,1536.3457,1.6965,32.3372,0.000134823,-1.18E-07
1099,2022/7/12 21:46,1536.3469,1.6695,31.9152,0.000134823,1.42E-06
1100,2022/7/12 21:48,1536.346,1.1655,23.5372,0.000134823,-1.07E-06
1101,2022/7/12 21:49,1536.3431,1.6785,32.0562,0.000134823,-3.44E-06
1102,2022/7/12 21:51,1536.3434,1.723,32.7488,0.000134823,3.55E-07
1103,2022/7/12 21:52,1536.3432,1.731,32.8726,0.000134823,-2.37E-07
1104,2022/7/12 21:54,1536.3443,0.9205,19.0997,0.000134823,1.30E-06
1105,2022/7/12 21:55,1536.3411,1.2305,24.6731,0.000134823,-3.79E-06
1106,2022/7/12 21:57,1536.3402,1.716,32.6403,0.000134823,-1.07E-06
1107,2022/7/12 21:58,1536.3406,1.7075,32.5084,0.000134823,4.74E-07
1108,2022/7/12 22:00,1536.3394,1.7005,32.3995,0.000134823,-1.42E-06
1109,2022/7/12 22:01,1536.3387,1.715,32.6248,0.000134823,-8.29E-07
1110,2022/7/12 22:03,1536.3382,1.6905,32.2437,0.000134823,-5.92E-07
1111,2022/7/12 22:05,1536.3375,1.706,32.485,0.000134823,-8.29E-07
1112,2022/7/12 22:06,1536.3388,1.7115,32.5705,0.000134823,1.54E-06
1113,2022/7/12 22:08,1536.337,1.6975,32.3528,0.000134822,-2.13E-06
1114,2022/7/12 22:09,1536.3381,1.7015,32.415,0.000134823,1.30E-06
1115,2022/7/12 22:10,1536.3349,1.7085,32.5239,0.000134822,-3.79E-06
1116,2022/7/12 22:12,1536.3351,1.6945,32.306,0.000134822,2.37E-07
1117,2022/7/12 22:13,1536.3351,1.719,32.6868,0.000134822,0
1118,2022/7/12 22:15,1536.3348,1.7105,32.555,0.000134822,-3.55E-07
1119,2022/7/12 22:16,1536.3327,1.719,32.6868,0.000134822,-2.49E-06
1120,2022/7/12 22:18,1536.3322,1.708,32.5161,0.000134822,-5.92E-07
1121,2022/7/12 22:19,1536.3311,1.711,32.5627,0.000134822,-1.30E-06
1122,2022/7/12 22:21,1536.3314,1.705,32.4695,0.000134822,3.55E-07
1123,2022/7/12 22:22,1536.3323,1.6575,31.7268,0.000134822,1.07E-06
1124,2022/7/12 22:24,1536.3322,1.704,32.4539,0.000134822,-1.18E-07
1125,2022/7/12 22:25,1536.3303,1.7005,32.3995,0.000134822,-2.25E-06
1126,2022/7/12 22:27,1536.3302,1.6975,32.3528,0.000134822,-1.18E-07
1127,2022/7/12 22:28,1536.3314,1.7,32.3917,0.000134822,1.42E-06
1128,2022/7/12 22:30,1536.3304,1.692,32.267,0.000134822,-1.18E-06
1129,2022/7/12 22:31,1536.3274,1.6925,32.2748,0.000134822,-3.55E-06
1130,2022/7/12 22:33,1536.3308,1.6915,32.2593,0.000134822,4.03E-06
1131,2022/7/12 22:35,1536.3286,1.7145,32.6171,0.000134822,-2.61E-06
1132,2022/7/12 22:36,1536.3294,0.636,13.6226,0.000134822,9.48E-07
1133,2022/7/12 22:38,1536.3274,1.7105,32.555,0.000134822,-2.37E-06
1134,2022/7/12 22:39,1536.3263,1.6935,32.2904,0.000134822,-1.30E-06
1135,2022/7/12 22:41,1536.3255,1.4015,27.5814,0.000134821,-9.48E-07
1136,2022/7/12 22:42,1536.3292,1.7065,32.4928,0.000134822,4.38E-06
1137,2022/7/12 22:44,1536.3273,1.6925,32.2748,0.000134822,-2.25E-06
1138,2022/7/12 22:45,1536.3276,1.701,32.4073,0.000134822,3.55E-07
1139,2022/7/12 22:47,1536.3269,1.7115,32.5705,0.000134822,-8.29E-07
1140,2022/7/12 22:48,1536.3272,1.703,32.4384,0.000134822,3.55E-07
1141,2022/7/12 22:49,1536.3277,1.713,32.5938,0.000134822,5.92E-07
1142,2022/7/12 22:51,1536.3254,1.7055,32.4773,0.000134821,-2.72E-06
1143,2022/7/12 22:52,1536.3268,1.7155,32.6326,0.000134822,1.66E-06
1144,2022/7/12 22:54,1536.3324,1.7315,32.8803,0.000134822,6.63E-06
1145,2022/7/12 22:55,1536.3232,0.8815,18.37,0.000134821,-1.09E-05
1146,2022/7/12 22:57,1536.334,1.713,32.5938,0.000134822,1.28E-05
1147,2022/7/12 22:58,1536.3215,1.7105,32.555,0.000134821,-1.48E-05
1148,2022/7/12 23:00,1536.3245,1.7055,32.4773,0.000134821,3.55E-06
1149,2022/7/12 23:01,1536.3344,1.6785,32.0562,0.000134822,1.17E-05
1150,2022/7/12 23:03,1536.3338,0.9795,20.1913,0.000134822,-7.11E-07
1151,2022/7/12 23:05,1536.3309,1.7045,32.4617,0.000134822,-3.44E-06
1152,2022/7/12 23:06,1536.3327,1.54,29.8545,0.000134822,2.13E-06
1153,2022/7/12 23:08,1536.3309,1.707,32.5006,0.000134822,-2.13E-06
1154,2022/7/12 23:09,1536.3323,1.7,32.3917,0.000134822,1.66E-06
1155,2022/7/12 23:11,1536.3204,1.6905,32.2437,0.000134821,-1.41E-05
1156,2022/7/12 23:12,1536.329,1.703,32.4384,0.000134822,1.02E-05
1157,2022/7/12 23:14,1536.3294,1.6955,32.3216,0.000134822,4.74E-07
1158,2022/7/12 23:15,1536.3275,0.859,17.946,0.000134822,-2.25E-06
1159,2022/7/12 23:17,1536.3282,1.716,32.6403,0.000134822,8.29E-07
1160,2022/7/12 23:18,1536.3277,1.7035,32.4462,0.000134822,-5.92E-07
1161,2022/7/12 23:20,1536.3279,1.7115,32.5705,0.000134822,2.37E-07
1162,2022/7/12 23:21,1536.3271,1.726,32.7952,0.000134822,-9.48E-07
1163,2022/7/12 23:23,1536.3274,0.88,18.3418,0.000134822,3.55E-07
1164,2022/7/12 23:24,1536.3243,1.7295,32.8494,0.000134821,-3.67E-06
1165,2022/7/12 23:26,1536.3273,1.704,32.4539,0.000134822,3.55E-06
1166,2022/7/12 23:27,1536.3209,1.701,32.4073,0.000134821,-7.58E-06
1167,2022/7/12 23:29,1536.3246,1.702,32.4228,0.000134821,4.38E-06
1168,2022/7/12 23:30,1536.3245,1.592,30.6893,0.000134821,-1.18E-07
1169,2022/7/12 23:32,1536.3229,1.7065,32.4928,0.000134821,-1.90E-06
1170,2022/7/12 23:33,1536.3248,1.723,32.7488,0.000134821,2.25E-06
1171,2022/7/12 23:35,1536.321,1.7235,32.7565,0.000134821,-4.50E-06
1172,2022/7/12 23:36,1536.3251,1.1825,23.836,0.000134821,4.86E-06
1173,2022/7/12 23:38,1536.3242,1.72,32.7023,0.000134821,-1.07E-06
1174,2022/7/12 23:39,1536.3206,1.693,32.2826,0.000134821,-4.26E-06
1175,2022/7/12 23:41,1536.3217,1.6995,32.3839,0.000134821,1.30E-06
1176,2022/7/12 23:42,1536.324,1.726,32.7952,0.000134821,2.72E-06
1177,2022/7/12 23:44,1536.3232,1.5585,30.1526,0.000134821,-9.48E-07
1178,2022/7/12 23:45,1536.322,1.7115,32.5705,0.000134821,-1.42E-06
1179,2022/7/12 23:47,1536.3217,1.729,32.8417,0.000134821,-3.55E-07
1180,2022/7/12 23:48,1536.3231,1.7175,32.6636,0.000134821,1.66E-06
1181,2022/7/12 23:50,1536.3171,1.696,32.3294,0.000134821,-7.11E-06
1182,2022/7/12 23:51,1536.3194,0.9305,19.2858,0.000134821,2.72E-06
1183,2022/7/12 23:53,1536.3208,1.709,32.5317,0.000134821,1.66E-06
1184,2022/7/12 23:54,1536.3167,1.712,32.5783,0.000134821,-4.86E-06
1185,2022/7/12 23:56,1536.3167,1.7215,32.7256,0.000134821,0
1186,2022/7/12 23:57,1536.3157,1.695,32.3138,0.000134821,-1.18E-06
1187,2022/7/12 23:59,1536.315,1.71,32.5472,0.000134821,-8.29E-07
1188,2022/7/13 0:00,1536.3206,1.7315,32.8803,0.000134821,6.63E-06
1189,2022/7/13 0:02,1536.3143,1.6965,32.3372,0.00013482,-7.46E-06
1190,2022/7/13 0:03,1536.313,1.727,32.8107,0.00013482,-1.54E-06
1191,2022/7/13 0:05,1536.3139,1.7035,32.4462,0.00013482,1.07E-06
1192,2022/7/13 0:06,1536.3132,1.7185,32.6791,0.00013482,-8.29E-07
1193,2022/7/13 0:08,1536.3136,1.7145,32.6171,0.00013482,4.74E-07
1194,2022/7/13 0:09,1536.3131,1.72,32.7023,0.00013482,-5.92E-07
1195,2022/7/13 0:11,1536.3132,1.7295,32.8494,0.00013482,1.18E-07
1196,2022/7/13 0:12,1536.3115,1.706,32.485,0.00013482,-2.01E-06
1197,2022/7/13 0:14,1536.3106,1.7185,32.6791,0.00013482,-1.07E-06
1198,2022/7/13 0:15,1536.3112,1.7125,32.586,0.00013482,7.11E-07
1199,2022/7/13 0:17,1536.311,1.7165,32.6481,0.00013482,-2.37E-07
1200,2022/7/13 0:18,1536.3109,0.964,19.906,0.00013482,-1.18E-07
1201,2022/7/13 0:20,1536.3104,1.708,32.5161,0.00013482,-5.92E-07
1202,2022/7/13 0:21,1536.3099,1.701,32.4073,0.00013482,-5.92E-07
1203,2022/7/13 0:23,1536.3107,1.2605,25.1917,0.00013482,9.48E-07
1204,2022/7/13 0:24,1536.3087,1.7015,32.415,0.00013482,-2.37E-06
1205,2022/7/13 0:26,1536.3084,1.2955,25.7921,0.00013482,-3.55E-07
1206,2022/7/13 0:27,1536.3086,1.696,32.3294,0.00013482,2.37E-07
1207,2022/7/13 0:29,1536.3085,1.715,32.6248,0.00013482,-1.18E-07
1208,2022/7/13 0:30,1536.3094,1.714,32.6093,0.00013482,1.07E-06
1209,2022/7/13 0:32,1536.308,1.6915,32.2593,0.00013482,-1.66E-06
1210,2022/7/13 0:33,1536.3075,1.708,32.5161,0.00013482,-5.92E-07
1211,2022/7/13 0:35,1536.306,1.702,32.4228,0.00013482,-1.78E-06
1212,2022/7/13 0:36,1536.3058,1.6935,32.2904,0.00013482,-2.37E-07
1213,2022/7/13 0:38,1536.3061,0.6745,14.385,0.00013482,3.55E-07
1214,2022/7/13 0:39,1536.3058,1.239,24.8204,0.00013482,-3.55E-07
1215,2022/7/13 0:41,1536.3056,1.7255,32.7875,0.00013482,-2.37E-07
1216,2022/7/13 0:42,1536.3056,1.705,32.4695,0.00013482,0
1217,2022/7/13 0:44,1536.3049,1.6825,32.1187,0.00013482,-8.29E-07
1218,2022/7/13 0:45,1536.3056,1.712,32.5783,0.00013482,8.29E-07
1219,2022/7/13 0:47,1536.3039,1.6945,32.306,0.00013482,-2.01E-06
1220,2022/7/13 0:48,1536.3035,1.7195,32.6946,0.00013482,-4.74E-07
1221,2022/7/13 0:50,1536.3036,1.6995,32.3839,0.00013482,1.18E-07
1222,2022/7/13 0:51,1536.3034,1.7025,32.4306,0.00013482,-2.37E-07
1223,2022/7/13 0:53,1536.304,1.7035,32.4462,0.00013482,7.11E-07
1224,2022/7/13 0:54,1536.3028,1.639,31.4354,0.000134819,-1.42E-06
1225,2022/7/13 0:56,1536.3023,1.7035,32.4462,0.000134819,-5.92E-07
1226,2022/7/13 0:57,1536.3027,1.7215,32.7256,0.000134819,4.74E-07
1227,2022/7/13 0:59,1536.3016,1.2805,25.5354,0.000134819,-1.30E-06
1228,2022/7/13 1:00,1536.3022,1.701,32.4073,0.000134819,7.11E-07
1229,2022/7/13 1:02,1536.2999,1.6955,32.3216,0.000134819,-2.72E-06
1230,2022/7/13 1:03,1536.3009,1.699,32.3761,0.000134819,1.18E-06
1231,2022/7/13 1:05,1536.3015,1.6925,32.2748,0.000134819,7.11E-07
1232,2022/7/13 1:06,1536.3009,1.7015,32.415,0.000134819,-7.11E-07
1233,2022/7/13 1:08,1536.3016,1.7145,32.6171,0.000134819,8.29E-07
1234,2022/7/13 1:09,1536.2996,1.71,32.5472,0.000134819,-2.37E-06
1235,2022/7/13 1:11,1536.2991,1.7075,32.5084,0.000134819,-5.92E-07
1236,2022/7/13 1:12,1536.2996,1.158,23.4051,0.000134819,5.92E-07
1237,2022/7/13 1:14,1536.2998,1.677,32.0327,0.000134819,2.37E-07
1238,2022/7/13 1:15,1536.299,1.0355,21.2138,0.000134819,-9.48E-07
1239,2022/7/13 1:17,1536.2989,1.6925,32.2748,0.000134819,-1.18E-07
1240,2022/7/13 1:18,1536.2986,1.5155,29.4576,0.000134819,-3.55E-07
1241,2022/7/13 1:20,1536.2991,1.691,32.2515,0.000134819,5.92E-07
1242,2022/7/13 1:21,1536.2979,1.695,32.3138,0.000134819,-1.42E-06
1243,2022/7/13 1:23,1536.2967,1.709,32.5317,0.000134819,-1.42E-06
1244,2022/7/13 1:24,1536.2961,1.2005,24.151,0.000134819,-7.11E-07
1245,2022/7/13 1:26,1536.2961,1.7075,32.5084,0.000134819,0
1246,2022/7/13 1:27,1536.2968,1.7215,32.7256,0.000134819,8.29E-07
1247,2022/7/13 1:29,1536.2958,1.3005,25.8775,0.000134819,-1.18E-06
1248,2022/7/13 1:30,1536.2948,1.711,32.5627,0.000134819,-1.18E-06
1249,2022/7/13 1:32,1536.2955,1.694,32.2982,0.000134819,8.29E-07
1250,2022/7/13 1:33,1536.2953,1.6935,32.2904,0.000134819,-2.37E-07
1251,2022/7/13 1:35,1536.2946,0.845,17.681,0.000134819,-8.29E-07
1252,2022/7/13 1:36,1536.2946,1.7165,32.6481,0.000134819,0
1253,2022/7/13 1:38,1536.2944,1.707,32.5006,0.000134819,-2.37E-07
1254,2022/7/13 1:39,1536.2941,1.6985,32.3683,0.000134819,-3.55E-07
1255,2022/7/13 1:41,1536.2935,1.712,32.5783,0.000134819,-7.11E-07
1256,2022/7/13 1:42,1536.294,1.716,32.6403,0.000134819,5.92E-07
1257,2022/7/13 1:44,1536.2928,1.709,32.5317,0.000134819,-1.42E-06
1258,2022/7/13 1:45,1536.292,0.9625,19.8783,0.000134819,-9.48E-07
1259,2022/7/13 1:47,1536.2917,1.0775,21.9721,0.000134818,-3.55E-07
1260,2022/7/13 1:48,1536.2921,1.701,32.4073,0.000134819,4.74E-07
1261,2022/7/13 1:50,1536.2935,1.696,32.3294,0.000134819,1.66E-06
1262,2022/7/13 1:51,1536.2921,1.728,32.8262,0.000134819,-1.66E-06
1263,2022/7/13 1:53,1536.2914,1.7065,32.4928,0.000134818,-8.29E-07
1264,2022/7/13 1:54,1536.292,1.6935,32.2904,0.000134819,7.11E-07
1265,2022/7/13 1:56,1536.2911,1.71,32.5472,0.000134818,-1.07E-06
1266,2022/7/13 1:57,1536.291,1.7105,32.555,0.000134818,-1.18E-07
1267,2022/7/13 1:59,1536.2905,1.716,32.6403,0.000134818,-5.92E-07
1268,2022/7/13 2:00,1536.2898,1.7215,32.7256,0.000134818,-8.29E-07
1269,2022/7/13 2:02,1536.2914,1.312,26.0735,0.000134818,1.90E-06
1270,2022/7/13 2:03,1536.2898,1.713,32.5938,0.000134818,-1.90E-06
1271,2022/7/13 2:05,1536.2905,1.704,32.4539,0.000134818,8.29E-07
1272,2022/7/13 2:06,1536.2894,1.698,32.3606,0.000134818,-1.30E-06
1273,2022/7/13 2:08,1536.2886,1.701,32.4073,0.000134818,-9.48E-07
1274,2022/7/13 2:09,1536.288,1.693,32.2826,0.000134818,-7.11E-07
1275,2022/7/13 2:11,1536.2877,1.697,32.345,0.000134818,-3.55E-07
1276,2022/7/13 2:12,1536.2887,1.703,32.4384,0.000134818,1.18E-06
1277,2022/7/13 2:14,1536.2889,1.7105,32.555,0.000134818,2.37E-07
1278,2022/7/13 2:15,1536.2885,1.6875,32.1968,0.000134818,-4.74E-07
1279,2022/7/13 2:17,1536.2876,1.7315,32.8803,0.000134818,-1.07E-06
1280,2022/7/13 2:18,1536.2866,1.7285,32.8339,0.000134818,-1.18E-06
1281,2022/7/13 2:20,1536.2876,0.4985,10.8441,0.000134818,1.18E-06
1282,2022/7/13 2:21,1536.2863,1.673,31.9701,0.000134818,-1.54E-06
1283,2022/7/13 2:23,1536.2865,0.799,16.8045,0.000134818,2.37E-07
1284,2022/7/13 2:24,1536.2863,1.7135,32.6015,0.000134818,-2.37E-07
1285,2022/7/13 2:26,1536.2865,1.717,32.6558,0.000134818,2.37E-07
1286,2022/7/13 2:27,1536.2875,1.7185,32.6791,0.000134818,1.18E-06
1287,2022/7/13 2:29,1536.2861,1.71,32.5472,0.000134818,-1.66E-06
1288,2022/7/13 2:30,1536.2845,1.696,32.3294,0.000134818,-1.90E-06
1289,2022/7/13 2:32,1536.285,1.686,32.1734,0.000134818,5.92E-07
1290,2022/7/13 2:33,1536.2861,0.137,3.1053,0.000134818,1.30E-06
1291,2022/7/13 2:35,1536.2851,1.475,28.7967,0.000134818,-1.18E-06
1292,2022/7/13 2:36,1536.2851,1.6885,32.2124,0.000134818,0
1293,2022/7/13 2:38,1536.2857,1.7245,32.772,0.000134818,7.11E-07
1294,2022/7/13 2:39,1536.2842,1.729,32.8417,0.000134818,-1.78E-06
1295,2022/7/13 2:41,1536.2837,1.5415,29.8787,0.000134818,-5.92E-07
1296,2022/7/13 2:42,1536.2842,0.8725,18.2006,0.000134818,5.92E-07
1297,2022/7/13 2:44,1536.2833,1.533,29.7413,0.000134818,-1.07E-06
1298,2022/7/13 2:45,1536.2835,1.721,32.7178,0.000134818,2.37E-07
1299,2022/7/13 2:47,1536.2836,1.7275,32.8185,0.000134818,1.18E-07
1300,2022/7/13 2:48,1536.2827,1.2775,25.4839,0.000134818,-1.07E-06
1301,2022/7/13 2:50,1536.2841,1.7065,32.4928,0.000134818,1.66E-06
1302,2022/7/13 2:51,1536.2826,0.9125,18.9506,0.000134818,-1.78E-06
1303,2022/7/13 2:53,1536.2817,1.6905,32.2437,0.000134818,-1.07E-06
1304,2022/7/13 2:54,1536.2817,1.3195,26.2011,0.000134818,0
1305,2022/7/13 2:56,1536.282,1.6905,32.2437,0.000134818,3.55E-07
1306,2022/7/13 2:57,1536.282,1.7205,32.7101,0.000134818,0
1307,2022/7/13 2:59,1536.2803,1.6895,32.228,0.000134817,-2.01E-06
1308,2022/7/13 3:00,1536.2811,1.112,22.5895,0.000134818,9.48E-07
1309,2022/7/13 3:02,1536.2813,1.7235,32.7565,0.000134818,2.37E-07
1310,2022/7/13 3:03,1536.2805,1.716,32.6403,0.000134818,-9.48E-07
1311,2022/7/13 3:05,1536.2804,1.721,32.7178,0.000134818,-1.18E-07
1312,2022/7/13 3:07,1536.2765,1.7025,32.4306,0.000134817,-4.62E-06
1313,2022/7/13 3:08,1536.2797,1.702,32.4228,0.000134817,3.79E-06
1314,2022/7/13 3:10,1536.2793,1.6925,32.2748,0.000134817,-4.74E-07
1315,2022/7/13 3:11,1536.2789,1.692,32.267,0.000134817,-4.74E-07
1316,2022/7/13 3:13,1536.2796,1.71,32.5472,0.000134817,8.29E-07
1317,2022/7/13 3:14,1536.2745,1.303,25.9202,0.000134817,-6.04E-06
1318,2022/7/13 3:16,1536.2743,1.7125,32.586,0.000134817,-2.37E-07
1319,2022/7/13 3:17,1536.2736,1.7095,32.5394,0.000134817,-8.29E-07
1320,2022/7/13 3:19,1536.2748,1.719,32.6868,0.000134817,1.42E-06
1321,2022/7/13 3:20,1536.2749,1.6975,32.3528,0.000134817,1.18E-07
1322,2022/7/13 3:22,1536.2728,1.7025,32.4306,0.000134817,-2.49E-06
1323,2022/7/13 3:23,1536.2722,1.603,30.8647,0.000134817,-7.11E-07
1324,2022/7/13 3:25,1536.274,0.95,19.6474,0.000134817,2.13E-06
1325,2022/7/13 3:26,1536.2729,1.7145,32.6171,0.000134817,-1.30E-06
1326,2022/7/13 3:28,1536.274,1.709,32.5317,0.000134817,1.30E-06
1327,2022/7/13 3:29,1536.2732,1.021,20.9503,0.000134817,-9.48E-07
1328,2022/7/13 3:31,1536.2735,1.7155,32.6326,0.000134817,3.55E-07
1329,2022/7/13 3:32,1536.2737,1.703,32.4384,0.000134817,2.37E-07
1330,2022/7/13 3:34,1536.2735,1.7135,32.6015,0.000134817,-2.37E-07
1331,2022/7/13 3:35,1536.2731,1.713,32.5938,0.000134817,-4.74E-07
1332,2022/7/13 3:37,1536.2719,1.6945,32.306,0.000134817,-1.42E-06
1333,2022/7/13 3:38,1536.2733,1.6025,30.8567,0.000134817,1.66E-06
1334,2022/7/13 3:40,1536.2721,1.692,32.267,0.000134817,-1.42E-06
1335,2022/7/13 3:41,1536.2709,1.708,32.5161,0.000134817,-1.42E-06
1336,2022/7/13 3:43,1536.2723,1.7025,32.4306,0.000134817,1.66E-06
1337,2022/7/13 3:44,1536.2724,1.1755,23.7131,0.000134817,1.18E-07
1338,2022/7/13 3:46,1536.2719,1.698,32.3606,0.000134817,-5.92E-07
1339,2022/7/13 3:47,1536.2731,1.1845,23.871,0.000134817,1.42E-06
1340,2022/7/13 3:49,1536.2743,1.5005,29.2136,0.000134817,1.42E-06
1341,2022/7/13 3:50,1536.2736,1.716,32.6403,0.000134817,-8.29E-07
1342,2022/7/13 3:52,1536.2717,1.696,32.3294,0.000134817,-2.25E-06
1343,2022/7/13 3:53,1536.2738,1.6365,31.3959,0.000134817,2.49E-06
1344,2022/7/13 3:55,1536.2726,1.711,32.5627,0.000134817,-1.42E-06
1345,2022/7/13 3:56,1536.2725,1.695,32.3138,0.000134817,-1.18E-07
1346,2022/7/13 3:58,1536.2712,1.7135,32.6015,0.000134817,-1.54E-06
1347,2022/7/13 3:59,1536.271,1.58,30.4976,0.000134817,-2.37E-07
1348,2022/7/13 4:01,1536.2721,1.717,32.6558,0.000134817,1.30E-06
1349,2022/7/13 4:02,1536.2729,1.7175,32.6636,0.000134817,9.48E-07
1350,2022/7/13 4:04,1536.2704,1.708,32.5161,0.000134817,-2.96E-06
1351,2022/7/13 4:05,1536.2712,1.705,32.4695,0.000134817,9.48E-07
1352,2022/7/13 4:07,1536.2722,1.7165,32.6481,0.000134817,1.18E-06
1353,2022/7/13 4:08,1536.2774,1.414,27.7896,0.000134817,6.16E-06
1354,2022/7/13 4:10,1536.2776,1.6905,32.2437,0.000134817,2.37E-07
1355,2022/7/13 4:11,1536.2753,1.7,32.3917,0.000134817,-2.72E-06
1356,2022/7/13 4:13,1536.2767,1.7085,32.5239,0.000134817,1.66E-06
1357,2022/7/13 4:14,1536.2761,1.7075,32.5084,0.000134817,-7.11E-07
1358,2022/7/13 4:16,1536.2719,0.8875,18.4827,0.000134817,-4.98E-06
1359,2022/7/13 4:17,1536.2732,1.712,32.5783,0.000134817,1.54E-06
1360,2022/7/13 4:19,1536.2683,1.2495,25.0019,0.000134816,-5.80E-06
1361,2022/7/13 4:20,1536.2753,1.6985,32.3683,0.000134817,8.29E-06
1362,2022/7/13 4:22,1536.2641,1.6915,32.2593,0.000134816,-1.33E-05
1363,2022/7/13 4:23,1536.2633,1.698,32.3606,0.000134816,-9.48E-07
1364,2022/7/13 4:25,1536.2745,1.7305,32.8648,0.000134817,1.33E-05
1365,2022/7/13 4:26,1536.2646,1.2545,25.0882,0.000134816,-1.17E-05
1366,2022/7/13 4:28,1536.2642,1.7195,32.6946,0.000134816,-4.74E-07
1367,2022/7/13 4:29,1536.2628,1.711,32.5627,0.000134816,-1.66E-06
1368,2022/7/13 4:31,1536.2616,1.089,22.1784,0.000134816,-1.42E-06
1369,2022/7/13 4:32,1536.2741,1.6895,32.228,0.000134817,1.48E-05
1370,2022/7/13 4:34,1536.2618,1.709,32.5317,0.000134816,-1.46E-05
1371,2022/7/13 4:35,1536.264,0.997,20.5123,0.000134816,2.61E-06
1372,2022/7/13 4:37,1536.264,1.713,32.5938,0.000134816,0
1373,2022/7/13 4:38,1536.2615,1.709,32.5317,0.000134816,-2.96E-06
1374,2022/7/13 4:40,1536.2609,1.7165,32.6481,0.000134816,-7.11E-07
1375,2022/7/13 4:41,1536.2603,1.0995,22.3664,0.000134816,-7.11E-07
1376,2022/7/13 4:43,1536.2611,0.8625,18.0121,0.000134816,9.48E-07
1377,2022/7/13 4:44,1536.2602,1.681,32.0953,0.000134816,-1.07E-06
1378,2022/7/13 4:46,1536.2599,1.707,32.5006,0.000134816,-3.55E-07
1379,2022/7/13 4:47,1536.2607,1.694,32.2982,0.000134816,9.48E-07
1380,2022/7/13 4:49,1536.2611,1.6925,32.2748,0.000134816,4.74E-07
1381,2022/7/13 4:50,1536.2598,0.8615,17.9932,0.000134816,-1.54E-06
1382,2022/7/13 4:52,1536.2596,1.7245,32.772,0.000134816,-2.37E-07
1383,2022/7/13 4:53,1536.2583,1.728,32.8262,0.000134816,-1.54E-06
1384,2022/7/13 4:55,1536.2604,1.7025,32.4306,0.000134816,2.49E-06
1385,2022/7/13 4:56,1536.2583,1.232,24.6991,0.000134816,-2.49E-06
1386,2022/7/13 4:58,1536.2589,1.1655,23.5372,0.000134816,7.11E-07
1387,2022/7/13 4:59,1536.2591,0.9945,20.4665,0.000134816,2.37E-07
1388,2022/7/13 5:01,1536.2592,1.7095,32.5394,0.000134816,1.18E-07
1389,2022/7/13 5:02,1536.2603,1.715,32.6248,0.000134816,1.30E-06
1390,2022/7/13 5:04,1536.2601,1.037,21.241,0.000134816,-2.37E-07
1391,2022/7/13 5:05,1536.2589,1.7095,32.5394,0.000134816,-1.42E-06
1392,2022/7/13 5:07,1536.2579,1.6985,32.3683,0.000134816,-1.18E-06
1393,2022/7/13 5:08,1536.2571,1.693,32.2826,0.000134815,-9.48E-07
1394,2022/7/13 5:10,1536.2579,1.7105,32.555,0.000134816,9.48E-07
1395,2022/7/13 5:11,1536.2577,1.7115,32.5705,0.000134816,-2.37E-07
1396,2022/7/13 5:13,1536.2578,1.7105,32.555,0.000134816,1.18E-07
1397,2022/7/13 5:14,1536.2578,1.699,32.3761,0.000134816,0
1398,2022/7/13 5:16,1536.2574,1.6455,31.5379,0.000134815,-4.74E-07
1399,2022/7/13 5:17,1536.2569,1.702,32.4228,0.000134815,-5.92E-07
1400,2022/7/13 5:19,1536.2565,1.698,32.3606,0.000134815,-4.74E-07
1401,2022/7/13 5:20,1536.2576,1.69,32.2358,0.000134816,1.30E-06
1402,2022/7/13 5:22,1536.258,1.721,32.7178,0.000134816,4.74E-07
1403,2022/7/13 5:23,1536.2572,1.716,32.6403,0.000134815,-9.48E-07
1404,2022/7/13 5:25,1536.2574,1.6695,31.9152,0.000134815,2.37E-07
1405,2022/7/13 5:26,1536.2568,1.7135,32.6015,0.000134815,-7.11E-07
1406,2022/7/13 5:28,1536.2592,1.698,32.3606,0.000134816,2.84E-06
1407,2022/7/13 5:29,1536.2556,1.6925,32.2748,0.000134815,-4.26E-06
1408,2022/7/13 5:31,1536.2557,1.2535,25.071,0.000134815,1.18E-07
1409,2022/7/13 5:32,1536.2556,1.6535,31.6639,0.000134815,-1.18E-07
1410,2022/7/13 5:34,1536.2562,1.704,32.4539,0.000134815,7.11E-07
1411,2022/7/13 5:36,1536.2554,1.5235,29.5875,0.000134815,-9.48E-07
1412,2022/7/13 5:37,1536.2557,1.7315,32.8803,0.000134815,3.55E-07
1413,2022/7/13 5:39,1536.2566,1.7215,32.7256,0.000134815,1.07E-06
1414,2022/7/13 5:40,1536.2552,1.709,32.5317,0.000134815,-1.66E-06
1415,2022/7/13 5:42,1536.2553,1.7025,32.4306,0.000134815,1.18E-07
1416,2022/7/13 5:43,1536.2572,1.7095,32.5394,0.000134815,2.25E-06
1417,2022/7/13 5:45,1536.2554,1.693,32.2826,0.000134815,-2.13E-06
1418,2022/7/13 5:46,1536.2557,1.6895,32.228,0.000134815,3.55E-07
1419,2022/7/13 5:48,1536.2545,1.415,27.8062,0.000134815,-1.42E-06
1420,2022/7/13 5:49,1536.2544,1.6965,32.3372,0.000134815,-1.18E-07
1421,2022/7/13 5:51,1536.2548,1.7055,32.4773,0.000134815,4.74E-07
1422,2022/7/13 5:52,1536.2551,1.698,32.3606,0.000134815,3.55E-07
1423,2022/7/13 5:54,1536.2552,1.721,32.7178,0.000134815,1.18E-07
1424,2022/7/13 5:55,1536.2546,1.7285,32.8339,0.000134815,-7.11E-07
1425,2022/7/13 5:57,1536.2533,1.716,32.6403,0.000134815,-1.54E-06
1426,2022/7/13 5:58,1536.2553,1.713,32.5938,0.000134815,2.37E-06
1427,2022/7/13 6:00,1536.2555,1.6975,32.3528,0.000134815,2.37E-07
1428,2022/7/13 6:01,1536.2531,1.2495,25.0019,0.000134815,-2.84E-06
1429,2022/7/13 6:03,1536.2545,1.708,32.5161,0.000134815,1.66E-06
1430,2022/7/13 6:04,1536.253,0.862,18.0026,0.000134815,-1.78E-06
1431,2022/7/13 6:06,1536.2533,1.7085,32.5239,0.000134815,3.55E-07
1432,2022/7/13 6:07,1536.2543,1.693,32.2826,0.000134815,1.18E-06
1433,2022/7/13 6:09,1536.2574,1.569,30.3213,0.000134815,3.67E-06
1434,2022/7/13 6:10,1536.2532,1.705,32.4695,0.000134815,-4.98E-06
1435,2022/7/13 6:12,1536.253,1.699,32.3761,0.000134815,-2.37E-07
1436,2022/7/13 6:13,1536.2528,1.698,32.3606,0.000134815,-2.37E-07
1437,2022/7/13 6:15,1536.253,1.7305,32.8648,0.000134815,2.37E-07
1438,2022/7/13 6:16,1536.254,1.201,24.1597,0.000134815,1.18E-06
1439,2022/7/13 6:18,1536.2527,1.002,20.6037,0.000134815,-1.54E-06
1440,2022/7/13 6:19,1536.2556,1.707,32.5006,0.000134815,3.44E-06
1441,2022/7/13 6:21,1536.2537,1.656,31.7033,0.000134815,-2.25E-06
1442,2022/7/13 6:22,1536.252,1.595,30.7372,0.000134815,-2.01E-06
1443,2022/7/13 6:24,1536.2517,1.6925,32.2748,0.000134815,-3.55E-07
1444,2022/7/13 6:25,1536.2524,1.7,32.3917,0.000134815,8.29E-07
1445,2022/7/13 6:27,1536.2506,1.711,32.5627,0.000134815,-2.13E-06
1446,2022/7/13 6:28,1536.2524,1.7135,32.6015,0.000134815,2.13E-06
1447,2022/7/13 6:30,1536.2516,1.7065,32.4928,0.000134815,-9.48E-07
1448,2022/7/13 6:31,1536.2514,1.71,32.5472,0.000134815,-2.37E-07
1449,2022/7/13 6:33,1536.2506,1.703,32.4384,0.000134815,-9.48E-07
1450,2022/7/13 6:34,1536.252,1.373,27.1046,0.000134815,1.66E-06
1451,2022/7/13 6:36,1536.2513,1.7045,32.4617,0.000134815,-8.29E-07
1452,2022/7/13 6:37,1536.2516,0.867,18.097,0.000134815,3.55E-07
1453,2022/7/13 6:39,1536.2521,1.7165,32.6481,0.000134815,5.92E-07
1454,2022/7/13 6:40,1536.2515,1.711,32.5627,0.000134815,-7.11E-07
1455,2022/7/13 6:42,1536.2506,1.714,32.6093,0.000134815,-1.07E-06
1456,2022/7/13 6:43,1536.2506,1.297,25.8178,0.000134815,0
1457,2022/7/13 6:45,1536.2507,1.6085,30.9522,0.000134815,1.18E-07
1458,2022/7/13 6:46,1536.2521,1.7225,32.7411,0.000134815,1.66E-06
1459,2022/7/13 6:48,1536.2506,1.6955,32.3216,0.000134815,-1.78E-06
1460,2022/7/13 6:49,1536.2506,1.425,27.9722,0.000134815,0
1461,2022/7/13 6:51,1536.252,1.7105,32.555,0.000134815,1.66E-06
1462,2022/7/13 6:52,1536.2522,1.722,32.7333,0.000134815,2.37E-07
1463,2022/7/13 6:54,1536.2509,1.7155,32.6326,0.000134815,-1.54E-06
1464,2022/7/13 6:55,1536.2512,1.697,32.345,0.000134815,3.55E-07
1465,2022/7/13 6:57,1536.2502,1.696,32.3294,0.000134815,-1.18E-06
1466,2022/7/13 6:58,1536.2515,1.3785,27.1969,0.000134815,1.54E-06
1467,2022/7/13 7:00,1536.2505,1.7055,32.4773,0.000134815,-1.18E-06
1468,2022/7/13 7:01,1536.2511,1.712,32.5783,0.000134815,7.11E-07
1469,2022/7/13 7:03,1536.2519,1.7135,32.6015,0.000134815,9.48E-07
1470,2022/7/13 7:04,1536.2509,1.277,25.4753,0.000134815,-1.18E-06
1471,2022/7/13 7:06,1536.2493,1.084,22.0888,0.000134815,-1.90E-06
1472,2022/7/13 7:07,1536.2514,1.7105,32.555,0.000134815,2.49E-06
1473,2022/7/13 7:09,1536.2519,1.701,32.4073,0.000134815,5.92E-07
1474,2022/7/13 7:10,1536.2511,1.085,22.1067,0.000134815,-9.48E-07
1475,2022/7/13 7:12,1536.251,1.705,32.4695,0.000134815,-1.18E-07
1476,2022/7/13 7:13,1536.2502,1.699,32.3761,0.000134815,-9.48E-07
1477,2022/7/13 7:15,1536.2511,1.717,32.6558,0.000134815,1.07E-06
1478,2022/7/13 7:16,1536.2499,1.7,32.3917,0.000134815,-1.42E-06
1479,2022/7/13 7:18,1536.2497,1.6995,32.3839,0.000134815,-2.37E-07
1480,2022/7/13 7:19,1536.2488,1.72,32.7023,0.000134815,-1.07E-06
1481,2022/7/13 7:21,1536.2483,1.7035,32.4462,0.000134815,-5.92E-07
1482,2022/7/13 7:22,1536.2489,1.468,28.6819,0.000134815,7.11E-07
1483,2022/7/13 7:24,1536.2514,1.7265,32.803,0.000134815,2.96E-06
1484,2022/7/13 7:25,1536.2516,1.6975,32.3528,0.000134815,2.37E-07
1485,2022/7/13 7:27,1536.2507,1.73,32.8571,0.000134815,-1.07E-06
1486,2022/7/13 7:28,1536.2493,1.7155,32.6326,0.000134815,-1.66E-06
1487,2022/7/13 7:30,1536.2501,1.7075,32.5084,0.000134815,9.48E-07
1488,2022/7/13 7:31,1536.2465,1.7165,32.6481,0.000134815,-4.26E-06
1489,2022/7/13 7:33,1536.2464,0.899,18.6982,0.000134815,-1.18E-07
1490,2022/7/13 7:34,1536.2474,1.7225,32.7411,0.000134815,1.18E-06
1491,2022/7/13 7:36,1536.2486,1.716,32.6403,0.000134815,1.42E-06
1492,2022/7/13 7:37,1536.2486,1.7085,32.5239,0.000134815,0
1493,2022/7/13 7:39,1536.2503,1.7145,32.6171,0.000134815,2.01E-06
1494,2022/7/13 7:40,1536.2489,1.339,26.5317,0.000134815,-1.66E-06
1495,2022/7/13 7:42,1536.2721,1.7025,32.4306,0.000134817,2.75E-05
1496,2022/7/13 7:43,1536.2736,1.1855,23.8885,0.000134817,1.78E-06
1497,2022/7/13 7:45,1536.2747,1.729,32.8417,0.000134817,1.30E-06
1498,2022/7/13 7:46,1536.2657,1.6355,31.3801,0.000134816,-1.07E-05
1499,2022/7/13 7:48,1536.263,1.705,32.4695,0.000134816,-3.20E-06
1500,2022/7/13 7:49,1536.2687,1.698,32.3606,0.000134816,6.75E-06
1501,2022/7/13 7:51,1536.2622,1.702,32.4228,0.000134816,-7.70E-06
