,time,ctwl/nm
0,2022-07-11 18:31:22,1535.912
1,2022-07-11 18:32:50,1536.104
2,2022-07-11 18:34:19,1537.412
3,2022-07-11 18:35:48,1538.46
4,2022-07-11 18:37:16,1539.748
5,2022-07-11 18:38:45,1541.3
6,2022-07-11 18:40:14,1543.156
7,2022-07-11 18:41:43,1544.964
8,2022-07-11 18:43:11,1546.076
9,2022-07-11 18:44:40,1546.484
10,2022-07-11 18:46:09,1546.664
11,2022-07-11 18:47:37,1546.736
12,2022-07-11 18:49:06,1546.768
13,2022-07-11 18:50:35,1546.788
14,2022-07-11 18:52:04,1546.8
15,2022-07-11 18:53:32,1546.808
16,2022-07-11 18:55:01,1546.812
17,2022-07-11 18:56:30,1546.82
18,2022-07-11 18:57:58,1546.832
19,2022-07-11 18:59:27,1546.844
20,2022-07-11 19:00:56,1546.856
21,2022-07-11 19:02:25,1546.864
22,2022-07-11 19:03:53,1546.88
23,2022-07-11 19:05:22,1546.888
24,2022-07-11 19:06:51,1546.9
25,2022-07-11 19:08:20,1546.908
26,2022-07-11 19:09:48,1546.884
27,2022-07-11 19:11:17,1546.896
28,2022-07-11 19:12:46,1546.908
29,2022-07-11 19:14:15,1546.924
30,2022-07-11 19:15:43,1546.936
31,2022-07-11 19:17:12,1546.948
32,2022-07-11 19:18:41,1546.96
33,2022-07-11 19:20:10,1546.976
34,2022-07-11 19:21:38,1546.988
35,2022-07-11 19:23:07,1547.0
36,2022-07-11 19:24:36,1547.012
37,2022-07-11 19:26:05,1547.024
38,2022-07-11 19:27:33,1547.04
39,2022-07-11 19:29:02,1547.056
40,2022-07-11 19:30:31,1547.064
41,2022-07-11 19:32:00,1547.064
42,2022-07-11 19:33:28,1547.08
43,2022-07-11 19:34:57,1547.088
44,2022-07-11 19:36:26,1547.112
45,2022-07-11 19:37:55,1547.124
46,2022-07-11 19:39:23,1547.14
47,2022-07-11 19:40:52,1547.156
48,2022-07-11 19:42:21,1547.164
49,2022-07-11 19:43:50,1547.18
50,2022-07-11 19:45:19,1547.192
51,2022-07-11 19:46:47,1547.204
52,2022-07-11 19:48:16,1547.196
53,2022-07-11 19:49:45,1547.2
54,2022-07-11 19:51:13,1547.048
55,2022-07-11 19:52:42,1546.62
56,2022-07-11 19:54:11,1546.304
57,2022-07-11 19:55:40,1547.028
58,2022-07-11 19:57:09,1547.26
59,2022-07-11 19:58:37,1547.292
60,2022-07-11 20:00:06,1547.284
61,2022-07-11 20:01:35,1547.692
62,2022-07-11 20:03:04,1547.32
63,2022-07-11 20:04:32,1547.32
64,2022-07-11 20:06:01,1547.324
65,2022-07-11 20:07:30,1547.332
66,2022-07-11 20:08:59,1547.34
67,2022-07-11 20:10:28,1547.352
68,2022-07-11 20:11:56,1547.364
69,2022-07-11 20:13:25,1547.364
70,2022-07-11 20:14:54,1547.376
71,2022-07-11 20:16:23,1547.392
72,2022-07-11 20:17:52,1547.4
73,2022-07-11 20:19:20,1547.404
74,2022-07-11 20:20:49,1547.412
75,2022-07-11 20:22:18,1547.42
76,2022-07-11 20:23:47,1547.424
77,2022-07-11 20:25:16,1547.424
78,2022-07-11 20:26:44,1547.436
79,2022-07-11 20:28:13,1547.448
80,2022-07-11 20:29:42,1547.444
81,2022-07-11 20:31:11,1547.456
82,2022-07-11 20:32:39,1547.464
83,2022-07-11 20:34:08,1547.464
84,2022-07-11 20:35:37,1547.48
85,2022-07-11 20:37:06,1547.484
86,2022-07-11 20:38:35,1547.496
87,2022-07-11 20:40:04,1547.504
88,2022-07-11 20:41:32,1547.504
89,2022-07-11 20:43:01,1547.516
90,2022-07-11 20:44:30,1547.52
91,2022-07-11 20:45:59,1547.528
92,2022-07-11 20:47:28,1547.532
93,2022-07-11 20:48:56,1547.504
94,2022-07-11 20:50:25,1547.516
95,2022-07-11 20:51:54,1547.528
96,2022-07-11 20:53:23,1547.54
97,2022-07-11 20:54:52,1547.552
98,2022-07-11 20:56:20,1547.56
99,2022-07-11 20:57:49,1547.552
100,2022-07-11 20:59:18,1547.568
101,2022-07-11 21:00:47,1547.572
102,2022-07-11 21:02:16,1547.576
103,2022-07-11 21:03:44,1547.58
104,2022-07-11 21:05:13,1547.588
105,2022-07-11 21:06:42,1547.588
106,2022-07-11 21:08:11,1547.592
107,2022-07-11 21:09:40,1547.6
108,2022-07-11 21:11:09,1547.604
109,2022-07-11 21:12:37,1547.596
110,2022-07-11 21:14:06,1547.568
111,2022-07-11 21:15:35,1547.596
112,2022-07-11 21:17:04,1547.584
113,2022-07-11 21:18:33,1547.528
114,2022-07-11 21:20:02,1547.732
115,2022-07-11 21:21:30,1547.88
116,2022-07-11 21:22:59,1547.772
117,2022-07-11 21:24:28,1547.728
118,2022-07-11 21:25:57,1547.716
119,2022-07-11 21:27:26,1547.712
120,2022-07-11 21:28:55,1547.716
121,2022-07-11 21:30:23,1547.716
122,2022-07-11 21:31:52,1547.72
123,2022-07-11 21:33:21,1547.724
124,2022-07-11 21:34:50,1547.732
125,2022-07-11 21:36:19,1547.724
126,2022-07-11 21:37:48,1547.728
127,2022-07-11 21:39:17,1547.732
128,2022-07-11 21:40:45,1547.728
129,2022-07-11 21:42:14,1547.74
130,2022-07-11 21:43:43,1547.74
131,2022-07-11 21:45:12,1547.74
132,2022-07-11 21:46:41,1547.74
133,2022-07-11 21:48:10,1547.744
134,2022-07-11 21:49:39,1547.744
135,2022-07-11 21:51:07,1547.748
136,2022-07-11 21:52:36,1547.752
137,2022-07-11 21:54:05,1547.756
138,2022-07-11 21:55:34,1547.76
139,2022-07-11 21:57:03,1547.764
140,2022-07-11 21:58:32,1547.76
141,2022-07-11 22:00:01,1547.764
142,2022-07-11 22:01:29,1547.768
143,2022-07-11 22:02:58,1547.768
144,2022-07-11 22:04:27,1547.772
145,2022-07-11 22:05:56,1547.776
146,2022-07-11 22:07:25,1547.772
147,2022-07-11 22:08:54,1547.776
148,2022-07-11 22:10:23,1547.78
149,2022-07-11 22:11:52,1547.78
150,2022-07-11 22:13:20,1547.784
151,2022-07-11 22:14:49,1547.792
152,2022-07-11 22:16:18,1547.788
153,2022-07-11 22:17:47,1547.792
154,2022-07-11 22:19:16,1547.792
155,2022-07-11 22:20:45,1547.792
156,2022-07-11 22:22:14,1547.796
157,2022-07-11 22:23:43,1547.804
158,2022-07-11 22:25:11,1547.8
159,2022-07-11 22:26:40,1547.804
160,2022-07-11 22:28:09,1547.808
161,2022-07-11 22:29:38,1547.804
162,2022-07-11 22:31:07,1547.808
163,2022-07-11 22:32:36,1547.812
164,2022-07-11 22:34:05,1547.812
165,2022-07-11 22:35:34,1547.816
166,2022-07-11 22:37:03,1547.82
167,2022-07-11 22:38:31,1547.82
168,2022-07-11 22:40:00,1547.82
169,2022-07-11 22:41:29,1547.824
170,2022-07-11 22:42:58,1547.824
171,2022-07-11 22:44:27,1547.828
172,2022-07-11 22:45:56,1547.832
173,2022-07-11 22:47:25,1547.832
174,2022-07-11 22:48:54,1547.832
175,2022-07-11 22:50:23,1547.832
176,2022-07-11 22:51:52,1547.836
177,2022-07-11 22:53:20,1547.836
178,2022-07-11 22:54:49,1547.84
179,2022-07-11 22:56:18,1547.84
180,2022-07-11 22:57:47,1547.844
181,2022-07-11 22:59:16,1547.844
182,2022-07-11 23:00:45,1547.844
183,2022-07-11 23:02:24,1547.844
184,2022-07-11 23:03:53,1547.848
185,2022-07-11 23:05:22,1547.852
186,2022-07-11 23:06:51,1547.852
187,2022-07-11 23:08:20,1547.856
188,2022-07-11 23:09:57,1547.856
189,2022-07-11 23:11:26,1547.86
190,2022-07-11 23:12:55,1547.86
191,2022-07-11 23:14:28,1547.86
192,2022-07-11 23:15:56,1547.864
193,2022-07-11 23:17:25,1547.864
194,2022-07-11 23:19:01,1547.868
195,2022-07-11 23:20:30,1547.864
196,2022-07-11 23:22:03,1547.872
197,2022-07-11 23:23:32,1547.872
198,2022-07-11 23:25:00,1547.868
199,2022-07-11 23:26:33,1547.876
200,2022-07-11 23:28:05,1547.876
201,2022-07-11 23:29:34,1547.88
202,2022-07-11 23:31:03,1547.876
203,2022-07-11 23:32:32,1547.876
204,2022-07-11 23:34:05,1547.88
205,2022-07-11 23:35:34,1547.88
206,2022-07-11 23:37:03,1547.884
207,2022-07-11 23:38:35,1547.888
208,2022-07-11 23:40:12,1547.888
209,2022-07-11 23:41:41,1547.888
210,2022-07-11 23:43:17,1547.888
211,2022-07-11 23:44:46,1547.892
212,2022-07-11 23:46:15,1547.892
213,2022-07-11 23:47:44,1547.896
214,2022-07-11 23:49:13,1547.896
215,2022-07-11 23:50:45,1547.9
216,2022-07-11 23:52:14,1547.9
217,2022-07-11 23:53:43,1547.9
218,2022-07-11 23:55:12,1547.904
219,2022-07-11 23:56:41,1547.904
220,2022-07-11 23:58:13,1547.904
221,2022-07-11 23:59:42,1547.908
222,2022-07-12 00:01:11,1547.904
223,2022-07-12 00:02:40,1547.908
224,2022-07-12 00:04:09,1547.912
225,2022-07-12 00:05:38,1547.908
226,2022-07-12 00:07:11,1547.912
227,2022-07-12 00:08:40,1547.916
228,2022-07-12 00:10:09,1547.916
229,2022-07-12 00:11:38,1547.92
230,2022-07-12 00:13:07,1547.92
231,2022-07-12 00:14:46,1547.92
232,2022-07-12 00:16:15,1547.916
233,2022-07-12 00:17:44,1547.92
234,2022-07-12 00:19:12,1547.852
235,2022-07-12 00:20:46,1547.56
236,2022-07-12 00:22:18,1547.264
237,2022-07-12 00:23:47,1546.972
238,2022-07-12 00:25:16,1546.724
239,2022-07-12 00:26:45,1546.508
240,2022-07-12 00:28:14,1546.308
241,2022-07-12 00:29:43,1546.128
242,2022-07-12 00:31:19,1545.952
243,2022-07-12 00:32:48,1545.804
244,2022-07-12 00:34:17,1545.672
245,2022-07-12 00:35:46,1545.536
246,2022-07-12 00:37:15,1545.412
247,2022-07-12 00:38:54,1545.284
248,2022-07-12 00:40:23,1545.18
249,2022-07-12 00:41:52,1545.076
250,2022-07-12 00:43:21,1544.972
251,2022-07-12 00:44:50,1544.88
252,2022-07-12 00:46:19,1544.788
253,2022-07-12 00:47:48,1544.696
254,2022-07-12 00:49:17,1544.608
255,2022-07-12 00:50:46,1544.528
256,2022-07-12 00:52:15,1544.444
257,2022-07-12 00:53:44,1544.368
258,2022-07-12 00:55:13,1544.296
259,2022-07-12 00:56:42,1544.216
260,2022-07-12 00:58:11,1544.148
261,2022-07-12 00:59:40,1544.08
262,2022-07-12 01:01:09,1544.008
263,2022-07-12 01:02:38,1543.936
264,2022-07-12 01:04:07,1543.876
265,2022-07-12 01:05:36,1543.804
266,2022-07-12 01:07:05,1543.744
267,2022-07-12 01:08:34,1543.684
268,2022-07-12 01:10:03,1543.62
269,2022-07-12 01:11:32,1543.564
270,2022-07-12 01:13:01,1543.504
271,2022-07-12 01:14:30,1543.444
272,2022-07-12 01:15:59,1543.392
273,2022-07-12 01:17:28,1543.34
274,2022-07-12 01:18:57,1543.28
275,2022-07-12 01:20:26,1543.228
276,2022-07-12 01:21:55,1543.176
277,2022-07-12 01:23:24,1543.12
278,2022-07-12 01:24:53,1543.068
279,2022-07-12 01:26:22,1543.02
280,2022-07-12 01:27:51,1542.964
281,2022-07-12 01:29:20,1542.92
282,2022-07-12 01:30:49,1542.876
283,2022-07-12 01:32:18,1542.824
284,2022-07-12 01:33:47,1542.776
285,2022-07-12 01:35:16,1542.736
286,2022-07-12 01:36:45,1542.684
287,2022-07-12 01:38:14,1542.64
288,2022-07-12 01:39:43,1542.6
289,2022-07-12 01:41:12,1542.552
290,2022-07-12 01:42:41,1542.508
291,2022-07-12 01:44:11,1542.468
292,2022-07-12 01:45:40,1542.42
293,2022-07-12 01:47:09,1542.384
294,2022-07-12 01:48:38,1542.34
295,2022-07-12 01:50:07,1542.292
296,2022-07-12 01:51:36,1542.26
297,2022-07-12 01:53:05,1542.216
298,2022-07-12 01:54:34,1542.176
299,2022-07-12 01:56:03,1542.136
300,2022-07-12 01:57:32,1542.096
301,2022-07-12 01:59:01,1542.056
302,2022-07-12 02:00:30,1542.02
303,2022-07-12 02:01:59,1541.984
304,2022-07-12 02:03:28,1541.944
305,2022-07-12 02:04:57,1541.908
306,2022-07-12 02:06:26,1541.868
307,2022-07-12 02:07:55,1541.832
308,2022-07-12 02:09:24,1541.8
309,2022-07-12 02:10:53,1541.764
310,2022-07-12 02:12:22,1541.728
311,2022-07-12 02:13:51,1541.696
312,2022-07-12 02:15:20,1541.656
313,2022-07-12 02:16:49,1541.62
314,2022-07-12 02:18:18,1541.588
315,2022-07-12 02:19:47,1541.552
316,2022-07-12 02:21:17,1541.516
317,2022-07-12 02:22:46,1541.488
318,2022-07-12 02:24:15,1541.452
319,2022-07-12 02:25:44,1541.42
320,2022-07-12 02:27:13,1541.388
321,2022-07-12 02:28:42,1541.352
322,2022-07-12 02:30:19,1541.32
323,2022-07-12 02:31:48,1541.288
324,2022-07-12 02:33:20,1541.256
325,2022-07-12 02:34:52,1541.22
326,2022-07-12 02:36:21,1541.196
327,2022-07-12 02:37:54,1541.164
328,2022-07-12 02:39:23,1541.132
329,2022-07-12 02:40:52,1541.104
330,2022-07-12 02:42:21,1541.072
331,2022-07-12 02:43:50,1541.044
332,2022-07-12 02:45:23,1541.016
333,2022-07-12 02:46:59,1540.984
334,2022-07-12 02:48:28,1540.956
335,2022-07-12 02:50:01,1540.924
336,2022-07-12 02:51:30,1540.9
337,2022-07-12 02:52:59,1540.868
338,2022-07-12 02:54:31,1540.836
339,2022-07-12 02:56:01,1540.812
340,2022-07-12 02:57:30,1540.78
341,2022-07-12 02:58:59,1540.756
342,2022-07-12 03:00:28,1540.728
343,2022-07-12 03:02:07,1540.696
344,2022-07-12 03:03:36,1540.668
345,2022-07-12 03:05:09,1540.64
346,2022-07-12 03:06:38,1540.612
347,2022-07-12 03:08:07,1540.588
348,2022-07-12 03:09:43,1540.56
349,2022-07-12 03:11:16,1540.532
350,2022-07-12 03:12:45,1540.512
351,2022-07-12 03:14:14,1540.48
352,2022-07-12 03:15:43,1540.46
353,2022-07-12 03:17:12,1540.436
354,2022-07-12 03:18:48,1540.408
355,2022-07-12 03:20:20,1540.38
356,2022-07-12 03:21:49,1540.356
357,2022-07-12 03:23:19,1540.336
358,2022-07-12 03:24:48,1540.308
359,2022-07-12 03:26:27,1540.28
360,2022-07-12 03:27:56,1540.256
361,2022-07-12 03:29:25,1540.236
362,2022-07-12 03:30:54,1540.212
363,2022-07-12 03:32:23,1540.188
364,2022-07-12 03:34:00,1540.168
365,2022-07-12 03:35:36,1540.14
366,2022-07-12 03:37:05,1540.116
367,2022-07-12 03:38:38,1540.096
368,2022-07-12 03:40:07,1540.072
369,2022-07-12 03:41:36,1540.048
370,2022-07-12 03:43:12,1540.028
371,2022-07-12 03:44:41,1540.0
372,2022-07-12 03:46:10,1539.98
373,2022-07-12 03:47:39,1539.96
374,2022-07-12 03:49:08,1539.936
375,2022-07-12 03:50:37,1539.912
376,2022-07-12 03:52:06,1539.888
377,2022-07-12 03:53:35,1539.868
378,2022-07-12 03:55:05,1539.848
379,2022-07-12 03:56:34,1539.828
380,2022-07-12 03:58:10,1539.808
381,2022-07-12 03:59:39,1539.784
382,2022-07-12 04:01:08,1539.764
383,2022-07-12 04:02:41,1539.744
384,2022-07-12 04:04:10,1539.724
385,2022-07-12 04:05:42,1539.704
386,2022-07-12 04:07:15,1539.68
387,2022-07-12 04:08:44,1539.66
388,2022-07-12 04:10:17,1539.64
389,2022-07-12 04:11:46,1539.624
390,2022-07-12 04:13:15,1539.608
391,2022-07-12 04:14:48,1539.584
392,2022-07-12 04:16:17,1539.568
393,2022-07-12 04:17:46,1539.544
394,2022-07-12 04:19:15,1539.524
395,2022-07-12 04:20:44,1539.512
396,2022-07-12 04:22:13,1539.488
397,2022-07-12 04:23:42,1539.472
398,2022-07-12 04:25:12,1539.456
399,2022-07-12 04:26:41,1539.436
400,2022-07-12 04:28:10,1539.416
401,2022-07-12 04:29:39,1539.4
402,2022-07-12 04:31:08,1539.38
403,2022-07-12 04:32:38,1539.364
404,2022-07-12 04:34:07,1539.348
405,2022-07-12 04:35:36,1539.328
406,2022-07-12 04:37:05,1539.312
407,2022-07-12 04:38:34,1539.3
408,2022-07-12 04:40:04,1539.276
409,2022-07-12 04:41:33,1539.26
410,2022-07-12 04:43:02,1539.244
411,2022-07-12 04:44:31,1539.224
412,2022-07-12 04:46:00,1539.208
413,2022-07-12 04:47:30,1539.192
414,2022-07-12 04:48:59,1539.176
415,2022-07-12 04:50:28,1539.16
416,2022-07-12 04:51:57,1539.14
417,2022-07-12 04:53:26,1539.124
418,2022-07-12 04:54:55,1539.112
419,2022-07-12 04:56:25,1539.092
420,2022-07-12 04:57:54,1539.08
421,2022-07-12 04:59:23,1539.064
422,2022-07-12 05:00:52,1539.044
423,2022-07-12 05:02:21,1539.032
424,2022-07-12 05:03:51,1539.02
425,2022-07-12 05:05:20,1539.0
426,2022-07-12 05:06:49,1538.984
427,2022-07-12 05:08:18,1538.972
428,2022-07-12 05:09:47,1538.952
429,2022-07-12 05:11:17,1538.94
430,2022-07-12 05:12:46,1538.924
431,2022-07-12 05:14:15,1538.908
432,2022-07-12 05:15:44,1538.896
433,2022-07-12 05:17:13,1538.88
434,2022-07-12 05:18:43,1538.864
435,2022-07-12 05:20:12,1538.852
436,2022-07-12 05:21:41,1538.836
437,2022-07-12 05:23:10,1538.824
438,2022-07-12 05:24:39,1538.812
439,2022-07-12 05:26:09,1538.792
440,2022-07-12 05:27:38,1538.78
441,2022-07-12 05:29:07,1538.768
442,2022-07-12 05:30:36,1538.752
443,2022-07-12 05:32:05,1538.74
444,2022-07-12 05:33:35,1538.728
445,2022-07-12 05:35:04,1538.712
446,2022-07-12 05:36:33,1538.7
447,2022-07-12 05:38:02,1538.688
448,2022-07-12 05:39:32,1538.672
449,2022-07-12 05:41:01,1538.66
450,2022-07-12 05:42:30,1538.652
451,2022-07-12 05:43:59,1538.636
452,2022-07-12 05:45:28,1538.624
453,2022-07-12 05:46:58,1538.608
454,2022-07-12 05:48:27,1538.596
455,2022-07-12 05:49:56,1538.584
456,2022-07-12 05:51:25,1538.568
457,2022-07-12 05:52:55,1538.56
458,2022-07-12 05:54:24,1538.548
459,2022-07-12 05:55:53,1538.532
460,2022-07-12 05:57:22,1538.52
461,2022-07-12 05:58:51,1538.508
462,2022-07-12 06:00:21,1538.496
463,2022-07-12 06:01:53,1538.484
464,2022-07-12 06:03:22,1538.472
465,2022-07-12 06:04:51,1538.46
466,2022-07-12 06:06:27,1538.448
467,2022-07-12 06:07:56,1538.436
468,2022-07-12 06:09:29,1538.424
469,2022-07-12 06:10:58,1538.408
470,2022-07-12 06:12:27,1538.4
471,2022-07-12 06:14:07,1538.384
472,2022-07-12 06:15:36,1538.376
473,2022-07-12 06:17:05,1538.36
474,2022-07-12 06:18:34,1538.352
475,2022-07-12 06:20:04,1538.34
476,2022-07-12 06:21:37,1538.324
477,2022-07-12 06:23:06,1538.316
478,2022-07-12 06:24:35,1538.304
479,2022-07-12 06:26:04,1538.292
480,2022-07-12 06:27:33,1538.284
481,2022-07-12 06:29:03,1538.268
482,2022-07-12 06:30:42,1538.26
483,2022-07-12 06:32:11,1538.248
484,2022-07-12 06:33:41,1538.24
485,2022-07-12 06:35:10,1538.228
486,2022-07-12 06:36:39,1538.22
487,2022-07-12 06:38:12,1538.208
488,2022-07-12 06:39:44,1538.196
489,2022-07-12 06:41:13,1538.188
490,2022-07-12 06:42:43,1538.172
491,2022-07-12 06:44:12,1538.168
492,2022-07-12 06:45:48,1538.16
493,2022-07-12 06:47:17,1538.148
494,2022-07-12 06:48:46,1538.136
495,2022-07-12 06:50:16,1538.124
496,2022-07-12 06:51:45,1538.116
497,2022-07-12 06:53:14,1538.108
498,2022-07-12 06:54:50,1538.096
499,2022-07-12 06:56:19,1538.088
500,2022-07-12 06:57:52,1538.076
501,2022-07-12 06:59:21,1538.068
502,2022-07-12 07:00:51,1538.056
503,2022-07-12 07:02:30,1538.048
504,2022-07-12 07:03:59,1538.04
505,2022-07-12 07:05:29,1538.028
506,2022-07-12 07:06:58,1538.02
507,2022-07-12 07:08:27,1538.012
508,2022-07-12 07:10:02,1538.004
509,2022-07-12 07:11:35,1537.992
510,2022-07-12 07:13:04,1537.988
511,2022-07-12 07:14:37,1537.976
512,2022-07-12 07:16:07,1537.964
513,2022-07-12 07:17:36,1537.952
514,2022-07-12 07:19:12,1537.948
515,2022-07-12 07:20:45,1537.94
516,2022-07-12 07:22:14,1537.928
517,2022-07-12 07:23:43,1537.916
518,2022-07-12 07:25:12,1537.912
519,2022-07-12 07:26:45,1537.904
520,2022-07-12 07:28:14,1537.896
521,2022-07-12 07:29:44,1537.888
522,2022-07-12 07:31:13,1537.88
523,2022-07-12 07:32:42,1537.872
524,2022-07-12 07:34:19,1537.864
525,2022-07-12 07:35:48,1537.852
526,2022-07-12 07:37:17,1537.844
527,2022-07-12 07:38:46,1537.832
528,2022-07-12 07:40:21,1537.828
529,2022-07-12 07:41:51,1537.816
530,2022-07-12 07:43:23,1537.812
531,2022-07-12 07:44:53,1537.808
532,2022-07-12 07:46:25,1537.796
533,2022-07-12 07:47:55,1537.788
534,2022-07-12 07:49:24,1537.776
535,2022-07-12 07:50:53,1537.772
536,2022-07-12 07:52:23,1537.768
537,2022-07-12 07:53:52,1537.756
538,2022-07-12 07:55:21,1537.748
539,2022-07-12 07:56:50,1537.748
540,2022-07-12 07:58:20,1537.732
541,2022-07-12 07:59:49,1537.728
542,2022-07-12 08:01:18,1537.72
543,2022-07-12 08:02:48,1537.712
544,2022-07-12 08:04:17,1537.704
545,2022-07-12 08:05:46,1537.7
546,2022-07-12 08:07:16,1537.688
547,2022-07-12 08:08:45,1537.684
548,2022-07-12 08:10:14,1537.672
549,2022-07-12 08:11:44,1537.668
550,2022-07-12 08:13:13,1537.664
551,2022-07-12 08:14:42,1537.652
552,2022-07-12 08:16:12,1537.648
553,2022-07-12 08:17:41,1537.644
554,2022-07-12 08:19:10,1537.632
555,2022-07-12 08:20:39,1537.624
556,2022-07-12 08:22:09,1537.62
557,2022-07-12 08:23:38,1537.612
558,2022-07-12 08:25:07,1537.604
559,2022-07-12 08:26:37,1537.6
560,2022-07-12 08:28:06,1537.592
561,2022-07-12 08:29:35,1537.584
562,2022-07-12 08:31:05,1537.576
563,2022-07-12 08:32:34,1537.572
564,2022-07-12 08:34:03,1537.564
565,2022-07-12 08:35:33,1537.552
566,2022-07-12 08:37:02,1537.552
567,2022-07-12 08:38:31,1537.544
568,2022-07-12 08:40:01,1537.536
569,2022-07-12 08:41:30,1537.532
570,2022-07-12 08:43:00,1537.524
571,2022-07-12 08:44:29,1537.52
572,2022-07-12 08:45:58,1537.512
573,2022-07-12 08:47:27,1537.504
574,2022-07-12 08:48:57,1537.496
575,2022-07-12 08:50:26,1537.492
576,2022-07-12 08:51:55,1537.484
577,2022-07-12 08:53:25,1537.48
578,2022-07-12 08:54:54,1537.476
579,2022-07-12 08:56:24,1537.468
580,2022-07-12 08:57:53,1537.464
581,2022-07-12 08:59:22,1537.46
582,2022-07-12 09:00:52,1537.448
583,2022-07-12 09:02:21,1537.444
584,2022-07-12 09:03:51,1537.444
585,2022-07-12 09:05:20,1537.432
586,2022-07-12 09:06:49,1537.428
587,2022-07-12 09:08:19,1537.424
588,2022-07-12 09:09:48,1537.416
589,2022-07-12 09:11:17,1537.412
590,2022-07-12 09:12:47,1537.408
591,2022-07-12 09:14:16,1537.4
592,2022-07-12 09:15:46,1537.404
593,2022-07-12 09:17:15,1537.388
594,2022-07-12 09:18:44,1537.392
595,2022-07-12 09:20:14,1537.388
596,2022-07-12 09:21:43,1537.376
597,2022-07-12 09:23:12,1537.372
598,2022-07-12 09:24:42,1537.372
599,2022-07-12 09:26:11,1537.364
600,2022-07-12 09:27:40,1537.356
601,2022-07-12 09:29:10,1537.352
602,2022-07-12 09:30:39,1537.348
603,2022-07-12 09:32:09,1537.34
604,2022-07-12 09:33:50,1537.336
605,2022-07-12 09:35:19,1537.332
606,2022-07-12 09:36:49,1537.328
607,2022-07-12 09:38:18,1537.32
608,2022-07-12 09:39:47,1537.316
609,2022-07-12 09:41:23,1537.316
610,2022-07-12 09:42:56,1537.308
611,2022-07-12 09:44:25,1537.304
612,2022-07-12 09:45:57,1537.296
613,2022-07-12 09:47:27,1537.292
614,2022-07-12 09:48:56,1537.292
615,2022-07-12 09:50:32,1537.284
616,2022-07-12 09:52:01,1537.284
617,2022-07-12 09:53:34,1537.272
618,2022-07-12 09:55:03,1537.268
619,2022-07-12 09:56:33,1537.264
620,2022-07-12 09:58:12,1537.26
621,2022-07-12 09:59:42,1537.252
622,2022-07-12 10:01:11,1537.248
623,2022-07-12 10:02:40,1537.244
624,2022-07-12 10:04:13,1537.236
625,2022-07-12 10:05:46,1537.236
626,2022-07-12 10:07:18,1537.228
627,2022-07-12 10:08:47,1537.228
628,2022-07-12 10:10:20,1537.22
629,2022-07-12 10:11:49,1537.216
630,2022-07-12 10:13:19,1537.212
631,2022-07-12 10:14:51,1537.228
632,2022-07-12 10:16:21,1537.228
633,2022-07-12 10:17:53,1537.216
634,2022-07-12 10:19:22,1537.216
635,2022-07-12 10:20:52,1537.204
636,2022-07-12 10:22:24,1537.2
637,2022-07-12 10:23:57,1537.196
638,2022-07-12 10:25:27,1537.192
639,2022-07-12 10:26:56,1537.188
640,2022-07-12 10:28:25,1537.184
641,2022-07-12 10:30:01,1537.184
642,2022-07-12 10:31:34,1537.176
643,2022-07-12 10:33:03,1537.172
644,2022-07-12 10:34:36,1537.164
645,2022-07-12 10:36:05,1537.164
646,2022-07-12 10:37:35,1537.16
647,2022-07-12 10:39:07,1537.148
648,2022-07-12 10:40:37,1537.152
649,2022-07-12 10:42:10,1537.14
650,2022-07-12 10:43:39,1537.14
651,2022-07-12 10:45:09,1537.132
652,2022-07-12 10:46:41,1537.136
653,2022-07-12 10:48:11,1537.132
654,2022-07-12 10:49:40,1537.124
655,2022-07-12 10:51:09,1537.124
656,2022-07-12 10:52:39,1537.112
657,2022-07-12 10:54:15,1537.112
658,2022-07-12 10:55:48,1537.108
659,2022-07-12 10:57:17,1537.104
660,2022-07-12 10:58:50,1537.092
661,2022-07-12 11:00:19,1537.092
662,2022-07-12 11:01:49,1537.092
663,2022-07-12 11:03:25,1537.084
664,2022-07-12 11:04:54,1537.084
665,2022-07-12 11:06:27,1537.08
666,2022-07-12 11:07:56,1537.076
667,2022-07-12 11:09:26,1537.068
668,2022-07-12 11:11:05,1537.068
669,2022-07-12 11:12:38,1537.06
670,2022-07-12 11:14:08,1537.064
671,2022-07-12 11:15:38,1537.056
672,2022-07-12 11:17:07,1537.052
673,2022-07-12 11:18:43,1537.048
674,2022-07-12 11:20:13,1537.044
675,2022-07-12 11:21:42,1537.04
676,2022-07-12 11:23:12,1537.04
677,2022-07-12 11:24:49,1537.036
678,2022-07-12 11:26:19,1537.032
679,2022-07-12 11:27:48,1537.032
680,2022-07-12 11:29:18,1537.028
681,2022-07-12 11:30:47,1537.024
682,2022-07-12 11:32:17,1537.024
683,2022-07-12 11:33:46,1537.02
684,2022-07-12 11:35:16,1537.016
685,2022-07-12 11:36:45,1537.004
686,2022-07-12 11:38:14,1537.008
687,2022-07-12 11:39:44,1537.004
688,2022-07-12 11:41:13,1536.996
689,2022-07-12 11:42:43,1536.996
690,2022-07-12 11:44:12,1537.0
691,2022-07-12 11:45:42,1536.988
692,2022-07-12 11:47:11,1536.988
693,2022-07-12 11:48:41,1536.988
694,2022-07-12 11:50:10,1536.98
695,2022-07-12 11:51:40,1536.98
696,2022-07-12 11:53:09,1536.968
697,2022-07-12 11:54:39,1536.968
698,2022-07-12 11:56:08,1536.968
699,2022-07-12 11:57:38,1536.96
700,2022-07-12 11:59:07,1536.96
701,2022-07-12 12:00:37,1536.964
702,2022-07-12 12:02:06,1536.952
703,2022-07-12 12:03:36,1536.952
704,2022-07-12 12:05:05,1536.948
705,2022-07-12 12:06:35,1536.944
706,2022-07-12 12:08:04,1536.944
707,2022-07-12 12:09:34,1536.932
708,2022-07-12 12:11:04,1536.936
709,2022-07-12 12:12:33,1536.936
710,2022-07-12 12:14:03,1536.928
711,2022-07-12 12:15:32,1536.928
712,2022-07-12 12:17:02,1536.928
713,2022-07-12 12:18:31,1536.924
714,2022-07-12 12:20:01,1536.92
715,2022-07-12 12:21:30,1536.92
716,2022-07-12 12:23:00,1536.916
717,2022-07-12 12:24:29,1536.912
718,2022-07-12 12:25:59,1536.9
719,2022-07-12 12:27:28,1536.904
720,2022-07-12 12:28:58,1536.904
721,2022-07-12 12:30:27,1536.9
722,2022-07-12 12:31:57,1536.896
723,2022-07-12 12:33:26,1536.9
724,2022-07-12 12:34:56,1536.892
725,2022-07-12 12:36:25,1536.892
726,2022-07-12 12:37:55,1536.888
727,2022-07-12 12:39:24,1536.884
728,2022-07-12 12:40:54,1536.884
729,2022-07-12 12:42:23,1536.876
730,2022-07-12 12:43:53,1536.876
731,2022-07-12 12:45:22,1536.876
732,2022-07-12 12:46:52,1536.872
733,2022-07-12 12:48:22,1536.868
734,2022-07-12 12:49:51,1536.868
735,2022-07-12 12:51:21,1536.84
736,2022-07-12 12:52:50,1536.836
737,2022-07-12 12:54:20,1536.832
738,2022-07-12 12:55:49,1536.832
739,2022-07-12 12:57:19,1536.828
740,2022-07-12 12:58:48,1536.824
741,2022-07-12 13:00:18,1536.824
742,2022-07-12 13:01:47,1536.82
743,2022-07-12 13:03:17,1536.816
744,2022-07-12 13:04:47,1536.812
745,2022-07-12 13:06:16,1536.812
746,2022-07-12 13:07:56,1536.812
747,2022-07-12 13:09:26,1536.808
748,2022-07-12 13:11:03,1536.804
749,2022-07-12 13:12:33,1536.8
750,2022-07-12 13:14:02,1536.8
751,2022-07-12 13:15:32,1536.792
752,2022-07-12 13:17:01,1536.792
753,2022-07-12 13:18:31,1536.792
754,2022-07-12 13:20:00,1536.788
755,2022-07-12 13:21:30,1536.788
756,2022-07-12 13:22:59,1536.788
757,2022-07-12 13:24:29,1536.78
758,2022-07-12 13:25:58,1536.776
759,2022-07-12 13:27:28,1536.78
760,2022-07-12 13:28:58,1536.776
761,2022-07-12 13:30:27,1536.776
762,2022-07-12 13:31:57,1536.768
763,2022-07-12 13:33:26,1536.768
764,2022-07-12 13:34:56,1536.772
765,2022-07-12 13:36:25,1536.768
766,2022-07-12 13:37:55,1536.764
767,2022-07-12 13:39:25,1536.768
768,2022-07-12 13:40:54,1536.764
769,2022-07-12 13:42:24,1536.76
770,2022-07-12 13:43:53,1536.76
771,2022-07-12 13:45:23,1536.756
772,2022-07-12 13:46:52,1536.756
773,2022-07-12 13:48:22,1536.748
774,2022-07-12 13:49:52,1536.748
775,2022-07-12 13:51:21,1536.748
776,2022-07-12 13:52:51,1536.744
777,2022-07-12 13:54:20,1536.732
778,2022-07-12 13:55:50,1536.74
779,2022-07-12 13:57:19,1536.736
780,2022-07-12 13:58:49,1536.74
781,2022-07-12 14:00:19,1536.728
782,2022-07-12 14:01:48,1536.732
783,2022-07-12 14:03:18,1536.728
784,2022-07-12 14:04:47,1536.728
785,2022-07-12 14:06:17,1536.732
786,2022-07-12 14:07:46,1536.724
787,2022-07-12 14:09:16,1536.72
788,2022-07-12 14:10:46,1536.72
789,2022-07-12 14:12:15,1536.72
790,2022-07-12 14:13:45,1536.716
791,2022-07-12 14:15:14,1536.716
792,2022-07-12 14:16:44,1536.712
793,2022-07-12 14:18:13,1536.704
794,2022-07-12 14:19:43,1536.696
795,2022-07-12 14:21:13,1536.704
796,2022-07-12 14:22:42,1536.708
797,2022-07-12 14:24:12,1536.708
798,2022-07-12 14:25:42,1536.704
799,2022-07-12 14:27:11,1536.7
800,2022-07-12 14:28:41,1536.708
801,2022-07-12 14:30:10,1536.708
802,2022-07-12 14:31:40,1536.704
803,2022-07-12 14:33:10,1536.7
804,2022-07-12 14:34:39,1536.696
805,2022-07-12 14:36:09,1536.692
806,2022-07-12 14:37:39,1536.688
807,2022-07-12 14:39:08,1536.688
808,2022-07-12 14:40:38,1536.684
809,2022-07-12 14:42:08,1536.684
810,2022-07-12 14:43:37,1536.684
811,2022-07-12 14:45:07,1536.68
812,2022-07-12 14:46:36,1536.68
813,2022-07-12 14:48:06,1536.676
814,2022-07-12 14:49:35,1536.672
815,2022-07-12 14:51:05,1536.672
816,2022-07-12 14:52:35,1536.672
817,2022-07-12 14:54:04,1536.668
818,2022-07-12 14:55:34,1536.664
819,2022-07-12 14:57:04,1536.664
820,2022-07-12 14:58:33,1536.66
821,2022-07-12 15:00:03,1536.66
822,2022-07-12 15:01:33,1536.656
823,2022-07-12 15:03:02,1536.656
824,2022-07-12 15:04:32,1536.656
825,2022-07-12 15:06:01,1536.652
826,2022-07-12 15:07:31,1536.652
827,2022-07-12 15:09:01,1536.648
828,2022-07-12 15:10:30,1536.644
829,2022-07-12 15:12:00,1536.644
830,2022-07-12 15:13:30,1536.644
831,2022-07-12 15:14:59,1536.644
832,2022-07-12 15:16:29,1536.64
833,2022-07-12 15:17:58,1536.636
834,2022-07-12 15:19:28,1536.636
835,2022-07-12 15:20:58,1536.636
836,2022-07-12 15:22:27,1536.632
837,2022-07-12 15:23:57,1536.632
838,2022-07-12 15:25:27,1536.628
839,2022-07-12 15:26:56,1536.628
840,2022-07-12 15:28:26,1536.628
841,2022-07-12 15:29:56,1536.624
842,2022-07-12 15:31:25,1536.624
843,2022-07-12 15:32:55,1536.62
844,2022-07-12 15:34:25,1536.62
845,2022-07-12 15:35:54,1536.62
846,2022-07-12 15:37:24,1536.616
847,2022-07-12 15:38:54,1536.616
848,2022-07-12 15:40:23,1536.616
849,2022-07-12 15:41:53,1536.612
850,2022-07-12 15:43:23,1536.608
851,2022-07-12 15:44:52,1536.608
852,2022-07-12 15:46:22,1536.608
853,2022-07-12 15:47:52,1536.604
854,2022-07-12 15:49:21,1536.604
855,2022-07-12 15:50:51,1536.604
856,2022-07-12 15:52:21,1536.604
857,2022-07-12 15:53:50,1536.6
858,2022-07-12 15:55:20,1536.596
859,2022-07-12 15:56:50,1536.596
860,2022-07-12 15:58:20,1536.596
861,2022-07-12 15:59:49,1536.592
862,2022-07-12 16:01:19,1536.592
863,2022-07-12 16:02:49,1536.588
864,2022-07-12 16:04:18,1536.592
865,2022-07-12 16:05:48,1536.588
866,2022-07-12 16:07:18,1536.588
867,2022-07-12 16:08:47,1536.596
868,2022-07-12 16:10:17,1536.592
869,2022-07-12 16:11:47,1536.592
870,2022-07-12 16:13:16,1536.492
871,2022-07-12 16:14:46,1536.516
872,2022-07-12 16:16:16,1536.516
873,2022-07-12 16:17:45,1536.508
874,2022-07-12 16:19:15,1536.508
875,2022-07-12 16:20:45,1536.508
876,2022-07-12 16:22:14,1536.5
877,2022-07-12 16:23:44,1536.492
878,2022-07-12 16:25:14,1536.492
879,2022-07-12 16:26:44,1536.488
880,2022-07-12 16:28:13,1536.488
881,2022-07-12 16:29:43,1536.484
882,2022-07-12 16:31:12,1536.484
883,2022-07-12 16:32:42,1536.484
884,2022-07-12 16:34:12,1536.476
885,2022-07-12 16:35:41,1536.476
886,2022-07-12 16:37:11,1536.472
887,2022-07-12 16:38:41,1536.468
888,2022-07-12 16:40:12,1536.472
889,2022-07-12 16:41:42,1536.464
890,2022-07-12 16:43:12,1536.468
891,2022-07-12 16:44:41,1536.464
892,2022-07-12 16:46:19,1536.464
893,2022-07-12 16:47:49,1536.46
894,2022-07-12 16:49:18,1536.464
895,2022-07-12 16:50:48,1536.46
896,2022-07-12 16:52:18,1536.456
897,2022-07-12 16:53:47,1536.456
898,2022-07-12 16:55:17,1536.456
899,2022-07-12 16:56:47,1536.452
900,2022-07-12 16:58:16,1536.452
901,2022-07-12 16:59:46,1536.452
902,2022-07-12 17:01:16,1536.448
903,2022-07-12 17:02:45,1536.452
904,2022-07-12 17:04:15,1536.444
905,2022-07-12 17:05:45,1536.448
906,2022-07-12 17:07:15,1536.444
907,2022-07-12 17:08:44,1536.444
908,2022-07-12 17:10:14,1536.444
909,2022-07-12 17:11:44,1536.436
910,2022-07-12 17:13:13,1536.44
911,2022-07-12 17:14:43,1536.44
912,2022-07-12 17:16:13,1536.436
913,2022-07-12 17:17:43,1536.436
914,2022-07-12 17:19:12,1536.436
915,2022-07-12 17:20:42,1536.432
916,2022-07-12 17:22:12,1536.436
917,2022-07-12 17:23:41,1536.432
918,2022-07-12 17:25:11,1536.428
919,2022-07-12 17:26:41,1536.432
920,2022-07-12 17:28:11,1536.424
921,2022-07-12 17:29:40,1536.428
922,2022-07-12 17:31:10,1536.428
923,2022-07-12 17:32:40,1536.424
924,2022-07-12 17:34:09,1536.424
925,2022-07-12 17:35:39,1536.42
926,2022-07-12 17:37:09,1536.42
927,2022-07-12 17:38:39,1536.42
928,2022-07-12 17:40:08,1536.416
929,2022-07-12 17:41:38,1536.42
930,2022-07-12 17:43:08,1536.42
931,2022-07-12 17:44:37,1536.416
932,2022-07-12 17:46:07,1536.424
933,2022-07-12 17:47:37,1536.444
934,2022-07-12 17:49:07,1536.444
935,2022-07-12 17:50:36,1536.444
936,2022-07-12 17:52:06,1536.436
937,2022-07-12 17:53:36,1536.44
938,2022-07-12 17:55:05,1536.44
939,2022-07-12 17:56:35,1536.436
940,2022-07-12 17:58:05,1536.44
941,2022-07-12 17:59:35,1536.436
942,2022-07-12 18:01:04,1536.436
943,2022-07-12 18:02:34,1536.436
944,2022-07-12 18:04:04,1536.432
945,2022-07-12 18:05:34,1536.436
946,2022-07-12 18:07:03,1536.432
947,2022-07-12 18:08:33,1536.428
948,2022-07-12 18:10:03,1536.432
949,2022-07-12 18:11:33,1536.432
950,2022-07-12 18:13:02,1536.432
951,2022-07-12 18:14:32,1536.432
952,2022-07-12 18:16:02,1536.428
953,2022-07-12 18:17:31,1536.428
954,2022-07-12 18:19:01,1536.428
955,2022-07-12 18:20:31,1536.424
956,2022-07-12 18:22:01,1536.424
957,2022-07-12 18:23:31,1536.42
958,2022-07-12 18:25:00,1536.428
959,2022-07-12 18:26:30,1536.42
960,2022-07-12 18:28:00,1536.42
961,2022-07-12 18:29:30,1536.424
962,2022-07-12 18:31:00,1536.42
963,2022-07-12 18:32:30,1536.42
964,2022-07-12 18:33:59,1536.42
965,2022-07-12 18:35:29,1536.416
966,2022-07-12 18:36:59,1536.416
967,2022-07-12 18:38:29,1536.42
968,2022-07-12 18:40:07,1536.416
969,2022-07-12 18:41:37,1536.416
970,2022-07-12 18:43:07,1536.416
971,2022-07-12 18:44:36,1536.416
972,2022-07-12 18:46:06,1536.416
973,2022-07-12 18:47:36,1536.412
974,2022-07-12 18:49:05,1536.412
975,2022-07-12 18:50:35,1536.408
976,2022-07-12 18:52:05,1536.412
977,2022-07-12 18:53:35,1536.408
978,2022-07-12 18:55:04,1536.408
979,2022-07-12 18:56:34,1536.412
980,2022-07-12 18:58:04,1536.408
981,2022-07-12 18:59:34,1536.408
982,2022-07-12 19:01:04,1536.408
983,2022-07-12 19:02:33,1536.404
984,2022-07-12 19:04:03,1536.412
985,2022-07-12 19:05:33,1536.408
986,2022-07-12 19:07:02,1536.408
987,2022-07-12 19:08:32,1536.408
988,2022-07-12 19:10:11,1536.408
989,2022-07-12 19:11:41,1536.408
990,2022-07-12 19:13:11,1536.404
991,2022-07-12 19:14:40,1536.408
992,2022-07-12 19:16:10,1536.404
993,2022-07-12 19:17:40,1536.404
994,2022-07-12 19:19:10,1536.408
995,2022-07-12 19:20:39,1536.404
996,2022-07-12 19:22:09,1536.404
997,2022-07-12 19:23:39,1536.4
998,2022-07-12 19:25:09,1536.4
999,2022-07-12 19:26:38,1536.4
1000,2022-07-12 19:28:08,1536.4
1001,2022-07-12 19:29:38,1536.4
1002,2022-07-12 19:31:08,1536.4
1003,2022-07-12 19:32:38,1536.396
1004,2022-07-12 19:34:08,1536.396
1005,2022-07-12 19:35:38,1536.396
1006,2022-07-12 19:37:07,1536.396
1007,2022-07-12 19:38:37,1536.396
1008,2022-07-12 19:40:16,1536.392
1009,2022-07-12 19:41:45,1536.396
1010,2022-07-12 19:43:15,1536.388
1011,2022-07-12 19:44:45,1536.392
1012,2022-07-12 19:46:15,1536.392
1013,2022-07-12 19:47:45,1536.388
1014,2022-07-12 19:49:15,1536.392
1015,2022-07-12 19:50:44,1536.388
1016,2022-07-12 19:52:14,1536.388
1017,2022-07-12 19:53:44,1536.388
1018,2022-07-12 19:55:14,1536.384
1019,2022-07-12 19:56:44,1536.384
1020,2022-07-12 19:58:13,1536.384
1021,2022-07-12 19:59:43,1536.38
1022,2022-07-12 20:01:13,1536.38
1023,2022-07-12 20:02:43,1536.38
1024,2022-07-12 20:04:13,1536.38
1025,2022-07-12 20:05:43,1536.376
1026,2022-07-12 20:07:12,1536.376
1027,2022-07-12 20:08:42,1536.38
1028,2022-07-12 20:10:21,1536.376
1029,2022-07-12 20:11:51,1536.372
1030,2022-07-12 20:13:20,1536.372
1031,2022-07-12 20:14:50,1536.376
1032,2022-07-12 20:16:20,1536.372
1033,2022-07-12 20:17:50,1536.372
1034,2022-07-12 20:19:20,1536.372
1035,2022-07-12 20:20:50,1536.372
1036,2022-07-12 20:22:19,1536.372
1037,2022-07-12 20:23:49,1536.368
1038,2022-07-12 20:25:19,1536.368
1039,2022-07-12 20:26:49,1536.372
1040,2022-07-12 20:28:19,1536.368
1041,2022-07-12 20:29:49,1536.368
1042,2022-07-12 20:31:19,1536.372
1043,2022-07-12 20:32:49,1536.368
1044,2022-07-12 20:34:19,1536.368
1045,2022-07-12 20:35:48,1536.368
1046,2022-07-12 20:37:18,1536.368
1047,2022-07-12 20:38:48,1536.368
1048,2022-07-12 20:40:26,1536.368
1049,2022-07-12 20:41:56,1536.364
1050,2022-07-12 20:43:26,1536.368
1051,2022-07-12 20:44:56,1536.368
1052,2022-07-12 20:46:26,1536.364
1053,2022-07-12 20:47:55,1536.364
1054,2022-07-12 20:49:25,1536.368
1055,2022-07-12 20:50:55,1536.364
1056,2022-07-12 20:52:25,1536.364
1057,2022-07-12 20:53:55,1536.364
1058,2022-07-12 20:55:25,1536.364
1059,2022-07-12 20:56:55,1536.364
1060,2022-07-12 20:58:24,1536.364
1061,2022-07-12 20:59:54,1536.364
1062,2022-07-12 21:01:24,1536.364
1063,2022-07-12 21:02:54,1536.364
1064,2022-07-12 21:04:24,1536.364
1065,2022-07-12 21:05:54,1536.364
1066,2022-07-12 21:07:24,1536.364
1067,2022-07-12 21:08:54,1536.364
1068,2022-07-12 21:10:32,1536.36
1069,2022-07-12 21:12:02,1536.36
1070,2022-07-12 21:13:32,1536.36
1071,2022-07-12 21:15:02,1536.36
1072,2022-07-12 21:16:31,1536.36
1073,2022-07-12 21:18:01,1536.36
1074,2022-07-12 21:19:31,1536.36
1075,2022-07-12 21:21:01,1536.356
1076,2022-07-12 21:22:31,1536.356
1077,2022-07-12 21:24:01,1536.356
1078,2022-07-12 21:25:31,1536.356
1079,2022-07-12 21:27:00,1536.356
1080,2022-07-12 21:28:30,1536.356
1081,2022-07-12 21:30:00,1536.352
1082,2022-07-12 21:31:30,1536.352
1083,2022-07-12 21:33:00,1536.352
1084,2022-07-12 21:34:30,1536.352
1085,2022-07-12 21:36:00,1536.352
1086,2022-07-12 21:37:30,1536.352
1087,2022-07-12 21:39:00,1536.352
1088,2022-07-12 21:40:38,1536.352
1089,2022-07-12 21:42:08,1536.352
1090,2022-07-12 21:43:38,1536.348
1091,2022-07-12 21:45:07,1536.352
1092,2022-07-12 21:46:37,1536.348
1093,2022-07-12 21:48:07,1536.348
1094,2022-07-12 21:49:37,1536.348
1095,2022-07-12 21:51:07,1536.348
1096,2022-07-12 21:52:37,1536.348
1097,2022-07-12 21:54:07,1536.344
1098,2022-07-12 21:55:37,1536.348
1099,2022-07-12 21:57:06,1536.344
1100,2022-07-12 21:58:36,1536.344
1101,2022-07-12 22:00:06,1536.344
1102,2022-07-12 22:01:36,1536.344
1103,2022-07-12 22:03:06,1536.344
1104,2022-07-12 22:04:36,1536.344
1105,2022-07-12 22:06:06,1536.34
1106,2022-07-12 22:07:36,1536.34
1107,2022-07-12 22:09:06,1536.34
1108,2022-07-12 22:10:44,1536.34
1109,2022-07-12 22:12:14,1536.34
1110,2022-07-12 22:13:44,1536.34
1111,2022-07-12 22:15:14,1536.34
1112,2022-07-12 22:16:44,1536.34
1113,2022-07-12 22:18:13,1536.336
1114,2022-07-12 22:19:43,1536.336
1115,2022-07-12 22:21:13,1536.336
1116,2022-07-12 22:22:43,1536.336
1117,2022-07-12 22:24:13,1536.336
1118,2022-07-12 22:25:43,1536.336
1119,2022-07-12 22:27:13,1536.336
1120,2022-07-12 22:28:43,1536.336
1121,2022-07-12 22:30:13,1536.332
1122,2022-07-12 22:31:43,1536.332
1123,2022-07-12 22:33:13,1536.332
1124,2022-07-12 22:34:43,1536.332
1125,2022-07-12 22:36:13,1536.332
1126,2022-07-12 22:37:43,1536.332
1127,2022-07-12 22:39:13,1536.332
1128,2022-07-12 22:40:51,1536.332
1129,2022-07-12 22:42:21,1536.332
1130,2022-07-12 22:43:51,1536.328
1131,2022-07-12 22:45:21,1536.328
1132,2022-07-12 22:46:51,1536.328
1133,2022-07-12 22:48:20,1536.328
1134,2022-07-12 22:49:50,1536.328
1135,2022-07-12 22:51:20,1536.328
1136,2022-07-12 22:52:50,1536.328
1137,2022-07-12 22:54:20,1536.328
1138,2022-07-12 22:55:50,1536.328
1139,2022-07-12 22:57:20,1536.324
1140,2022-07-12 22:58:50,1536.328
1141,2022-07-12 23:00:20,1536.328
1142,2022-07-12 23:01:50,1536.324
1143,2022-07-12 23:03:20,1536.324
1144,2022-07-12 23:04:50,1536.324
1145,2022-07-12 23:06:20,1536.324
1146,2022-07-12 23:07:50,1536.324
1147,2022-07-12 23:09:20,1536.324
1148,2022-07-12 23:10:58,1536.324
1149,2022-07-12 23:12:28,1536.324
1150,2022-07-12 23:13:58,1536.324
1151,2022-07-12 23:15:27,1536.32
1152,2022-07-12 23:16:57,1536.32
1153,2022-07-12 23:18:27,1536.32
1154,2022-07-12 23:19:57,1536.32
1155,2022-07-12 23:21:27,1536.32
1156,2022-07-12 23:22:57,1536.32
1157,2022-07-12 23:24:27,1536.32
1158,2022-07-12 23:25:57,1536.32
1159,2022-07-12 23:27:27,1536.32
1160,2022-07-12 23:28:57,1536.316
1161,2022-07-12 23:30:27,1536.32
1162,2022-07-12 23:31:57,1536.32
1163,2022-07-12 23:33:27,1536.316
1164,2022-07-12 23:34:57,1536.316
1165,2022-07-12 23:36:27,1536.316
1166,2022-07-12 23:37:57,1536.32
1167,2022-07-12 23:39:27,1536.316
1168,2022-07-12 23:41:05,1536.316
1169,2022-07-12 23:42:35,1536.316
1170,2022-07-12 23:44:05,1536.316
1171,2022-07-12 23:45:35,1536.316
1172,2022-07-12 23:47:06,1536.312
1173,2022-07-12 23:48:36,1536.312
1174,2022-07-12 23:50:06,1536.312
1175,2022-07-12 23:51:36,1536.312
1176,2022-07-12 23:53:06,1536.312
1177,2022-07-12 23:54:36,1536.312
1178,2022-07-12 23:56:06,1536.312
1179,2022-07-12 23:57:36,1536.312
1180,2022-07-12 23:59:06,1536.312
1181,2022-07-13 00:00:36,1536.308
1182,2022-07-13 00:02:06,1536.308
1183,2022-07-13 00:03:36,1536.308
1184,2022-07-13 00:05:06,1536.308
1185,2022-07-13 00:06:36,1536.308
1186,2022-07-13 00:08:06,1536.308
1187,2022-07-13 00:09:36,1536.308
1188,2022-07-13 00:11:14,1536.308
1189,2022-07-13 00:12:44,1536.308
1190,2022-07-13 00:14:14,1536.308
1191,2022-07-13 00:15:44,1536.308
1192,2022-07-13 00:17:14,1536.308
1193,2022-07-13 00:18:44,1536.304
1194,2022-07-13 00:20:14,1536.304
1195,2022-07-13 00:21:44,1536.304
1196,2022-07-13 00:23:14,1536.304
1197,2022-07-13 00:24:44,1536.304
1198,2022-07-13 00:26:14,1536.304
1199,2022-07-13 00:27:44,1536.304
1200,2022-07-13 00:29:14,1536.304
1201,2022-07-13 00:30:44,1536.304
1202,2022-07-13 00:32:14,1536.304
1203,2022-07-13 00:33:44,1536.304
1204,2022-07-13 00:35:14,1536.304
1205,2022-07-13 00:36:44,1536.304
1206,2022-07-13 00:38:14,1536.304
1207,2022-07-13 00:39:44,1536.3
1208,2022-07-13 00:41:21,1536.3
1209,2022-07-13 00:42:51,1536.304
1210,2022-07-13 00:44:21,1536.3
1211,2022-07-13 00:45:51,1536.3
1212,2022-07-13 00:47:21,1536.3
1213,2022-07-13 00:48:51,1536.3
1214,2022-07-13 00:50:21,1536.3
1215,2022-07-13 00:51:55,1536.3
1216,2022-07-13 00:53:25,1536.3
1217,2022-07-13 00:54:55,1536.3
1218,2022-07-13 00:56:25,1536.3
1219,2022-07-13 00:57:55,1536.3
1220,2022-07-13 00:59:25,1536.296
1221,2022-07-13 01:00:55,1536.296
1222,2022-07-13 01:02:25,1536.296
1223,2022-07-13 01:03:55,1536.3
1224,2022-07-13 01:05:25,1536.296
1225,2022-07-13 01:06:55,1536.296
1226,2022-07-13 01:08:25,1536.296
1227,2022-07-13 01:09:55,1536.296
1228,2022-07-13 01:11:32,1536.296
1229,2022-07-13 01:13:02,1536.296
1230,2022-07-13 01:14:32,1536.296
1231,2022-07-13 01:16:02,1536.296
1232,2022-07-13 01:17:32,1536.296
1233,2022-07-13 01:19:02,1536.296
1234,2022-07-13 01:20:32,1536.296
1235,2022-07-13 01:22:03,1536.292
1236,2022-07-13 01:23:33,1536.296
1237,2022-07-13 01:25:03,1536.292
1238,2022-07-13 01:26:33,1536.292
1239,2022-07-13 01:28:03,1536.292
1240,2022-07-13 01:29:33,1536.292
1241,2022-07-13 01:31:03,1536.292
1242,2022-07-13 01:32:33,1536.292
1243,2022-07-13 01:34:03,1536.292
1244,2022-07-13 01:35:33,1536.292
1245,2022-07-13 01:37:03,1536.292
1246,2022-07-13 01:38:33,1536.292
1247,2022-07-13 01:40:03,1536.292
1248,2022-07-13 01:41:40,1536.292
1249,2022-07-13 01:43:10,1536.288
1250,2022-07-13 01:44:40,1536.288
1251,2022-07-13 01:46:10,1536.288
1252,2022-07-13 01:47:40,1536.288
1253,2022-07-13 01:49:10,1536.288
1254,2022-07-13 01:50:40,1536.288
1255,2022-07-13 01:52:11,1536.288
1256,2022-07-13 01:53:41,1536.288
1257,2022-07-13 01:55:11,1536.288
1258,2022-07-13 01:56:41,1536.288
1259,2022-07-13 01:58:11,1536.288
1260,2022-07-13 01:59:41,1536.288
1261,2022-07-13 02:01:11,1536.288
1262,2022-07-13 02:02:41,1536.288
1263,2022-07-13 02:04:11,1536.288
1264,2022-07-13 02:05:41,1536.288
1265,2022-07-13 02:07:11,1536.284
1266,2022-07-13 02:08:41,1536.288
1267,2022-07-13 02:10:11,1536.284
1268,2022-07-13 02:11:49,1536.284
1269,2022-07-13 02:13:19,1536.284
1270,2022-07-13 02:14:49,1536.284
1271,2022-07-13 02:16:19,1536.284
1272,2022-07-13 02:17:49,1536.284
1273,2022-07-13 02:19:19,1536.284
1274,2022-07-13 02:20:49,1536.284
1275,2022-07-13 02:22:19,1536.284
1276,2022-07-13 02:23:49,1536.284
1277,2022-07-13 02:25:19,1536.284
1278,2022-07-13 02:26:50,1536.284
1279,2022-07-13 02:28:20,1536.284
1280,2022-07-13 02:29:50,1536.284
1281,2022-07-13 02:31:20,1536.284
1282,2022-07-13 02:32:50,1536.28
1283,2022-07-13 02:34:20,1536.284
1284,2022-07-13 02:35:50,1536.28
1285,2022-07-13 02:37:21,1536.28
1286,2022-07-13 02:38:51,1536.28
1287,2022-07-13 02:40:21,1536.28
1288,2022-07-13 02:41:57,1536.28
1289,2022-07-13 02:43:27,1536.28
1290,2022-07-13 02:44:57,1536.28
1291,2022-07-13 02:46:28,1536.28
1292,2022-07-13 02:47:58,1536.28
1293,2022-07-13 02:49:28,1536.28
1294,2022-07-13 02:50:58,1536.28
1295,2022-07-13 02:52:28,1536.28
1296,2022-07-13 02:53:58,1536.28
1297,2022-07-13 02:55:28,1536.28
1298,2022-07-13 02:56:58,1536.28
1299,2022-07-13 02:58:28,1536.276
1300,2022-07-13 02:59:58,1536.28
1301,2022-07-13 03:01:28,1536.276
1302,2022-07-13 03:02:59,1536.276
1303,2022-07-13 03:04:29,1536.276
1304,2022-07-13 03:05:59,1536.276
1305,2022-07-13 03:07:29,1536.276
1306,2022-07-13 03:08:59,1536.276
1307,2022-07-13 03:10:29,1536.276
1308,2022-07-13 03:12:06,1536.276
1309,2022-07-13 03:13:36,1536.276
1310,2022-07-13 03:15:06,1536.276
1311,2022-07-13 03:16:36,1536.276
1312,2022-07-13 03:18:06,1536.276
1313,2022-07-13 03:19:36,1536.276
1314,2022-07-13 03:21:07,1536.276
1315,2022-07-13 03:22:37,1536.272
1316,2022-07-13 03:24:07,1536.272
1317,2022-07-13 03:25:37,1536.276
1318,2022-07-13 03:27:07,1536.276
1319,2022-07-13 03:28:37,1536.272
1320,2022-07-13 03:30:07,1536.272
1321,2022-07-13 03:31:37,1536.272
1322,2022-07-13 03:33:08,1536.276
1323,2022-07-13 03:34:38,1536.272
1324,2022-07-13 03:36:08,1536.272
1325,2022-07-13 03:37:38,1536.272
1326,2022-07-13 03:39:08,1536.272
1327,2022-07-13 03:40:38,1536.272
1328,2022-07-13 03:42:15,1536.272
1329,2022-07-13 03:43:53,1536.272
1330,2022-07-13 03:45:26,1536.272
1331,2022-07-13 03:46:56,1536.272
1332,2022-07-13 03:48:29,1536.272
1333,2022-07-13 03:50:00,1536.272
1334,2022-07-13 03:51:30,1536.272
1335,2022-07-13 03:53:08,1536.272
1336,2022-07-13 03:54:38,1536.272
1337,2022-07-13 03:56:12,1536.272
1338,2022-07-13 03:57:42,1536.272
1339,2022-07-13 03:59:12,1536.272
1340,2022-07-13 04:00:49,1536.272
1341,2022-07-13 04:02:19,1536.272
1342,2022-07-13 04:03:50,1536.272
1343,2022-07-13 04:05:20,1536.272
1344,2022-07-13 04:06:53,1536.272
1345,2022-07-13 04:08:27,1536.268
1346,2022-07-13 04:10:01,1536.272
1347,2022-07-13 04:11:31,1536.268
1348,2022-07-13 04:13:05,1536.268
1349,2022-07-13 04:14:35,1536.268
1350,2022-07-13 04:16:06,1536.268
1351,2022-07-13 04:17:40,1536.268
1352,2022-07-13 04:19:10,1536.268
1353,2022-07-13 04:20:47,1536.268
1354,2022-07-13 04:22:17,1536.268
1355,2022-07-13 04:23:47,1536.268
1356,2022-07-13 04:25:24,1536.268
1357,2022-07-13 04:26:54,1536.268
1358,2022-07-13 04:28:24,1536.268
1359,2022-07-13 04:29:55,1536.268
1360,2022-07-13 04:31:25,1536.268
1361,2022-07-13 04:33:06,1536.268
1362,2022-07-13 04:34:39,1536.268
1363,2022-07-13 04:36:09,1536.268
1364,2022-07-13 04:37:45,1536.268
1365,2022-07-13 04:39:16,1536.268
1366,2022-07-13 04:40:46,1536.268
1367,2022-07-13 04:42:23,1536.268
1368,2022-07-13 04:43:53,1536.268
1369,2022-07-13 04:45:30,1536.268
1370,2022-07-13 04:47:00,1536.264
1371,2022-07-13 04:48:30,1536.268
1372,2022-07-13 04:50:07,1536.268
1373,2022-07-13 04:51:37,1536.268
1374,2022-07-13 04:53:08,1536.268
1375,2022-07-13 04:54:38,1536.264
1376,2022-07-13 04:56:08,1536.264
1377,2022-07-13 04:57:49,1536.264
1378,2022-07-13 04:59:19,1536.264
1379,2022-07-13 05:00:50,1536.264
1380,2022-07-13 05:02:24,1536.264
1381,2022-07-13 05:03:54,1536.264
1382,2022-07-13 05:05:24,1536.264
1383,2022-07-13 05:07:02,1536.264
1384,2022-07-13 05:08:32,1536.264
1385,2022-07-13 05:10:02,1536.264
1386,2022-07-13 05:11:32,1536.264
1387,2022-07-13 05:13:03,1536.26
1388,2022-07-13 05:14:33,1536.264
1389,2022-07-13 05:16:03,1536.264
1390,2022-07-13 05:17:33,1536.264
1391,2022-07-13 05:19:03,1536.264
1392,2022-07-13 05:20:33,1536.264
1393,2022-07-13 05:22:04,1536.26
1394,2022-07-13 05:23:34,1536.264
1395,2022-07-13 05:25:05,1536.264
1396,2022-07-13 05:26:35,1536.264
1397,2022-07-13 05:28:05,1536.26
1398,2022-07-13 05:29:35,1536.26
1399,2022-07-13 05:31:05,1536.26
1400,2022-07-13 05:32:41,1536.26
1401,2022-07-13 05:34:12,1536.26
1402,2022-07-13 05:35:42,1536.26
1403,2022-07-13 05:37:12,1536.264
1404,2022-07-13 05:38:42,1536.26
1405,2022-07-13 05:40:12,1536.26
1406,2022-07-13 05:41:43,1536.26
1407,2022-07-13 05:43:13,1536.26
1408,2022-07-13 05:44:43,1536.264
1409,2022-07-13 05:46:17,1536.26
1410,2022-07-13 05:47:47,1536.26
1411,2022-07-13 05:49:17,1536.26
1412,2022-07-13 05:50:48,1536.26
1413,2022-07-13 05:52:18,1536.26
1414,2022-07-13 05:53:48,1536.26
1415,2022-07-13 05:55:19,1536.26
1416,2022-07-13 05:56:49,1536.26
1417,2022-07-13 05:58:19,1536.26
1418,2022-07-13 05:59:49,1536.26
1419,2022-07-13 06:01:20,1536.26
1420,2022-07-13 06:02:56,1536.26
1421,2022-07-13 06:04:26,1536.26
1422,2022-07-13 06:05:56,1536.26
1423,2022-07-13 06:07:26,1536.26
1424,2022-07-13 06:08:57,1536.26
1425,2022-07-13 06:10:27,1536.26
1426,2022-07-13 06:11:57,1536.256
1427,2022-07-13 06:13:27,1536.26
1428,2022-07-13 06:14:58,1536.26
1429,2022-07-13 06:16:28,1536.26
1430,2022-07-13 06:17:58,1536.256
1431,2022-07-13 06:19:28,1536.256
1432,2022-07-13 06:20:59,1536.26
1433,2022-07-13 06:22:29,1536.256
1434,2022-07-13 06:24:00,1536.256
1435,2022-07-13 06:25:30,1536.256
1436,2022-07-13 06:27:00,1536.256
1437,2022-07-13 06:28:30,1536.256
1438,2022-07-13 06:30:01,1536.256
1439,2022-07-13 06:31:31,1536.256
1440,2022-07-13 06:33:07,1536.256
1441,2022-07-13 06:34:37,1536.256
1442,2022-07-13 06:36:07,1536.256
1443,2022-07-13 06:37:37,1536.256
1444,2022-07-13 06:39:08,1536.256
1445,2022-07-13 06:40:38,1536.256
1446,2022-07-13 06:42:08,1536.256
1447,2022-07-13 06:43:39,1536.256
1448,2022-07-13 06:45:09,1536.256
1449,2022-07-13 06:46:39,1536.256
1450,2022-07-13 06:48:09,1536.256
1451,2022-07-13 06:49:40,1536.256
1452,2022-07-13 06:51:10,1536.256
1453,2022-07-13 06:52:40,1536.256
1454,2022-07-13 06:54:11,1536.256
1455,2022-07-13 06:55:44,1536.256
1456,2022-07-13 06:57:14,1536.256
1457,2022-07-13 06:58:52,1536.256
1458,2022-07-13 07:00:28,1536.256
1459,2022-07-13 07:01:58,1536.256
1460,2022-07-13 07:03:32,1536.256
1461,2022-07-13 07:05:02,1536.256
1462,2022-07-13 07:06:32,1536.252
1463,2022-07-13 07:08:07,1536.256
1464,2022-07-13 07:09:40,1536.256
1465,2022-07-13 07:11:10,1536.256
1466,2022-07-13 07:12:41,1536.256
1467,2022-07-13 07:14:11,1536.256
1468,2022-07-13 07:15:49,1536.256
1469,2022-07-13 07:17:19,1536.256
1470,2022-07-13 07:18:50,1536.252
1471,2022-07-13 07:20:20,1536.252
1472,2022-07-13 07:21:50,1536.252
1473,2022-07-13 07:23:28,1536.256
1474,2022-07-13 07:24:58,1536.256
1475,2022-07-13 07:26:29,1536.252
1476,2022-07-13 07:28:02,1536.252
1477,2022-07-13 07:29:32,1536.252
1478,2022-07-13 07:31:03,1536.252
1479,2022-07-13 07:32:40,1536.252
1480,2022-07-13 07:34:11,1536.252
1481,2022-07-13 07:35:45,1536.252
1482,2022-07-13 07:37:15,1536.252
1483,2022-07-13 07:38:45,1536.252
1484,2022-07-13 07:40:19,1536.252
1485,2022-07-13 07:41:49,1536.268
1486,2022-07-13 07:43:20,1536.272
1487,2022-07-13 07:44:50,1536.272
1488,2022-07-13 07:46:20,1536.268
1489,2022-07-13 07:47:58,1536.268
1490,2022-07-13 07:49:31,1536.268
1491,2022-07-13 07:51:01,1536.268
